Workbook
Name edge_pp: RESULTS!$LV$110
Name ens1NumVoters: RESULTS!$LS$2
Name ens1VoteAgreement: RESULTS!$LV$102
Name FWinThresh: #REF!
Name hWin_Thresh: #REF!
Name HWinThresh: RESULTS!$LV$100
Name kellyFraction: RESULTS!$LV$108
Name MODELPRICE_MAX: RESULTS!$LV$105
Name MODELPRICE_MIN: RESULTS!$LV$104
Name NumGames: RESULTS!$D$3
Name OLE_LINK1: Version_Hist.!#REF!
Name OPL_MAX: RESULTS!$LV$99
Name OPL_MIN: RESULTS!$LV$98
Name OPT_MAX: RESULTS!#REF!
Name OPT_MIN: RESULTS!#REF!
Name stakeMode: RESULTS!$LV$107

Sheet Version_Hist.
A1: Version | B1: Description
A2: V1 | B2: Initial version. Note the 31 trees were trained with "noisy data" due to NAN but predictions unimpacted when evaluated on clean data. Cent_gap bug corrected!
A3: V2 | B3: Probability is now based on ALL models, not just those that agree with majority vote; Flat and Kelly stake mode added; Prices de-vigged; gap in prob not cents
B4: Current invest/return logic is correct but it's welded to a fixed 1-unit-ish stake expressed in cents. The clean way to generalise to Flat and Kelly is to separate the stake from the payout odds. Right now those two are tangled together in your "invest 108 / 102 / 100" cents. Pull them apart into two quantities per game: Stake — how much you risk. This is what the staking mode decides. Payout multiple (b) — how much you win per unit staked if the bet lands. This comes only from the price you're betting, nothing to do with staking mode. Once they're separate, every staking mode is just "compute a stake, multiply through the same payout." You stop having mode-specific invest/return formulas.

Sheet RESULTS
A1: OUTSAMPLE SUMMARY STATS | J1: TEAMS & BOOKIE CLINES | Z1: DATA-BASED HOME PRICES | AD1: OUTCOME | AN1: M1 | AO1: V 119_LineAndStats | AS1: RESULTS DETAIL | AX1: $HF | AZ1: $VD | BB1: $VF | BD1: $HD | BG1: M2 | BH1: V 119_LineAndStats | BL1: RESULTS DETAIL | BQ1: $HF | BS1: $VD | BU1: $VF | BW1: $HD | BZ1: M3 | CA1: V 119_LineAndStats | CE1: RESULTS DETAIL | CJ1: $HF | CL1: $VD | CN1: $VF | CP1: $HD | CS1: M4 | CT1: V 119_LineAndStats | CX1: RESULTS DETAIL | DC1: $HF | DE1: $VD | DG1: $VF | DI1: $HD | DL1: M5 | DM1: V 119_LineAndStats | DQ1: RESULTS DETAIL | DV1: $HF | DX1: $VD | DZ1: $VF | EB1: $HD | EE1: M6 | EF1: V 119_LineAndStats | EJ1: RESULTS DETAIL | EO1: $HF | EQ1: $VD | ES1: $VF | EU1: $HD | EX1: M7 | EY1: V 119_LineAndStats | FC1: RESULTS DETAIL | FH1: $HF | FJ1: $VD | FL1: $VF | FN1: $HD | FQ1: M8 | FR1: V 119_LineAndStats | FV1: RESULTS DETAIL | GA1: $HF | GC1: $VD | GE1: $VF | GG1: $HD | GJ1: M9 | GK1: V 119_LineAndStats | GO1: RESULTS DETAIL | GT1: $HF | GV1: $VD | GX1: $VF | GZ1: $HD | HC1: M10 | HD1: V 119_LineAndStats | HH1: RESULTS DETAIL | HM1: $HF | HO1: $VD | HQ1: $VF | HS1: $HD | HV1: M11 | HW1: V 119_LineAndStats | IA1: RESULTS DETAIL | IF1: $HF | IH1: $VD | IJ1: $VF | IL1: $HD | IO1: M12 | IP1: V 119_LineAndStats | IT1: RESULTS DETAIL | IY1: $HF | JA1: $VD | JC1: $VF | JE1: $HD | JH1: M13 | JI1: V 119_LineAndStats | JM1: RESULTS DETAIL | JR1: $HF | JT1: $VD | JV1: $VF | JX1: $HD | KA1: M14 | KB1: V 119_LineAndStats | KF1: RESULTS DETAIL | KK1: $HF | KM1: $VD | KO1: $VF | KQ1: $HD | KT1: M15 | KU1: V 119_LineAndStats | KY1: RESULTS DETAIL | LD1: $HF | LF1: $VD | LH1: $VF | LJ1: $HD | LO1: ENS#1 | LP1: =AO1 -> V 119_LineAndStats | LS1: #NUM_Voters | LT1: RESULTS DETAIL | LZ1: Avg of Voters Agreeing | MF1: $HF | MH1: $VD | MJ1: $VF | ML1: $HD | MO1: PLAY STAKE/PAYOUT | MS1: PROFIT/LOSS | MX1: Voter H_Win Probabilities
F2: GAME ID | G2: SEASON | H2: MONTHWEEK | I2: DATE | J2: V# | K2: V | L2: V_BML | M2: V_BPL | N2: V_BPL_deVIG | O2: V_BML_deVIG | P2: H# | Q2: H | R2: PARK_IF | S2: H_BML | T2: H_BPL | U2: H_BPL_deVIG | V2: H_BML_deVIG | W2: H_FAVE? | X2: CLT | Y2: CLT_BML | Z2: OFF_MOBSTRGTH20G | AA2: OFF_BOYSPROG | AB2: DEF_SPSOIMPACT | AC2: DEF_BOYSPROG | AD2: V_RUN | AE2: H_RUN | AF2: ABSRUNDIFFCATEG | AG2: H_WIN? | AH2: F_WIN | AI2: WINPOS | AJ2: TOTAL | AK2: IS_OVER_CLT? | AN2: RESULTS SUMMARY | AR2: H Price | AS2: P(H Win) | AT2: Position | AU2: Model_H_Price | AV2: ABS Price | AW2: Win? | AX2: Ret. | AY2: Inv. | AZ2: Ret. | BA2: Inv. | BB2: Ret. | BC2: Inv. | BD2: Ret. | BE2: Inv. | BG2: RESULTS SUMMARY | BK2: H Price | BL2: P(H Win) | BM2: Position | BN2: Model_H_Price | BO2: ABS Price | BP2: Win? | BQ2: Ret. | BR2: Inv. | BS2: Ret. | BT2: Inv. | BU2: Ret. | BV2: Inv. | BW2: Ret. | BX2: Inv. | BZ2: RESULTS SUMMARY | CD2: H Price | CE2: P(H Win) | CF2: Position | CG2: Model_H_Price | CH2: ABS Price | CI2: Win? | CJ2: Ret. | CK2: Inv. | CL2: Ret. | CM2: Inv. | CN2: Ret. | CO2: Inv. | CP2: Ret. | CQ2: Inv. | CS2: RESULTS SUMMARY | CW2: H Price | CX2: P(H Win) | CY2: Position | CZ2: Model_H_Price | DA2: ABS Price | DB2: Win? | DC2: Ret. | DD2: Inv. | DE2: Ret. | DF2: Inv. | DG2: Ret. | DH2: Inv. | DI2: Ret. | DJ2: Inv. | DL2: RESULTS SUMMARY | DP2: H Price | DQ2: P(H Win) | DR2: Position | DS2: Model_H_Price | DT2: ABS Price | DU2: Win? | DV2: Ret. | DW2: Inv. | DX2: Ret. | DY2: Inv. | DZ2: Ret. | EA2: Inv. | EB2: Ret. | EC2: Inv. | EE2: RESULTS SUMMARY | EI2: H Price | EJ2: P(H Win) | EK2: Position | EL2: Model_H_Price | EM2: ABS Price | EN2: Win? | EO2: Ret. | EP2: Inv. | EQ2: Ret. | ER2: Inv. | ES2: Ret. | ET2: Inv. | EU2: Ret. | EV2: Inv. | EX2: RESULTS SUMMARY | FB2: H Price | FC2: P(H Win) | FD2: Position | FE2: Model_H_Price | FF2: ABS Price | FG2: Win? | FH2: Ret. | FI2: Inv. | FJ2: Ret. | FK2: Inv. | FL2: Ret. | FM2: Inv. | FN2: Ret. | FO2: Inv. | FQ2: RESULTS SUMMARY | FU2: H Price | FV2: P(H Win) | FW2: Position | FX2: Model_H_Price | FY2: ABS Price | FZ2: Win? | GA2: Ret. | GB2: Inv. | GC2: Ret. | GD2: Inv. | GE2: Ret. | GF2: Inv. | GG2: Ret. | GH2: Inv. | GJ2: RESULTS SUMMARY | GN2: H Price | GO2: P(H Win) | GP2: Position | GQ2: Model_H_Price | GR2: ABS Price | GS2: Win? | GT2: Ret. | GU2: Inv. | GV2: Ret. | GW2: Inv. | GX2: Ret. | GY2: Inv. | GZ2: Ret. | HA2: Inv. | HC2: RESULTS SUMMARY | HG2: H Price | HH2: P(H Win) | HI2: Position | HJ2: Model_H_Price | HK2: ABS Price | HL2: Win? | HM2: Ret. | HN2: Inv. | HO2: Ret. | HP2: Inv. | HQ2: Ret. | HR2: Inv. | HS2: Ret. | HT2: Inv. | HV2: RESULTS SUMMARY | HZ2: H Price | IA2: P(H Win) | IB2: Position | IC2: Model_H_Price | ID2: ABS Price | IE2: Win? | IF2: Ret. | IG2: Inv. | IH2: Ret. | II2: Inv. | IJ2: Ret. | IK2: Inv. | IL2: Ret. | IM2: Inv. | IO2: RESULTS SUMMARY | IS2: H Price | IT2: P(H Win) | IU2: Position | IV2: Model_H_Price | IW2: ABS Price | IX2: Win? | IY2: Ret. | IZ2: Inv. | JA2: Ret. | JB2: Inv. | JC2: Ret. | JD2: Inv. | JE2: Ret. | JF2: Inv. | JH2: RESULTS SUMMARY | JL2: H Price | JM2: P(H Win) | JN2: Position | JO2: Model_H_Price | JP2: ABS Price | JQ2: Win? | JR2: Ret. | JS2: Inv. | JT2: Ret. | JU2: Inv. | JV2: Ret. | JW2: Inv. | JX2: Ret. | JY2: Inv. | KA2: RESULTS SUMMARY | KE2: H Price | KF2: P(H Win) | KG2: Position | KH2: Model_H_Price | KI2: ABS Price | KJ2: Win? | KK2: Ret. | KL2: Inv. | KM2: Ret. | KN2: Inv. | KO2: Ret. | KP2: Inv. | KQ2: Ret. | KR2: Inv. | KT2: RESULTS SUMMARY | KX2: H Price | KY2: P(H Win) | KZ2: Position | LA2: Model_H_Price | LB2: ABS Price | LC2: Win? | LD2: Ret. | LE2: Inv. | LF2: Ret. | LG2: Inv. | LH2: Ret. | LI2: Inv. | LJ2: Ret. | LK2: Inv. | LN2: =IF(OR(XU3<MODELPRICE_MIN,XU3>MODELPRICE_MAX),"",IF(OR(XV3="VisFave",XV3=""),"",IF(XV3=$AI3,1,-1))) | LO2: RESULTS SUMMARY | LS2: =COUNTA(AN1,BG1,BZ1,CS1,DL1,EE1,EX1,FQ1,GJ1,HC1,HV1,IO1,JH1,KA1,KT1) -> 15 | LT2: Vote_HF | LU2: Vote_VD | LV2: Vote_VF | LW2: Vote_HD | LX2: InitialPOS | LY2: %VotersAgree | LZ2: AvgHProb | MA2: Edge | MB2: AvgHPrice | MC2: FinalPOS | MD2: WinVP&MPGate? | ME2: WinStakeGate? | MF2: Ret. | MG2: Inv. | MH2: Ret. | MI2: Inv. | MJ2: Ret. | MK2: Inv. | ML2: Ret. | MM2: Inv. | MO2: PayoutMulti | MP2: Stake | MS2: Inv | MT2: Ret | MU2: PROFIT | MV2: %ROI | MX2: V1 | MY2: V2 | MZ2: V3 | NA2: V4 | NB2: V5 | NC2: V6 | ND2: V7 | NE2: V8 | NF2: V9 | NG2: V10 | NH2: V11 | NI2: V12 | NJ2: V13 | NK2: V14 | NL2: V15 | NM2: AVG
C3: Num Games | D3: =COUNT(F3:F89) -> 87 | E3: =IF(AND(L3<0,S3<0),1,0) -> 0 | F3: 777623 | G3: =VLOOKUP($F3,Lookup_!$A$2:$AJ$2224,3,FALSE) -> 2025 | H3: =VLOOKUP($F3,Lookup_!$A$2:$AJ$2224,4,FALSE) -> 6.1 | I3: =VLOOKUP($F3,Lookup_!$A$2:$AJ$2224,2,FALSE) -> 45814 | J3: =VLOOKUP($F3,Lookup_!$A$2:$AJ$2224,13,FALSE) -> 1 | K3: =VLOOKUP(J3,Lookup_!$AO$3:$AP$32,2,FALSE) -> ARZ | L3: =VLOOKUP($F3,Lookup_!$A$2:$AJ$2224,14,FALSE) -> -109 | M3: =VLOOKUP($F3,Lookup_!$A$2:$AJ$2224,15,FALSE) -> 0.521531 | N3: =M3/($M3+$T3) -> 0.51178508 | O3: =IF(N3=0.5,100,IF(N3>0.5,N3/(1-N3)*-100, (1-N3)/N3*100)) -> -104.82782 | P3: =VLOOKUP($F3,Lookup_!$A$2:$AJ$2224,7,FALSE) -> 6 | Q3: =VLOOKUP(P3,Lookup_!$AO$3:$AP$32,2,FALSE) -> CIN | R3: =VLOOKUP($F3,Lookup_!$A$2:$AJ$2224,12,FALSE) -> 0.33320854 | S3: =VLOOKUP($F3,Lookup_!$A$2:$AJ$2224,8,FALSE) -> 101 | T3: =VLOOKUP($F3,Lookup_!$A$2:$AJ$2224,9,FALSE) -> 0.497512 | U3: =T3/($M3+$T3) -> 0.48821492 | V3: =IF(U3=0.5,100,IF(U3>0.5,U3/(1-U3)*-100, (1-U3)/U3*100)) -> 104.82782 | W3: =IF(S3<L3,1,-1) -> -1 | X3: =VLOOKUP($F3,Lookup_!$A$2:$AJ$2224,5,FALSE) -> 9.5 | Y3: =VLOOKUP($F3,Lookup_!$A$2:$AJ$2224,6,FALSE) -> 108.5 | Z3: =VLOOKUP($F3,Lookup_!$A$2:$AJ$2224,19,FALSE) -> 102.17965 | AA3: =VLOOKUP($F3,Lookup_!$A$2:$AJ$2224,25,FALSE) -> 124.98706 | AB3: =VLOOKUP($F3,Lookup_!$A$2:$AJ$2224,21,FALSE) -> -100.73618 | AC3: =VLOOKUP($F3,Lookup_!$A$2:$AJ$2224,23,FALSE) -> -105.18755 | AD3: =VLOOKUP($F3,Lookup_!$A$2:$AJ$2224,31,FALSE) -> 3 | AE3: =VLOOKUP($F3,Lookup_!$A$2:$AJ$2224,30,FALSE) -> 4 | AF3: =VLOOKUP($F3,Lookup_!$A$2:$AJ$2224,32,FALSE) -> LTE1 | AG3: =VLOOKUP($F3,Lookup_!$A$2:$AJ$2224,29,FALSE) -> 1 | AH3: =VLOOKUP($F3,Lookup_!$A$2:$AJ$2224,34,FALSE) -> -1 | AI3: =VLOOKUP($F3,Lookup_!$A$2:$AJ$2224,33,FALSE) -> HomDog | AJ3: =VLOOKUP($F3,Lookup_!$A$2:$AJ$2224,35,FALSE) -> 7 | AK3: =VLOOKUP($F3,Lookup_!$A$2:$AJ$2224,36,FALSE) -> -1 | AL3: =ABS(AD3-AE3) -> 1 | AM3: =ABS(AL3) -> 1 | AR3: =$S3 -> 101 | AS3: =IF(OR($S3<OPL_MIN,$S3>OPL_MAX),"",VLOOKUP($F3,CleanseResults!$L$3:$P$1772,5,FALSE)) -> 0.49 | AT3: =IF(AS3="","",IF($W3=1,IF(AS3>=HWinThresh,"HomFave","VisDog"),IF(AS3<HWinThresh,"VisFave","HomDog"))) -> VisFave | AU3: =IF(AT3="","",IF(AS3=0.5,100,IF($W3=1,IF(AS3>0.5,AS3/(1-AS3)*-100, (1-AS3)/AS3*100),IF(AS3>0.5,(1-(1-AS3))/(1-AS3)*100,(1-AS3)/(1-(1-AS3))*-100)))) -> -104.08163 | AV3: =IF(AU3="","",ABS(AU3)) -> 104.08163 | AW3: =IF(AV3="","",IF(AT3=$AI3,1,-1)) -> -1 | AX3: =IF(OR(AW3="",AT3<>"HomFave"),"",IF(AW3=1,100+AY3,0)) | AY3: =IF(OR(AW3="",AT3<>"HomFave"),"",ABS($S3)) | AZ3: =IF(OR(AT3<>"VisDog",AW3=""),"",IF(AW3=1,IF($L3<0,100+BA3,ABS($L3)+BA3),0)) | BA3: =IF(OR(AW3="",AT3<>"VisDog"),"",IF($L3<0,ABS($L3),100)) | BB3: =IF(OR(AW3="",AT3<>"VisFave"),"",IF(AW3=1,100+BC3,0)) -> 0 | BC3: =IF(OR(AW3="",AT3<>"VisFave"),"",ABS($L3)) -> 109 | BD3: =IF(OR(AT3<>"HomDog",AW3=""),"",IF(AW3=1,IF($S3<0,100+BE3,ABS($S3)+BE3),0)) | BE3: =IF(OR(AW3="",AT3<>"HomDog"),"",IF($S3<0,ABS($S3),100)) | BK3: =$S3 -> 101 | BL3: =IF(OR($S3<OPL_MIN,$S3>OPL_MAX),"",VLOOKUP($F3,CleanseResults!$AA$3:$AE$1772,5,FALSE)) -> 0.51 | BM3: =IF(BL3="","",IF($W3=1,IF(BL3>=HWinThresh,"HomFave","VisDog"),IF(BL3<HWinThresh,"VisFave","HomDog"))) -> HomDog | BN3: =IF(BM3="","",IF(BL3=0.5,100,IF($W3=1,IF(BL3>0.5,BL3/(1-BL3)*-100, (1-BL3)/BL3*100),IF(BL3>0.5,(1-(1-BL3))/(1-BL3)*100,(1-BL3)/(1-(1-BL3))*-100)))) -> 104.08163 | BO3: =IF(BN3="","",ABS(BN3)) -> 104.08163 | BP3: =IF(BO3="","",IF(BM3=$AI3,1,-1)) -> 1 | BQ3: =IF(OR(BP3="",BM3<>"HomFave"),"",IF(BP3=1,100+BR3,0)) | BR3: =IF(OR(BP3="",BM3<>"HomFave"),"",ABS($S3)) | BS3: =IF(OR(BM3<>"VisDog",BP3=""),"",IF(BP3=1,IF($L3<0,100+BT3,ABS($L3)+BT3),0)) | BT3: =IF(OR(BP3="",BM3<>"VisDog"),"",IF($L3<0,ABS($L3),100)) | BU3: =IF(OR(BP3="",BM3<>"VisFave"),"",IF(BP3=1,100+BV3,0)) | BV3: =IF(OR(BP3="",BM3<>"VisFave"),"",ABS($L3)) | BW3: =IF(OR(BM3<>"HomDog",BP3=""),"",IF(BP3=1,IF($S3<0,100+BX3,ABS($S3)+BX3),0)) -> 201 | BX3: =IF(OR(BP3="",BM3<>"HomDog"),"",IF($S3<0,ABS($S3),100)) -> 100 | CD3: =$S3 -> 101 | CE3: =IF(OR($S3<OPL_MIN,$S3>OPL_MAX),"",VLOOKUP($F3,CleanseResults!$AP$3:$AT$1772,5,FALSE)) -> 0.4 | CF3: =IF(CE3="","",IF($W3=1,IF(CE3>=HWinThresh,"HomFave","VisDog"),IF(CE3<HWinThresh,"VisFave","HomDog"))) -> VisFave | CG3: =IF(CF3="","",IF(CE3=0.5,100,IF($W3=1,IF(CE3>0.5,CE3/(1-CE3)*-100, (1-CE3)/CE3*100),IF(CE3>0.5,(1-(1-CE3))/(1-CE3)*100,(1-CE3)/(1-(1-CE3))*-100)))) -> -150 | CH3: =IF(CG3="","",ABS(CG3)) -> 150 | CI3: =IF(CH3="","",IF(CF3=$AI3,1,-1)) -> -1 | CJ3: =IF(OR(CI3="",CF3<>"HomFave"),"",IF(CI3=1,100+CK3,0)) | CK3: =IF(OR(CI3="",CF3<>"HomFave"),"",ABS($S3)) | CL3: =IF(OR(CF3<>"VisDog",CI3=""),"",IF(CI3=1,IF($L3<0,100+CM3,ABS($L3)+CM3),0)) | CM3: =IF(OR(CI3="",CF3<>"VisDog"),"",IF($L3<0,ABS($L3),100)) | CN3: =IF(OR(CI3="",CF3<>"VisFave"),"",IF(CI3=1,100+CO3,0)) -> 0 | CO3: =IF(OR(CI3="",CF3<>"VisFave"),"",ABS($L3)) -> 109 | CP3: =IF(OR(CF3<>"HomDog",CI3=""),"",IF(CI3=1,IF($S3<0,100+CQ3,ABS($S3)+CQ3),0)) | CQ3: =IF(OR(CI3="",CF3<>"HomDog"),"",IF($S3<0,ABS($S3),100)) | CW3: =$S3 -> 101 | CX3: =IF(OR($S3<OPL_MIN,$S3>OPL_MAX),"",VLOOKUP($F3,CleanseResults!$BE$3:$BI$1772,5,FALSE)) -> 0.52 | CY3: =IF(CX3="","",IF($W3=1,IF(CX3>=HWinThresh,"HomFave","VisDog"),IF(CX3<HWinThresh,"VisFave","HomDog"))) -> HomDog | CZ3: =IF(CY3="","",IF(CX3=0.5,100,IF($W3=1,IF(CX3>0.5,CX3/(1-CX3)*-100, (1-CX3)/CX3*100),IF(CX3>0.5,(1-(1-CX3))/(1-CX3)*100,(1-CX3)/(1-(1-CX3))*-100)))) -> 108.33333 | DA3: =IF(CZ3="","",ABS(CZ3)) -> 108.33333 | DB3: =IF(DA3="","",IF(CY3=$AI3,1,-1)) -> 1 | DC3: =IF(OR(DB3="",CY3<>"HomFave"),"",IF(DB3=1,100+DD3,0)) | DD3: =IF(OR(DB3="",CY3<>"HomFave"),"",ABS($S3)) | DE3: =IF(OR(CY3<>"VisDog",DB3=""),"",IF(DB3=1,IF($L3<0,100+DF3,ABS($L3)+DF3),0)) | DF3: =IF(OR(DB3="",CY3<>"VisDog"),"",IF($L3<0,ABS($L3),100)) | DG3: =IF(OR(DB3="",CY3<>"VisFave"),"",IF(DB3=1,100+DH3,0)) | DH3: =IF(OR(DB3="",CY3<>"VisFave"),"",ABS($L3)) | DI3: =IF(OR(CY3<>"HomDog",DB3=""),"",IF(DB3=1,IF($S3<0,100+DJ3,ABS($S3)+DJ3),0)) -> 201 | DJ3: =IF(OR(DB3="",CY3<>"HomDog"),"",IF($S3<0,ABS($S3),100)) -> 100 | DP3: =$S3 -> 101 | DQ3: =IF(OR($S3<OPL_MIN,$S3>OPL_MAX),"",VLOOKUP($F3,CleanseResults!$BT$3:$BX$1772,5,FALSE)) -> 0.26 | DR3: =IF(DQ3="","",IF($W3=1,IF(DQ3>=HWinThresh,"HomFave","VisDog"),IF(DQ3<HWinThresh,"VisFave","HomDog"))) -> VisFave | DS3: =IF(DR3="","",IF(DQ3=0.5,100,IF($W3=1,IF(DQ3>0.5,DQ3/(1-DQ3)*-100, (1-DQ3)/DQ3*100),IF(DQ3>0.5,(1-(1-DQ3))/(1-DQ3)*100,(1-DQ3)/(1-(1-DQ3))*-100)))) -> -284.61538 | DT3: =IF(DS3="","",ABS(DS3)) -> 284.61538 | DU3: =IF(DT3="","",IF(DR3=$AI3,1,-1)) -> -1 | DV3: =IF(OR(DU3="",DR3<>"HomFave"),"",IF(DU3=1,100+DW3,0)) | DW3: =IF(OR(DU3="",DR3<>"HomFave"),"",ABS($S3)) | DX3: =IF(OR(DR3<>"VisDog",DU3=""),"",IF(DU3=1,IF($L3<0,100+DY3,ABS($L3)+DY3),0)) | DY3: =IF(OR(DU3="",DR3<>"VisDog"),"",IF($L3<0,ABS($L3),100)) | DZ3: =IF(OR(DU3="",DR3<>"VisFave"),"",IF(DU3=1,100+EA3,0)) -> 0 | EA3: =IF(OR(DU3="",DR3<>"VisFave"),"",ABS($L3)) -> 109 | EB3: =IF(OR(DR3<>"HomDog",DU3=""),"",IF(DU3=1,IF($S3<0,100+EC3,ABS($S3)+EC3),0)) | EC3: =IF(OR(DU3="",DR3<>"HomDog"),"",IF($S3<0,ABS($S3),100)) | EI3: =$S3 -> 101 | EJ3: =IF(OR($S3<OPL_MIN,$S3>OPL_MAX),"",VLOOKUP($F3,CleanseResults!$CI$3:$CM$1772,5,FALSE)) -> 0.41 | EK3: =IF(EJ3="","",IF($W3=1,IF(EJ3>=HWinThresh,"HomFave","VisDog"),IF(EJ3<HWinThresh,"VisFave","HomDog"))) -> VisFave | EL3: =IF(EK3="","",IF(EJ3=0.5,100,IF($W3=1,IF(EJ3>0.5,EJ3/(1-EJ3)*-100, (1-EJ3)/EJ3*100),IF(EJ3>0.5,(1-(1-EJ3))/(1-EJ3)*100,(1-EJ3)/(1-(1-EJ3))*-100)))) -> -143.90244 | EM3: =IF(EL3="","",ABS(EL3)) -> 143.90244 | EN3: =IF(EM3="","",IF(EK3=$AI3,1,-1)) -> -1 | EO3: =IF(OR(EN3="",EK3<>"HomFave"),"",IF(EN3=1,100+EP3,0)) | EP3: =IF(OR(EN3="",EK3<>"HomFave"),"",ABS($S3)) | EQ3: =IF(OR(EK3<>"VisDog",EN3=""),"",IF(EN3=1,IF($L3<0,100+ER3,ABS($L3)+ER3),0)) | ER3: =IF(OR(EN3="",EK3<>"VisDog"),"",IF($L3<0,ABS($L3),100)) | ES3: =IF(OR(EN3="",EK3<>"VisFave"),"",IF(EN3=1,100+ET3,0)) -> 0 | ET3: =IF(OR(EN3="",EK3<>"VisFave"),"",ABS($L3)) -> 109 | EU3: =IF(OR(EK3<>"HomDog",EN3=""),"",IF(EN3=1,IF($S3<0,100+EV3,ABS($S3)+EV3),0)) | EV3: =IF(OR(EN3="",EK3<>"HomDog"),"",IF($S3<0,ABS($S3),100)) | FB3: =$S3 -> 101 | FC3: =IF(OR($S3<OPL_MIN,$S3>OPL_MAX),"",VLOOKUP($F3,CleanseResults!$CX$3:$DB$1772,5,FALSE)) -> 0.46 | FD3: =IF(FC3="","",IF($W3=1,IF(FC3>=HWinThresh,"HomFave","VisDog"),IF(FC3<HWinThresh,"VisFave","HomDog"))) -> VisFave | FE3: =IF(FD3="","",IF(FC3=0.5,100,IF($W3=1,IF(FC3>0.5,FC3/(1-FC3)*-100, (1-FC3)/FC3*100),IF(FC3>0.5,(1-(1-FC3))/(1-FC3)*100,(1-FC3)/(1-(1-FC3))*-100)))) -> -117.3913 | FF3: =IF(FE3="","",ABS(FE3)) -> 117.3913 | FG3: =IF(FF3="","",IF(FD3=$AI3,1,-1)) -> -1 | FH3: =IF(OR(FG3="",FD3<>"HomFave"),"",IF(FG3=1,100+FI3,0)) | FI3: =IF(OR(FG3="",FD3<>"HomFave"),"",ABS($S3)) | FJ3: =IF(OR(FD3<>"VisDog",FG3=""),"",IF(FG3=1,IF($L3<0,100+FK3,ABS($L3)+FK3),0)) | FK3: =IF(OR(FG3="",FD3<>"VisDog"),"",IF($L3<0,ABS($L3),100)) | FL3: =IF(OR(FG3="",FD3<>"VisFave"),"",IF(FG3=1,100+FM3,0)) -> 0 | FM3: =IF(OR(FG3="",FD3<>"VisFave"),"",ABS($L3)) -> 109 | FN3: =IF(OR(FD3<>"HomDog",FG3=""),"",IF(FG3=1,IF($S3<0,100+FO3,ABS($S3)+FO3),0)) | FO3: =IF(OR(FG3="",FD3<>"HomDog"),"",IF($S3<0,ABS($S3),100)) | FU3: =$S3 -> 101 | FV3: =IF(OR($S3<OPL_MIN,$S3>OPL_MAX),"",VLOOKUP($F3,CleanseResults!$DM$3:$DQ$1772,5,FALSE)) -> 0.42 | FW3: =IF(FV3="","",IF($W3=1,IF(FV3>=HWinThresh,"HomFave","VisDog"),IF(FV3<HWinThresh,"VisFave","HomDog"))) -> VisFave | FX3: =IF(FW3="","",IF(FV3=0.5,100,IF($W3=1,IF(FV3>0.5,FV3/(1-FV3)*-100, (1-FV3)/FV3*100),IF(FV3>0.5,(1-(1-FV3))/(1-FV3)*100,(1-FV3)/(1-(1-FV3))*-100)))) -> -138.09524 | FY3: =IF(FX3="","",ABS(FX3)) -> 138.09524 | FZ3: =IF(FY3="","",IF(FW3=$AI3,1,-1)) -> -1 | GA3: =IF(OR(FZ3="",FW3<>"HomFave"),"",IF(FZ3=1,100+GB3,0)) | GB3: =IF(OR(FZ3="",FW3<>"HomFave"),"",ABS($S3)) | GC3: =IF(OR(FW3<>"VisDog",FZ3=""),"",IF(FZ3=1,IF($L3<0,100+GD3,ABS($L3)+GD3),0)) | GD3: =IF(OR(FZ3="",FW3<>"VisDog"),"",IF($L3<0,ABS($L3),100)) | GE3: =IF(OR(FZ3="",FW3<>"VisFave"),"",IF(FZ3=1,100+GF3,0)) -> 0 | GF3: =IF(OR(FZ3="",FW3<>"VisFave"),"",ABS($L3)) -> 109 | GG3: =IF(OR(FW3<>"HomDog",FZ3=""),"",IF(FZ3=1,IF($S3<0,100+GH3,ABS($S3)+GH3),0)) | GH3: =IF(OR(FZ3="",FW3<>"HomDog"),"",IF($S3<0,ABS($S3),100)) | GN3: =$S3 -> 101 | GO3: =IF(OR($S3<OPL_MIN,$S3>OPL_MAX),"",VLOOKUP($F3,CleanseResults!$EB$3:$EF$1772,5,FALSE)) -> 0.46 | GP3: =IF(GO3="","",IF($W3=1,IF(GO3>=HWinThresh,"HomFave","VisDog"),IF(GO3<HWinThresh,"VisFave","HomDog"))) -> VisFave | GQ3: =IF(GP3="","",IF(GO3=0.5,100,IF($W3=1,IF(GO3>0.5,GO3/(1-GO3)*-100, (1-GO3)/GO3*100),IF(GO3>0.5,(1-(1-GO3))/(1-GO3)*100,(1-GO3)/(1-(1-GO3))*-100)))) -> -117.3913 | GR3: =IF(GQ3="","",ABS(GQ3)) -> 117.3913 | GS3: =IF(GR3="","",IF(GP3=$AI3,1,-1)) -> -1 | GT3: =IF(OR(GS3="",GP3<>"HomFave"),"",IF(GS3=1,100+GU3,0)) | GU3: =IF(OR(GS3="",GP3<>"HomFave"),"",ABS($S3)) | GV3: =IF(OR(GP3<>"VisDog",GS3=""),"",IF(GS3=1,IF($L3<0,100+GW3,ABS($L3)+GW3),0)) | GW3: =IF(OR(GS3="",GP3<>"VisDog"),"",IF($L3<0,ABS($L3),100)) | GX3: =IF(OR(GS3="",GP3<>"VisFave"),"",IF(GS3=1,100+GY3,0)) -> 0 | GY3: =IF(OR(GS3="",GP3<>"VisFave"),"",ABS($L3)) -> 109 | GZ3: =IF(OR(GP3<>"HomDog",GS3=""),"",IF(GS3=1,IF($S3<0,100+HA3,ABS($S3)+HA3),0)) | HA3: =IF(OR(GS3="",GP3<>"HomDog"),"",IF($S3<0,ABS($S3),100)) | HG3: =$S3 -> 101 | HH3: =IF(OR($S3<OPL_MIN,$S3>OPL_MAX),"",VLOOKUP($F3,CleanseResults!$EQ$3:$EU$1772,5,FALSE)) -> 0.46 | HI3: =IF(HH3="","",IF($W3=1,IF(HH3>=HWinThresh,"HomFave","VisDog"),IF(HH3<HWinThresh,"VisFave","HomDog"))) -> VisFave | HJ3: =IF(HI3="","",IF(HH3=0.5,100,IF($W3=1,IF(HH3>0.5,HH3/(1-HH3)*-100, (1-HH3)/HH3*100),IF(HH3>0.5,(1-(1-HH3))/(1-HH3)*100,(1-HH3)/(1-(1-HH3))*-100)))) -> -117.3913 | HK3: =IF(HJ3="","",ABS(HJ3)) -> 117.3913 | HL3: =IF(HK3="","",IF(HI3=$AI3,1,-1)) -> -1 | HM3: =IF(OR(HL3="",HI3<>"HomFave"),"",IF(HL3=1,100+HN3,0)) | HN3: =IF(OR(HL3="",HI3<>"HomFave"),"",ABS($S3)) | HO3: =IF(OR(HI3<>"VisDog",HL3=""),"",IF(HL3=1,IF($L3<0,100+HP3,ABS($L3)+HP3),0)) | HP3: =IF(OR(HL3="",HI3<>"VisDog"),"",IF($L3<0,ABS($L3),100)) | HQ3: =IF(OR(HL3="",HI3<>"VisFave"),"",IF(HL3=1,100+HR3,0)) -> 0 | HR3: =IF(OR(HL3="",HI3<>"VisFave"),"",ABS($L3)) -> 109 | HS3: =IF(OR(HI3<>"HomDog",HL3=""),"",IF(HL3=1,IF($S3<0,100+HT3,ABS($S3)+HT3),0)) | HT3: =IF(OR(HL3="",HI3<>"HomDog"),"",IF($S3<0,ABS($S3),100)) | HZ3: =$S3 -> 101 | IA3: =IF(OR($S3<OPL_MIN,$S3>OPL_MAX),"",VLOOKUP($F3,CleanseResults!$FF$3:$FJ$1772,5,FALSE)) -> 0.49 | IB3: =IF(IA3="","",IF($W3=1,IF(IA3>=HWinThresh,"HomFave","VisDog"),IF(IA3<HWinThresh,"VisFave","HomDog"))) -> VisFave | IC3: =IF(IB3="","",IF(IA3=0.5,100,IF($W3=1,IF(IA3>0.5,IA3/(1-IA3)*-100, (1-IA3)/IA3*100),IF(IA3>0.5,(1-(1-IA3))/(1-IA3)*100,(1-IA3)/(1-(1-IA3))*-100)))) -> -104.08163 | ID3: =IF(IC3="","",ABS(IC3)) -> 104.08163 | IE3: =IF(ID3="","",IF(IB3=$AI3,1,-1)) -> -1 | IF3: =IF(OR(IE3="",IB3<>"HomFave"),"",IF(IE3=1,100+IG3,0)) | IG3: =IF(OR(IE3="",IB3<>"HomFave"),"",ABS($S3)) | IH3: =IF(OR(IB3<>"VisDog",IE3=""),"",IF(IE3=1,IF($L3<0,100+II3,ABS($L3)+II3),0)) | II3: =IF(OR(IE3="",IB3<>"VisDog"),"",IF($L3<0,ABS($L3),100)) | IJ3: =IF(OR(IE3="",IB3<>"VisFave"),"",IF(IE3=1,100+IK3,0)) -> 0 | IK3: =IF(OR(IE3="",IB3<>"VisFave"),"",ABS($L3)) -> 109 | IL3: =IF(OR(IB3<>"HomDog",IE3=""),"",IF(IE3=1,IF($S3<0,100+IM3,ABS($S3)+IM3),0)) | IM3: =IF(OR(IE3="",IB3<>"HomDog"),"",IF($S3<0,ABS($S3),100)) | IS3: =$S3 -> 101 | IT3: =IF(OR($S3<OPL_MIN,$S3>OPL_MAX),"",VLOOKUP($F3,CleanseResults!$FU$3:$FY$1772,5,FALSE)) -> 0.47 | IU3: =IF(IT3="","",IF($W3=1,IF(IT3>=HWinThresh,"HomFave","VisDog"),IF(IT3<HWinThresh,"VisFave","HomDog"))) -> VisFave | IV3: =IF(IU3="","",IF(IT3=0.5,100,IF($W3=1,IF(IT3>0.5,IT3/(1-IT3)*-100, (1-IT3)/IT3*100),IF(IT3>0.5,(1-(1-IT3))/(1-IT3)*100,(1-IT3)/(1-(1-IT3))*-100)))) -> -112.76596 | IW3: =IF(IV3="","",ABS(IV3)) -> 112.76596 | IX3: =IF(IW3="","",IF(IU3=$AI3,1,-1)) -> -1 | IY3: =IF(OR(IX3="",IU3<>"HomFave"),"",IF(IX3=1,100+IZ3,0)) | IZ3: =IF(OR(IX3="",IU3<>"HomFave"),"",ABS($S3)) | JA3: =IF(OR(IU3<>"VisDog",IX3=""),"",IF(IX3=1,IF($L3<0,100+JB3,ABS($L3)+JB3),0)) | JB3: =IF(OR(IX3="",IU3<>"VisDog"),"",IF($L3<0,ABS($L3),100)) | JC3: =IF(OR(IX3="",IU3<>"VisFave"),"",IF(IX3=1,100+JD3,0)) -> 0 | JD3: =IF(OR(IX3="",IU3<>"VisFave"),"",ABS($L3)) -> 109 | JE3: =IF(OR(IU3<>"HomDog",IX3=""),"",IF(IX3=1,IF($S3<0,100+JF3,ABS($S3)+JF3),0)) | JF3: =IF(OR(IX3="",IU3<>"HomDog"),"",IF($S3<0,ABS($S3),100)) | JL3: =$S3 -> 101 | JM3: =IF(OR($S3<OPL_MIN,$S3>OPL_MAX),"",VLOOKUP($F3,CleanseResults!$GJ$3:$GN$1772,5,FALSE)) -> 0.44 | JN3: =IF(JM3="","",IF($W3=1,IF(JM3>=HWinThresh,"HomFave","VisDog"),IF(JM3<HWinThresh,"VisFave","HomDog"))) -> VisFave | JO3: =IF(JN3="","",IF(JM3=0.5,100,IF($W3=1,IF(JM3>0.5,JM3/(1-JM3)*-100, (1-JM3)/JM3*100),IF(JM3>0.5,(1-(1-JM3))/(1-JM3)*100,(1-JM3)/(1-(1-JM3))*-100)))) -> -127.27273 | JP3: =IF(JO3="","",ABS(JO3)) -> 127.27273 | JQ3: =IF(JP3="","",IF(JN3=$AI3,1,-1)) -> -1 | JR3: =IF(OR(JQ3="",JN3<>"HomFave"),"",IF(JQ3=1,100+JS3,0)) | JS3: =IF(OR(JQ3="",JN3<>"HomFave"),"",ABS($S3)) | JT3: =IF(OR(JN3<>"VisDog",JQ3=""),"",IF(JQ3=1,IF($L3<0,100+JU3,ABS($L3)+JU3),0)) | JU3: =IF(OR(JQ3="",JN3<>"VisDog"),"",IF($L3<0,ABS($L3),100)) | JV3: =IF(OR(JQ3="",JN3<>"VisFave"),"",IF(JQ3=1,100+JW3,0)) -> 0 | JW3: =IF(OR(JQ3="",JN3<>"VisFave"),"",ABS($L3)) -> 109 | JX3: =IF(OR(JN3<>"HomDog",JQ3=""),"",IF(JQ3=1,IF($S3<0,100+JY3,ABS($S3)+JY3),0)) | JY3: =IF(OR(JQ3="",JN3<>"HomDog"),"",IF($S3<0,ABS($S3),100)) | KE3: =$S3 -> 101 | KF3: =IF(OR($S3<OPL_MIN,$S3>OPL_MAX),"",VLOOKUP($F3,CleanseResults!$GY$3:$HC$1772,5,FALSE)) -> 0.43 | KG3: =IF(KF3="","",IF($W3=1,IF(KF3>=HWinThresh,"HomFave","VisDog"),IF(KF3<HWinThresh,"VisFave","HomDog"))) -> VisFave | KH3: =IF(KG3="","",IF(KF3=0.5,100,IF($W3=1,IF(KF3>0.5,KF3/(1-KF3)*-100, (1-KF3)/KF3*100),IF(KF3>0.5,(1-(1-KF3))/(1-KF3)*100,(1-KF3)/(1-(1-KF3))*-100)))) -> -132.55814 | KI3: =IF(KH3="","",ABS(KH3)) -> 132.55814 | KJ3: =IF(KI3="","",IF(KG3=$AI3,1,-1)) -> -1 | KK3: =IF(OR(KJ3="",KG3<>"HomFave"),"",IF(KJ3=1,100+KL3,0)) | KL3: =IF(OR(KJ3="",KG3<>"HomFave"),"",ABS($S3)) | KM3: =IF(OR(KG3<>"VisDog",KJ3=""),"",IF(KJ3=1,IF($L3<0,100+KN3,ABS($L3)+KN3),0)) | KN3: =IF(OR(KJ3="",KG3<>"VisDog"),"",IF($L3<0,ABS($L3),100)) | KO3: =IF(OR(KJ3="",KG3<>"VisFave"),"",IF(KJ3=1,100+KP3,0)) -> 0 | KP3: =IF(OR(KJ3="",KG3<>"VisFave"),"",ABS($L3)) -> 109 | KQ3: =IF(OR(KG3<>"HomDog",KJ3=""),"",IF(KJ3=1,IF($S3<0,100+KR3,ABS($S3)+KR3),0)) | KR3: =IF(OR(KJ3="",KG3<>"HomDog"),"",IF($S3<0,ABS($S3),100)) | KX3: =$S3 -> 101 | KY3: =IF(OR($S3<OPL_MIN,$S3>OPL_MAX),"",VLOOKUP($F3,CleanseResults!$HN$3:$HR$1772,5,FALSE)) -> 0.46 | KZ3: =IF(KY3="","",IF($W3=1,IF(KY3>=HWinThresh,"HomFave","VisDog"),IF(KY3<HWinThresh,"VisFave","HomDog"))) -> VisFave | LA3: =IF(KZ3="","",IF(KY3=0.5,100,IF($W3=1,IF(KY3>0.5,KY3/(1-KY3)*-100, (1-KY3)/KY3*100),IF(KY3>0.5,(1-(1-KY3))/(1-KY3)*100,(1-KY3)/(1-(1-KY3))*-100)))) -> -117.3913 | LB3: =IF(LA3="","",ABS(LA3)) -> 117.3913 | LC3: =IF(LB3="","",IF(KZ3=$AI3,1,-1)) -> -1 | LD3: =IF(OR(LC3="",KZ3<>"HomFave"),"",IF(LC3=1,100+LE3,0)) | LE3: =IF(OR(LC3="",KZ3<>"HomFave"),"",ABS($S3)) | LF3: =IF(OR(KZ3<>"VisDog",LC3=""),"",IF(LC3=1,IF($L3<0,100+LG3,ABS($L3)+LG3),0)) | LG3: =IF(OR(LC3="",KZ3<>"VisDog"),"",IF($L3<0,ABS($L3),100)) | LH3: =IF(OR(LC3="",KZ3<>"VisFave"),"",IF(LC3=1,100+LI3,0)) -> 0 | LI3: =IF(OR(LC3="",KZ3<>"VisFave"),"",ABS($L3)) -> 109 | LJ3: =IF(OR(KZ3<>"HomDog",LC3=""),"",IF(LC3=1,IF($S3<0,100+LK3,ABS($S3)+LK3),0)) | LK3: =IF(OR(LC3="",KZ3<>"HomDog"),"",IF($S3<0,ABS($S3),100)) | LS3: =IF(LX3="","",U3) -> 0.48821492 | LT3: =COUNTIFS($AT3,"=HomFave",$AW3,"=1")+COUNTIFS($AT3,"=HomFave",$AW3,"=-1")+COUNTIFS($BM3,"=HomFave",$BP3,"=1")+COUNTIFS($BM3,"=HomFave",$BP3,"=-1")+COUNTIFS($CF3,"=HomFave",$CI3,"=1")+COUNTIFS($CF3,"=HomFave",$CI3,"=-1")+COUNTIFS($CY3,"=HomFave",$DB3,"=1")+COUNTIFS($CY3,"=HomFave",$DB3,"=-1")+COUNTIFS($DR3,"=HomFave",$DU3,"=1")+COUNTIFS($DR3,"=HomFave",$DU3,"=-1")+COUNTIFS($EK3,"=HomFave",$EN3,"=1")+COUNTIFS($EK3,"=HomFave",$EN3,"=-1")+COUNTIFS($FD3,"=HomFave",$FG3,"=1")+COUNTIFS($FD3,"=HomFave",$FG3,"=-1")+COUNTIFS($FW3,"=HomFave",$FZ3,"=1")+COUNTIFS($FW3,"=HomFave",$FZ3,"=-1")+COUNTIFS($GP3,"=HomFave",$GS3,"=1")+COUNTIFS($GP3,"=HomFave",$GS3,"=-1") +COUNTIFS($HI3,"=HomFave",$HL3,"=1")+COUNTIFS($HI3,"=HomFave",$HL3,"=-1")+COUNTIFS($IB3,"=HomFave",$IE3,"=1")+COUNTIFS($IB3,"=HomFave",$IE3,"=-1")+COUNTIFS($IU3,"=HomFave",$IX3,"=1")+COUNTIFS($IU3,"=HomFave",$IX3,"=-1")+COUNTIFS($JN3,"=HomFave",$JQ3,"=1")+COUNTIFS($JN3,"=HomFave",$JQ3,"=-1")+COUNTIFS($KG3,"=HomFave",$KJ3,"=1")+COUNTIFS($KG3,"=HomFave",$KJ3,"=-1")+COUNTIFS($KZ3,"=HomFave",$LC3,"=1")+COUNTIFS($KZ3,"=HomFave",$LC3,"=-1") -> 0 | LU3: =COUNTIFS($AT3,"=VisDog",$AW3,"=1")+COUNTIFS($AT3,"=VisDog",$AW3,"=-1")+COUNTIFS($BM3,"=VisDog",$BP3,"=1")+COUNTIFS($BM3,"=VisDog",$BP3,"=-1")+COUNTIFS($CF3,"=VisDog",$CI3,"=1")+COUNTIFS($CF3,"=VisDog",$CI3,"=-1")+COUNTIFS($CY3,"=VisDog",$DB3,"=1")+COUNTIFS($CY3,"=VisDog",$DB3,"=-1")+COUNTIFS($DR3,"=VisDog",$DU3,"=1")+COUNTIFS($DR3,"=VisDog",$DU3,"=-1")+COUNTIFS($EK3,"=VisDog",$EN3,"=1")+COUNTIFS($EK3,"=VisDog",$EN3,"=-1")+COUNTIFS($FD3,"=VisDog",$FG3,"=1")+COUNTIFS($FD3,"=VisDog",$FG3,"=-1")+COUNTIFS($FW3,"=VisDog",$FZ3,"=1")+COUNTIFS($FW3,"=VisDog",$FZ3,"=-1")+COUNTIFS($GP3,"=VisDog",$GS3,"=1")+COUNTIFS($GP3,"=VisDog",$GS3,"=-1") +COUNTIFS($HI3,"=VisDog",$HL3,"=1")+COUNTIFS($HI3,"=VisDog",$HL3,"=-1")+COUNTIFS($IB3,"=VisDog",$IE3,"=1")+COUNTIFS($IB3,"=VisDog",$IE3,"=-1")+COUNTIFS($IU3,"=VisDog",$IX3,"=1")+COUNTIFS($IU3,"=VisDog",$IX3,"=-1")+COUNTIFS($JN3,"=VisDog",$JQ3,"=1")+COUNTIFS($JN3,"=VisDog",$JQ3,"=-1")+COUNTIFS($KG3,"=VisDog",$KJ3,"=1")+COUNTIFS($KG3,"=VisDog",$KJ3,"=-1")+COUNTIFS($KZ3,"=VisDog",$LC3,"=1")+COUNTIFS($KZ3,"=VisDog",$LC3,"=-1") -> 0 | LV3: =COUNTIFS($AT3,"=VisFave",$AW3,"=1")+COUNTIFS($AT3,"=VisFave",$AW3,"=-1")+COUNTIFS($BM3,"=VisFave",$BP3,"=1")+COUNTIFS($BM3,"=VisFave",$BP3,"=-1")+COUNTIFS($CF3,"=VisFave",$CI3,"=1")+COUNTIFS($CF3,"=VisFave",$CI3,"=-1")+COUNTIFS($CY3,"=VisFave",$DB3,"=1")+COUNTIFS($CY3,"=VisFave",$DB3,"=-1")+COUNTIFS($DR3,"=VisFave",$DU3,"=1")+COUNTIFS($DR3,"=VisFave",$DU3,"=-1")+COUNTIFS($EK3,"=VisFave",$EN3,"=1")+COUNTIFS($EK3,"=VisFave",$EN3,"=-1")+COUNTIFS($FD3,"=VisFave",$FG3,"=1")+COUNTIFS($FD3,"=VisFave",$FG3,"=-1")+COUNTIFS($FW3,"=VisFave",$FZ3,"=1")+COUNTIFS($FW3,"=VisFave",$FZ3,"=-1")+COUNTIFS($GP3,"=VisFave",$GS3,"=1")+COUNTIFS($GP3,"=VisFave",$GS3,"=-1") +COUNTIFS($HI3,"=VisFave",$HL3,"=1")+COUNTIFS($HI3,"=VisFave",$HL3,"=-1")+COUNTIFS($IB3,"=VisFave",$IE3,"=1")+COUNTIFS($IB3,"=VisFave",$IE3,"=-1")+COUNTIFS($IU3,"=VisFave",$IX3,"=1")+COUNTIFS($IU3,"=VisFave",$IX3,"=-1")+COUNTIFS($JN3,"=VisFave",$JQ3,"=1")+COUNTIFS($JN3,"=VisFave",$JQ3,"=-1")+COUNTIFS($KG3,"=VisFave",$KJ3,"=1")+COUNTIFS($KG3,"=VisFave",$KJ3,"=-1")+COUNTIFS($KZ3,"=VisFave",$LC3,"=1")+COUNTIFS($KZ3,"=VisFave",$LC3,"=-1") -> 13 | LW3: =COUNTIFS($AT3,"=HomDog",$AW3,"=1")+COUNTIFS($AT3,"=HomDog",$AW3,"=-1")+COUNTIFS($BM3,"=HomDog",$BP3,"=1")+COUNTIFS($BM3,"=HomDog",$BP3,"=-1")+COUNTIFS($CF3,"=HomDog",$CI3,"=1")+COUNTIFS($CF3,"=HomDog",$CI3,"=-1")+COUNTIFS($CY3,"=HomDog",$DB3,"=1")+COUNTIFS($CY3,"=HomDog",$DB3,"=-1")+COUNTIFS($DR3,"=HomDog",$DU3,"=1")+COUNTIFS($DR3,"=HomDog",$DU3,"=-1")+COUNTIFS($EK3,"=HomDog",$EN3,"=1")+COUNTIFS($EK3,"=HomDog",$EN3,"=-1")+COUNTIFS($FD3,"=HomDog",$FG3,"=1")+COUNTIFS($FD3,"=HomDog",$FG3,"=-1")+COUNTIFS($FW3,"=HomDog",$FZ3,"=1")+COUNTIFS($FW3,"=HomDog",$FZ3,"=-1")+COUNTIFS($GP3,"=HomDog",$GS3,"=1")+COUNTIFS($GP3,"=HomDog",$GS3,"=-1") +COUNTIFS($HI3,"=HomDog",$HL3,"=1")+COUNTIFS($HI3,"=HomDog",$HL3,"=-1")+COUNTIFS($IB3,"=HomDog",$IE3,"=1")+COUNTIFS($IB3,"=HomDog",$IE3,"=-1")+COUNTIFS($IU3,"=HomDog",$IX3,"=1")+COUNTIFS($IU3,"=HomDog",$IX3,"=-1")+COUNTIFS($JN3,"=HomDog",$JQ3,"=1")+COUNTIFS($JN3,"=HomDog",$JQ3,"=-1")+COUNTIFS($KG3,"=HomDog",$KJ3,"=1")+COUNTIFS($KG3,"=HomDog",$KJ3,"=-1")+COUNTIFS($KZ3,"=HomDog",$LC3,"=1")+COUNTIFS($KZ3,"=HomDog",$LC3,"=-1") -> 2 | LX3: =IF($S3<$L3,IF(LT3>LU3,IF((ens1NumVoters-SUM(LT3,LU3))>LT3,"",IF((LT3/(LT3+LU3))>=ens1VoteAgreement,"HomFave","")),IF((ens1NumVoters-SUM(LT3,LU3))>LU3,"",IF((LU3/(LT3+LU3))>=ens1VoteAgreement,"VisDog",""))),IF(LV3>LW3,IF((ens1NumVoters-SUM(LV3,LW3))>LV3,"",IF((LV3/(LV3+LW3))>=ens1VoteAgreement,"VisFave","")),IF((ens1NumVoters-SUM(LV3,LW3))>LW3,"",IF((LW3/(LV3+LW3))>=ens1VoteAgreement,"HomDog","")))) -> VisFave | LY3: =IF(MC3="","",IF(LX3="HomFave",(LT3/$LS$2)*100,IF(LX3="VisDog",(LU3/$LS$2)*100,IF(LX3="VisFave",(LV3/$LS$2)*100,(LW3/$LS$2)*100)))) -> 86.666667 | LZ3: =IF(LX3="","",NM3) -> 0.46 | MA3: =IF(LX3="","",LZ3-$U3) -> -0.028214923 | MB3: =IF(LZ3="","",IF(LZ3=0.5,100,IF($W3=1,IF(LZ3>0.5,LZ3/(1-LZ3)*-100,(1-LZ3)/LZ3*100), IF(LZ3<0.5,(1-LZ3)/LZ3*100,LZ3/(1-LZ3)*-100)))) -> 117.3913 | MC3: =IF(LX3="","", IF(edge_pp=0, LX3, IF(OR(LX3="HomFave",LX3="HomDog"), IF(MA3 >= edge_pp, LX3, ""), IF(MA3 <= -edge_pp, LX3, "")))) -> VisFave | MD3: =IF(OR(MB3<MODELPRICE_MIN,MB3>MODELPRICE_MAX),"",IF(OR(MC3="VisFave",MC3=""),"",IF(MC3=$AI3,1,-1))) | ME3: =IF(OR(MP3="",MP3=0),"",IF(MC3=$AI3,1,-1)) | MF3: =IF(OR(ME3="",MC3<>"HomFave"),"",IF(ME3=1,MP3*(1+MO3),0)) | MG3: =IF(OR(ME3="",MC3<>"HomFave"),"",MP3) | MH3: =IF(OR(MC3<>"VisDog",ME3=""),"",IF(ME3=1,MP3*(1+MO3),0)) | MI3: =IF(OR(ME3="",MC3<>"VisDog"),"",MP3) | MJ3: =IF(OR(ME3="",MC3<>"VisFave"),"",IF(ME3=1,MP3*(1+MO3),0)) | MK3: =IF(OR(ME3="",MC3<>"VisFave"),"",MP3) | ML3: =IF(OR(MC3<>"HomDog",ME3=""),"",IF(ME3=1,MP3*(1+MO3),0)) | MM3: =IF(OR(ME3="",MC3<>"HomDog"),"",MP3) | MO3: =IF($MD3="","",IF(OR($MC3="HomFave",$MC3="HomDog"),IF($S3<0,100/ABS($S3),$S3/100),IF($L3<0,100/ABS($L3),$L3/100))) | MP3: =IF($MD3="","", IF(stakeMode=1, 1, IF(OR($MC3="HomFave",$MC3="HomDog"), kellyFraction*MAX(0, $LZ3 - (1-$LZ3)/$MO3), kellyFraction*MAX(0, (1-$LZ3) - $LZ3/$MO3)))) | MS3: =IF($ME3="","",MP3) | MT3: =IF($ME3="","",IF(ME3=1,MP3*(1+MO3),0)) | MU3: =IF($ME3="","",IF(ME3=1,MP3*MO3,-1*MP3)) | MV3: =IF($ME3="","",IF(MS3=0,0,MU3/MS3)) | MX3: =IF($LX3="","",AS3) -> 0.49 | MY3: =IF($LX3="","",BL3) -> 0.51 | MZ3: =IF($LX3="","",CE3) -> 0.4 | NA3: =IF($LX3="","",CX3) -> 0.52 | NB3: =IF($LX3="","",DQ3) -> 0.26 | NC3: =IF($LX3="","",EJ3) -> 0.41 | ND3: =IF($LX3="","",FC3) -> 0.46 | NE3: =IF($LX3="","",FV3) -> 0.42 | NF3: =IF($LX3="","",GO3) -> 0.46 | NG3: =IF($LX3="","",HH3) -> 0.46 | NH3: =IF($LX3="","",IA3) -> 0.49 | NI3: =IF($LX3="","",IT3) -> 0.47 | NJ3: =IF($LX3="","",JM3) -> 0.44 | NK3: =IF($LX3="","",KF3) -> 0.43 | NL3: =IF($LX3="","",KY3) -> 0.46 | NM3: =MEDIAN(MX3:NL3) -> 0.46
C4: H Wins | D4: =COUNTIF(AG3:AG89,"1") -> 51 | E4: =IF(AND(L4<0,S4<0),1,0) -> 0 | F4: 777571 | G4: =VLOOKUP($F4,Lookup_!$A$2:$AJ$2224,3,FALSE) -> 2025 | H4: =VLOOKUP($F4,Lookup_!$A$2:$AJ$2224,4,FALSE) -> 6.2 | I4: =VLOOKUP($F4,Lookup_!$A$2:$AJ$2224,2,FALSE) -> 45818 | J4: =VLOOKUP($F4,Lookup_!$A$2:$AJ$2224,13,FALSE) -> 5 | K4: =VLOOKUP(J4,Lookup_!$AO$3:$AP$32,2,FALSE) -> CHC | L4: =VLOOKUP($F4,Lookup_!$A$2:$AJ$2224,14,FALSE) -> -111 | M4: =VLOOKUP($F4,Lookup_!$A$2:$AJ$2224,15,FALSE) -> 0.526066 | N4: =M4/($M4+$T4) -> 0.51642081 | O4: =IF(N4=0.5,100,IF(N4>0.5,N4/(1-N4)*-100, (1-N4)/N4*100)) -> -106.79136 | P4: =VLOOKUP($F4,Lookup_!$A$2:$AJ$2224,7,FALSE) -> 21 | Q4: =VLOOKUP(P4,Lookup_!$AO$3:$AP$32,2,FALSE) -> PHI | R4: =VLOOKUP($F4,Lookup_!$A$2:$AJ$2224,12,FALSE) -> 0.32319867 | S4: =VLOOKUP($F4,Lookup_!$A$2:$AJ$2224,8,FALSE) -> 103 | T4: =VLOOKUP($F4,Lookup_!$A$2:$AJ$2224,9,FALSE) -> 0.492611 | U4: =T4/($M4+$T4) -> 0.48357919 | V4: =IF(U4=0.5,100,IF(U4>0.5,U4/(1-U4)*-100, (1-U4)/U4*100)) -> 106.79136 | W4: =IF(S4<L4,1,-1) -> -1 | X4: =VLOOKUP($F4,Lookup_!$A$2:$AJ$2224,5,FALSE) -> 9.5 | Y4: =VLOOKUP($F4,Lookup_!$A$2:$AJ$2224,6,FALSE) -> 108 | Z4: =VLOOKUP($F4,Lookup_!$A$2:$AJ$2224,19,FALSE) -> 121.305 | AA4: =VLOOKUP($F4,Lookup_!$A$2:$AJ$2224,25,FALSE) -> 102.57349 | AB4: =VLOOKUP($F4,Lookup_!$A$2:$AJ$2224,21,FALSE) -> -105.92473 | AC4: =VLOOKUP($F4,Lookup_!$A$2:$AJ$2224,23,FALSE) -> -116.42492 | AD4: =VLOOKUP($F4,Lookup_!$A$2:$AJ$2224,31,FALSE) -> 8 | AE4: =VLOOKUP($F4,Lookup_!$A$2:$AJ$2224,30,FALSE) -> 4 | AF4: =VLOOKUP($F4,Lookup_!$A$2:$AJ$2224,32,FALSE) -> FOUR | AG4: =VLOOKUP($F4,Lookup_!$A$2:$AJ$2224,29,FALSE) -> -1 | AH4: =VLOOKUP($F4,Lookup_!$A$2:$AJ$2224,34,FALSE) -> 1 | AI4: =VLOOKUP($F4,Lookup_!$A$2:$AJ$2224,33,FALSE) -> VisFave | AJ4: =VLOOKUP($F4,Lookup_!$A$2:$AJ$2224,35,FALSE) -> 12 | AK4: =VLOOKUP($F4,Lookup_!$A$2:$AJ$2224,36,FALSE) -> 1 | AL4: =ABS(AD4-AE4) -> 4 | AM4: =IF(AL4<>AI4,1,"") -> 1 | AP4: #Plays | AQ4: =COUNTIFS(AT$3:AT$89,"=HomFave",AW$3:AW$89,"=1")+COUNTIFS(AT$3:AT$89,"=HomDog",AW$3:AW$89,"=1")+COUNTIFS(AT$3:AT$89,"=VisFave",AW$3:AW$89,"=1")+COUNTIFS(AT$3:AT$89,"=VisDog",AW$3:AW$89,"=1")+COUNTIFS(AT$3:AT$89,"=HomFave",AW$3:AW$89,"=-1")+COUNTIFS(AT$3:AT$89,"=HomDog",AW$3:AW$89,"=-1")+COUNTIFS(AT$3:AT$89,"=VisFave",AW$3:AW$89,"=-1")+COUNTIFS(AT$3:AT$89,"=VisDog",AW$3:AW$89,"=-1") -> 87 | AR4: =$S4 -> 103 | AS4: =IF(OR($S4<OPL_MIN,$S4>OPL_MAX),"",VLOOKUP($F4,CleanseResults!$L$3:$P$1772,5,FALSE)) -> 0.43 | AT4: =IF(AS4="","",IF($W4=1,IF(AS4>=HWinThresh,"HomFave","VisDog"),IF(AS4<HWinThresh,"VisFave","HomDog"))) -> VisFave | AU4: =IF(AT4="","",IF(AS4=0.5,100,IF($W4=1,IF(AS4>0.5,AS4/(1-AS4)*-100, (1-AS4)/AS4*100),IF(AS4>0.5,(1-(1-AS4))/(1-AS4)*100,(1-AS4)/(1-(1-AS4))*-100)))) -> -132.55814 | AV4: =IF(AU4="","",ABS(AU4)) -> 132.55814 | AW4: =IF(AV4="","",IF(AT4=$AI4,1,-1)) -> 1 | AX4: =IF(OR(AW4="",AT4<>"HomFave"),"",IF(AW4=1,100+AY4,0)) | AY4: =IF(OR(AW4="",AT4<>"HomFave"),"",ABS($S4)) | AZ4: =IF(OR(AT4<>"VisDog",AW4=""),"",IF(AW4=1,IF($L4<0,100+BA4,ABS($L4)+BA4),0)) | BA4: =IF(OR(AW4="",AT4<>"VisDog"),"",IF($L4<0,ABS($L4),100)) | BB4: =IF(OR(AW4="",AT4<>"VisFave"),"",IF(AW4=1,100+BC4,0)) -> 211 | BC4: =IF(OR(AW4="",AT4<>"VisFave"),"",ABS($L4)) -> 111 | BD4: =IF(OR(AT4<>"HomDog",AW4=""),"",IF(AW4=1,IF($S4<0,100+BE4,ABS($S4)+BE4),0)) | BE4: =IF(OR(AW4="",AT4<>"HomDog"),"",IF($S4<0,ABS($S4),100)) | BI4: #Plays | BJ4: =COUNTIFS(BM$3:BM$89,"=HomFave",BP$3:BP$89,"=1")+COUNTIFS(BM$3:BM$89,"=HomDog",BP$3:BP$89,"=1")+COUNTIFS(BM$3:BM$89,"=VisFave",BP$3:BP$89,"=1")+COUNTIFS(BM$3:BM$89,"=VisDog",BP$3:BP$89,"=1")+COUNTIFS(BM$3:BM$89,"=HomFave",BP$3:BP$89,"=-1")+COUNTIFS(BM$3:BM$89,"=HomDog",BP$3:BP$89,"=-1")+COUNTIFS(BM$3:BM$89,"=VisFave",BP$3:BP$89,"=-1")+COUNTIFS(BM$3:BM$89,"=VisDog",BP$3:BP$89,"=-1") -> 87 | BK4: =$S4 -> 103 | BL4: =IF(OR($S4<OPL_MIN,$S4>OPL_MAX),"",VLOOKUP($F4,CleanseResults!$AA$3:$AE$1772,5,FALSE)) -> 0.41 | BM4: =IF(BL4="","",IF($W4=1,IF(BL4>=HWinThresh,"HomFave","VisDog"),IF(BL4<HWinThresh,"VisFave","HomDog"))) -> VisFave | BN4: =IF(BM4="","",IF(BL4=0.5,100,IF($W4=1,IF(BL4>0.5,BL4/(1-BL4)*-100, (1-BL4)/BL4*100),IF(BL4>0.5,(1-(1-BL4))/(1-BL4)*100,(1-BL4)/(1-(1-BL4))*-100)))) -> -143.90244 | BO4: =IF(BN4="","",ABS(BN4)) -> 143.90244 | BP4: =IF(BO4="","",IF(BM4=$AI4,1,-1)) -> 1 | BQ4: =IF(OR(BP4="",BM4<>"HomFave"),"",IF(BP4=1,100+BR4,0)) | BR4: =IF(OR(BP4="",BM4<>"HomFave"),"",ABS($S4)) | BS4: =IF(OR(BM4<>"VisDog",BP4=""),"",IF(BP4=1,IF($L4<0,100+BT4,ABS($L4)+BT4),0)) | BT4: =IF(OR(BP4="",BM4<>"VisDog"),"",IF($L4<0,ABS($L4),100)) | BU4: =IF(OR(BP4="",BM4<>"VisFave"),"",IF(BP4=1,100+BV4,0)) -> 211 | BV4: =IF(OR(BP4="",BM4<>"VisFave"),"",ABS($L4)) -> 111 | BW4: =IF(OR(BM4<>"HomDog",BP4=""),"",IF(BP4=1,IF($S4<0,100+BX4,ABS($S4)+BX4),0)) | BX4: =IF(OR(BP4="",BM4<>"HomDog"),"",IF($S4<0,ABS($S4),100)) | CB4: #Plays | CC4: =COUNTIFS(CF$3:CF$89,"=HomFave",CI$3:CI$89,"=1")+COUNTIFS(CF$3:CF$89,"=HomDog",CI$3:CI$89,"=1")+COUNTIFS(CF$3:CF$89,"=VisFave",CI$3:CI$89,"=1")+COUNTIFS(CF$3:CF$89,"=VisDog",CI$3:CI$89,"=1")+COUNTIFS(CF$3:CF$89,"=HomFave",CI$3:CI$89,"=-1")+COUNTIFS(CF$3:CF$89,"=HomDog",CI$3:CI$89,"=-1")+COUNTIFS(CF$3:CF$89,"=VisFave",CI$3:CI$89,"=-1")+COUNTIFS(CF$3:CF$89,"=VisDog",CI$3:CI$89,"=-1") -> 87 | CD4: =$S4 -> 103 | CE4: =IF(OR($S4<OPL_MIN,$S4>OPL_MAX),"",VLOOKUP($F4,CleanseResults!$AP$3:$AT$1772,5,FALSE)) -> 0.42 | CF4: =IF(CE4="","",IF($W4=1,IF(CE4>=HWinThresh,"HomFave","VisDog"),IF(CE4<HWinThresh,"VisFave","HomDog"))) -> VisFave | CG4: =IF(CF4="","",IF(CE4=0.5,100,IF($W4=1,IF(CE4>0.5,CE4/(1-CE4)*-100, (1-CE4)/CE4*100),IF(CE4>0.5,(1-(1-CE4))/(1-CE4)*100,(1-CE4)/(1-(1-CE4))*-100)))) -> -138.09524 | CH4: =IF(CG4="","",ABS(CG4)) -> 138.09524 | CI4: =IF(CH4="","",IF(CF4=$AI4,1,-1)) -> 1 | CJ4: =IF(OR(CI4="",CF4<>"HomFave"),"",IF(CI4=1,100+CK4,0)) | CK4: =IF(OR(CI4="",CF4<>"HomFave"),"",ABS($S4)) | CL4: =IF(OR(CF4<>"VisDog",CI4=""),"",IF(CI4=1,IF($L4<0,100+CM4,ABS($L4)+CM4),0)) | CM4: =IF(OR(CI4="",CF4<>"VisDog"),"",IF($L4<0,ABS($L4),100)) | CN4: =IF(OR(CI4="",CF4<>"VisFave"),"",IF(CI4=1,100+CO4,0)) -> 211 | CO4: =IF(OR(CI4="",CF4<>"VisFave"),"",ABS($L4)) -> 111 | CP4: =IF(OR(CF4<>"HomDog",CI4=""),"",IF(CI4=1,IF($S4<0,100+CQ4,ABS($S4)+CQ4),0)) | CQ4: =IF(OR(CI4="",CF4<>"HomDog"),"",IF($S4<0,ABS($S4),100)) | CU4: #Plays | CV4: =COUNTIFS(CY$3:CY$89,"=HomFave",DB$3:DB$89,"=1")+COUNTIFS(CY$3:CY$89,"=HomDog",DB$3:DB$89,"=1")+COUNTIFS(CY$3:CY$89,"=VisFave",DB$3:DB$89,"=1")+COUNTIFS(CY$3:CY$89,"=VisDog",DB$3:DB$89,"=1")+COUNTIFS(CY$3:CY$89,"=HomFave",DB$3:DB$89,"=-1")+COUNTIFS(CY$3:CY$89,"=HomDog",DB$3:DB$89,"=-1")+COUNTIFS(CY$3:CY$89,"=VisFave",DB$3:DB$89,"=-1")+COUNTIFS(CY$3:CY$89,"=VisDog",DB$3:DB$89,"=-1") -> 87 | CW4: =$S4 -> 103 | CX4: =IF(OR($S4<OPL_MIN,$S4>OPL_MAX),"",VLOOKUP($F4,CleanseResults!$BE$3:$BI$1772,5,FALSE)) -> 0.48 | CY4: =IF(CX4="","",IF($W4=1,IF(CX4>=HWinThresh,"HomFave","VisDog"),IF(CX4<HWinThresh,"VisFave","HomDog"))) -> VisFave | CZ4: =IF(CY4="","",IF(CX4=0.5,100,IF($W4=1,IF(CX4>0.5,CX4/(1-CX4)*-100, (1-CX4)/CX4*100),IF(CX4>0.5,(1-(1-CX4))/(1-CX4)*100,(1-CX4)/(1-(1-CX4))*-100)))) -> -108.33333 | DA4: =IF(CZ4="","",ABS(CZ4)) -> 108.33333 | DB4: =IF(DA4="","",IF(CY4=$AI4,1,-1)) -> 1 | DC4: =IF(OR(DB4="",CY4<>"HomFave"),"",IF(DB4=1,100+DD4,0)) | DD4: =IF(OR(DB4="",CY4<>"HomFave"),"",ABS($S4)) | DE4: =IF(OR(CY4<>"VisDog",DB4=""),"",IF(DB4=1,IF($L4<0,100+DF4,ABS($L4)+DF4),0)) | DF4: =IF(OR(DB4="",CY4<>"VisDog"),"",IF($L4<0,ABS($L4),100)) | DG4: =IF(OR(DB4="",CY4<>"VisFave"),"",IF(DB4=1,100+DH4,0)) -> 211 | DH4: =IF(OR(DB4="",CY4<>"VisFave"),"",ABS($L4)) -> 111 | DI4: =IF(OR(CY4<>"HomDog",DB4=""),"",IF(DB4=1,IF($S4<0,100+DJ4,ABS($S4)+DJ4),0)) | DJ4: =IF(OR(DB4="",CY4<>"HomDog"),"",IF($S4<0,ABS($S4),100)) | DN4: #Plays | DO4: =COUNTIFS(DR$3:DR$89,"=HomFave",DU$3:DU$89,"=1")+COUNTIFS(DR$3:DR$89,"=HomDog",DU$3:DU$89,"=1")+COUNTIFS(DR$3:DR$89,"=VisFave",DU$3:DU$89,"=1")+COUNTIFS(DR$3:DR$89,"=VisDog",DU$3:DU$89,"=1")+COUNTIFS(DR$3:DR$89,"=HomFave",DU$3:DU$89,"=-1")+COUNTIFS(DR$3:DR$89,"=HomDog",DU$3:DU$89,"=-1")+COUNTIFS(DR$3:DR$89,"=VisFave",DU$3:DU$89,"=-1")+COUNTIFS(DR$3:DR$89,"=VisDog",DU$3:DU$89,"=-1") -> 87 | DP4: =$S4 -> 103 | DQ4: =IF(OR($S4<OPL_MIN,$S4>OPL_MAX),"",VLOOKUP($F4,CleanseResults!$BT$3:$BX$1772,5,FALSE)) -> 0.47 | DR4: =IF(DQ4="","",IF($W4=1,IF(DQ4>=HWinThresh,"HomFave","VisDog"),IF(DQ4<HWinThresh,"VisFave","HomDog"))) -> VisFave | DS4: =IF(DR4="","",IF(DQ4=0.5,100,IF($W4=1,IF(DQ4>0.5,DQ4/(1-DQ4)*-100, (1-DQ4)/DQ4*100),IF(DQ4>0.5,(1-(1-DQ4))/(1-DQ4)*100,(1-DQ4)/(1-(1-DQ4))*-100)))) -> -112.76596 | DT4: =IF(DS4="","",ABS(DS4)) -> 112.76596 | DU4: =IF(DT4="","",IF(DR4=$AI4,1,-1)) -> 1 | DV4: =IF(OR(DU4="",DR4<>"HomFave"),"",IF(DU4=1,100+DW4,0)) | DW4: =IF(OR(DU4="",DR4<>"HomFave"),"",ABS($S4)) | DX4: =IF(OR(DR4<>"VisDog",DU4=""),"",IF(DU4=1,IF($L4<0,100+DY4,ABS($L4)+DY4),0)) | DY4: =IF(OR(DU4="",DR4<>"VisDog"),"",IF($L4<0,ABS($L4),100)) | DZ4: =IF(OR(DU4="",DR4<>"VisFave"),"",IF(DU4=1,100+EA4,0)) -> 211 | EA4: =IF(OR(DU4="",DR4<>"VisFave"),"",ABS($L4)) -> 111 | EB4: =IF(OR(DR4<>"HomDog",DU4=""),"",IF(DU4=1,IF($S4<0,100+EC4,ABS($S4)+EC4),0)) | EC4: =IF(OR(DU4="",DR4<>"HomDog"),"",IF($S4<0,ABS($S4),100)) | EG4: #Plays | EH4: =COUNTIFS(EK$3:EK$89,"=HomFave",EN$3:EN$89,"=1")+COUNTIFS(EK$3:EK$89,"=HomDog",EN$3:EN$89,"=1")+COUNTIFS(EK$3:EK$89,"=VisFave",EN$3:EN$89,"=1")+COUNTIFS(EK$3:EK$89,"=VisDog",EN$3:EN$89,"=1")+COUNTIFS(EK$3:EK$89,"=HomFave",EN$3:EN$89,"=-1")+COUNTIFS(EK$3:EK$89,"=HomDog",EN$3:EN$89,"=-1")+COUNTIFS(EK$3:EK$89,"=VisFave",EN$3:EN$89,"=-1")+COUNTIFS(EK$3:EK$89,"=VisDog",EN$3:EN$89,"=-1") -> 87 | EI4: =$S4 -> 103 | EJ4: =IF(OR($S4<OPL_MIN,$S4>OPL_MAX),"",VLOOKUP($F4,CleanseResults!$CI$3:$CM$1772,5,FALSE)) -> 0.46 | EK4: =IF(EJ4="","",IF($W4=1,IF(EJ4>=HWinThresh,"HomFave","VisDog"),IF(EJ4<HWinThresh,"VisFave","HomDog"))) -> VisFave | EL4: =IF(EK4="","",IF(EJ4=0.5,100,IF($W4=1,IF(EJ4>0.5,EJ4/(1-EJ4)*-100, (1-EJ4)/EJ4*100),IF(EJ4>0.5,(1-(1-EJ4))/(1-EJ4)*100,(1-EJ4)/(1-(1-EJ4))*-100)))) -> -117.3913 | EM4: =IF(EL4="","",ABS(EL4)) -> 117.3913 | EN4: =IF(EM4="","",IF(EK4=$AI4,1,-1)) -> 1 | EO4: =IF(OR(EN4="",EK4<>"HomFave"),"",IF(EN4=1,100+EP4,0)) | EP4: =IF(OR(EN4="",EK4<>"HomFave"),"",ABS($S4)) | EQ4: =IF(OR(EK4<>"VisDog",EN4=""),"",IF(EN4=1,IF($L4<0,100+ER4,ABS($L4)+ER4),0)) | ER4: =IF(OR(EN4="",EK4<>"VisDog"),"",IF($L4<0,ABS($L4),100)) | ES4: =IF(OR(EN4="",EK4<>"VisFave"),"",IF(EN4=1,100+ET4,0)) -> 211 | ET4: =IF(OR(EN4="",EK4<>"VisFave"),"",ABS($L4)) -> 111 | EU4: =IF(OR(EK4<>"HomDog",EN4=""),"",IF(EN4=1,IF($S4<0,100+EV4,ABS($S4)+EV4),0)) | EV4: =IF(OR(EN4="",EK4<>"HomDog"),"",IF($S4<0,ABS($S4),100)) | EZ4: #Plays | FA4: =COUNTIFS(FD$3:FD$89,"=HomFave",FG$3:FG$89,"=1")+COUNTIFS(FD$3:FD$89,"=HomDog",FG$3:FG$89,"=1")+COUNTIFS(FD$3:FD$89,"=VisFave",FG$3:FG$89,"=1")+COUNTIFS(FD$3:FD$89,"=VisDog",FG$3:FG$89,"=1")+COUNTIFS(FD$3:FD$89,"=HomFave",FG$3:FG$89,"=-1")+COUNTIFS(FD$3:FD$89,"=HomDog",FG$3:FG$89,"=-1")+COUNTIFS(FD$3:FD$89,"=VisFave",FG$3:FG$89,"=-1")+COUNTIFS(FD$3:FD$89,"=VisDog",FG$3:FG$89,"=-1") -> 87 | FB4: =$S4 -> 103 | FC4: =IF(OR($S4<OPL_MIN,$S4>OPL_MAX),"",VLOOKUP($F4,CleanseResults!$CX$3:$DB$1772,5,FALSE)) -> 0.49 | FD4: =IF(FC4="","",IF($W4=1,IF(FC4>=HWinThresh,"HomFave","VisDog"),IF(FC4<HWinThresh,"VisFave","HomDog"))) -> VisFave | FE4: =IF(FD4="","",IF(FC4=0.5,100,IF($W4=1,IF(FC4>0.5,FC4/(1-FC4)*-100, (1-FC4)/FC4*100),IF(FC4>0.5,(1-(1-FC4))/(1-FC4)*100,(1-FC4)/(1-(1-FC4))*-100)))) -> -104.08163 | FF4: =IF(FE4="","",ABS(FE4)) -> 104.08163 | FG4: =IF(FF4="","",IF(FD4=$AI4,1,-1)) -> 1 | FH4: =IF(OR(FG4="",FD4<>"HomFave"),"",IF(FG4=1,100+FI4,0)) | FI4: =IF(OR(FG4="",FD4<>"HomFave"),"",ABS($S4)) | FJ4: =IF(OR(FD4<>"VisDog",FG4=""),"",IF(FG4=1,IF($L4<0,100+FK4,ABS($L4)+FK4),0)) | FK4: =IF(OR(FG4="",FD4<>"VisDog"),"",IF($L4<0,ABS($L4),100)) | FL4: =IF(OR(FG4="",FD4<>"VisFave"),"",IF(FG4=1,100+FM4,0)) -> 211 | FM4: =IF(OR(FG4="",FD4<>"VisFave"),"",ABS($L4)) -> 111 | FN4: =IF(OR(FD4<>"HomDog",FG4=""),"",IF(FG4=1,IF($S4<0,100+FO4,ABS($S4)+FO4),0)) | FO4: =IF(OR(FG4="",FD4<>"HomDog"),"",IF($S4<0,ABS($S4),100)) | FS4: #Plays | FT4: =COUNTIFS(FW$3:FW$89,"=HomFave",FZ$3:FZ$89,"=1")+COUNTIFS(FW$3:FW$89,"=HomDog",FZ$3:FZ$89,"=1")+COUNTIFS(FW$3:FW$89,"=VisFave",FZ$3:FZ$89,"=1")+COUNTIFS(FW$3:FW$89,"=VisDog",FZ$3:FZ$89,"=1")+COUNTIFS(FW$3:FW$89,"=HomFave",FZ$3:FZ$89,"=-1")+COUNTIFS(FW$3:FW$89,"=HomDog",FZ$3:FZ$89,"=-1")+COUNTIFS(FW$3:FW$89,"=VisFave",FZ$3:FZ$89,"=-1")+COUNTIFS(FW$3:FW$89,"=VisDog",FZ$3:FZ$89,"=-1") -> 87 | FU4: =$S4 -> 103 | FV4: =IF(OR($S4<OPL_MIN,$S4>OPL_MAX),"",VLOOKUP($F4,CleanseResults!$DM$3:$DQ$1772,5,FALSE)) -> 0.47 | FW4: =IF(FV4="","",IF($W4=1,IF(FV4>=HWinThresh,"HomFave","VisDog"),IF(FV4<HWinThresh,"VisFave","HomDog"))) -> VisFave | FX4: =IF(FW4="","",IF(FV4=0.5,100,IF($W4=1,IF(FV4>0.5,FV4/(1-FV4)*-100, (1-FV4)/FV4*100),IF(FV4>0.5,(1-(1-FV4))/(1-FV4)*100,(1-FV4)/(1-(1-FV4))*-100)))) -> -112.76596 | FY4: =IF(FX4="","",ABS(FX4)) -> 112.76596 | FZ4: =IF(FY4="","",IF(FW4=$AI4,1,-1)) -> 1 | GA4: =IF(OR(FZ4="",FW4<>"HomFave"),"",IF(FZ4=1,100+GB4,0)) | GB4: =IF(OR(FZ4="",FW4<>"HomFave"),"",ABS($S4)) | GC4: =IF(OR(FW4<>"VisDog",FZ4=""),"",IF(FZ4=1,IF($L4<0,100+GD4,ABS($L4)+GD4),0)) | GD4: =IF(OR(FZ4="",FW4<>"VisDog"),"",IF($L4<0,ABS($L4),100)) | GE4: =IF(OR(FZ4="",FW4<>"VisFave"),"",IF(FZ4=1,100+GF4,0)) -> 211 | GF4: =IF(OR(FZ4="",FW4<>"VisFave"),"",ABS($L4)) -> 111 | GG4: =IF(OR(FW4<>"HomDog",FZ4=""),"",IF(FZ4=1,IF($S4<0,100+GH4,ABS($S4)+GH4),0)) | GH4: =IF(OR(FZ4="",FW4<>"HomDog"),"",IF($S4<0,ABS($S4),100)) | GL4: #Plays | GM4: =COUNTIFS(GP$3:GP$89,"=HomFave",GS$3:GS$89,"=1")+COUNTIFS(GP$3:GP$89,"=HomDog",GS$3:GS$89,"=1")+COUNTIFS(GP$3:GP$89,"=VisFave",GS$3:GS$89,"=1")+COUNTIFS(GP$3:GP$89,"=VisDog",GS$3:GS$89,"=1")+COUNTIFS(GP$3:GP$89,"=HomFave",GS$3:GS$89,"=-1")+COUNTIFS(GP$3:GP$89,"=HomDog",GS$3:GS$89,"=-1")+COUNTIFS(GP$3:GP$89,"=VisFave",GS$3:GS$89,"=-1")+COUNTIFS(GP$3:GP$89,"=VisDog",GS$3:GS$89,"=-1") -> 87 | GN4: =$S4 -> 103 | GO4: =IF(OR($S4<OPL_MIN,$S4>OPL_MAX),"",VLOOKUP($F4,CleanseResults!$EB$3:$EF$1772,5,FALSE)) -> 0.5 | GP4: =IF(GO4="","",IF($W4=1,IF(GO4>=HWinThresh,"HomFave","VisDog"),IF(GO4<HWinThresh,"VisFave","HomDog"))) -> HomDog | GQ4: =IF(GP4="","",IF(GO4=0.5,100,IF($W4=1,IF(GO4>0.5,GO4/(1-GO4)*-100, (1-GO4)/GO4*100),IF(GO4>0.5,(1-(1-GO4))/(1-GO4)*100,(1-GO4)/(1-(1-GO4))*-100)))) -> 100 | GR4: =IF(GQ4="","",ABS(GQ4)) -> 100 | GS4: =IF(GR4="","",IF(GP4=$AI4,1,-1)) -> -1 | GT4: =IF(OR(GS4="",GP4<>"HomFave"),"",IF(GS4=1,100+GU4,0)) | GU4: =IF(OR(GS4="",GP4<>"HomFave"),"",ABS($S4)) | GV4: =IF(OR(GP4<>"VisDog",GS4=""),"",IF(GS4=1,IF($L4<0,100+GW4,ABS($L4)+GW4),0)) | GW4: =IF(OR(GS4="",GP4<>"VisDog"),"",IF($L4<0,ABS($L4),100)) | GX4: =IF(OR(GS4="",GP4<>"VisFave"),"",IF(GS4=1,100+GY4,0)) | GY4: =IF(OR(GS4="",GP4<>"VisFave"),"",ABS($L4)) | GZ4: =IF(OR(GP4<>"HomDog",GS4=""),"",IF(GS4=1,IF($S4<0,100+HA4,ABS($S4)+HA4),0)) -> 0 | HA4: =IF(OR(GS4="",GP4<>"HomDog"),"",IF($S4<0,ABS($S4),100)) -> 100 | HE4: #Plays | HF4: =COUNTIFS(HI$3:HI$89,"=HomFave",HL$3:HL$89,"=1")+COUNTIFS(HI$3:HI$89,"=HomDog",HL$3:HL$89,"=1")+COUNTIFS(HI$3:HI$89,"=VisFave",HL$3:HL$89,"=1")+COUNTIFS(HI$3:HI$89,"=VisDog",HL$3:HL$89,"=1")+COUNTIFS(HI$3:HI$89,"=HomFave",HL$3:HL$89,"=-1")+COUNTIFS(HI$3:HI$89,"=HomDog",HL$3:HL$89,"=-1")+COUNTIFS(HI$3:HI$89,"=VisFave",HL$3:HL$89,"=-1")+COUNTIFS(HI$3:HI$89,"=VisDog",HL$3:HL$89,"=-1") -> 87 | HG4: =$S4 -> 103 | HH4: =IF(OR($S4<OPL_MIN,$S4>OPL_MAX),"",VLOOKUP($F4,CleanseResults!$EQ$3:$EU$1772,5,FALSE)) -> 0.5 | HI4: =IF(HH4="","",IF($W4=1,IF(HH4>=HWinThresh,"HomFave","VisDog"),IF(HH4<HWinThresh,"VisFave","HomDog"))) -> HomDog | HJ4: =IF(HI4="","",IF(HH4=0.5,100,IF($W4=1,IF(HH4>0.5,HH4/(1-HH4)*-100, (1-HH4)/HH4*100),IF(HH4>0.5,(1-(1-HH4))/(1-HH4)*100,(1-HH4)/(1-(1-HH4))*-100)))) -> 100 | HK4: =IF(HJ4="","",ABS(HJ4)) -> 100 | HL4: =IF(HK4="","",IF(HI4=$AI4,1,-1)) -> -1 | HM4: =IF(OR(HL4="",HI4<>"HomFave"),"",IF(HL4=1,100+HN4,0)) | HN4: =IF(OR(HL4="",HI4<>"HomFave"),"",ABS($S4)) | HO4: =IF(OR(HI4<>"VisDog",HL4=""),"",IF(HL4=1,IF($L4<0,100+HP4,ABS($L4)+HP4),0)) | HP4: =IF(OR(HL4="",HI4<>"VisDog"),"",IF($L4<0,ABS($L4),100)) | HQ4: =IF(OR(HL4="",HI4<>"VisFave"),"",IF(HL4=1,100+HR4,0)) | HR4: =IF(OR(HL4="",HI4<>"VisFave"),"",ABS($L4)) | HS4: =IF(OR(HI4<>"HomDog",HL4=""),"",IF(HL4=1,IF($S4<0,100+HT4,ABS($S4)+HT4),0)) -> 0 | HT4: =IF(OR(HL4="",HI4<>"HomDog"),"",IF($S4<0,ABS($S4),100)) -> 100 | HX4: #Plays | HY4: =COUNTIFS(IB$3:IB$89,"=HomFave",IE$3:IE$89,"=1")+COUNTIFS(IB$3:IB$89,"=HomDog",IE$3:IE$89,"=1")+COUNTIFS(IB$3:IB$89,"=VisFave",IE$3:IE$89,"=1")+COUNTIFS(IB$3:IB$89,"=VisDog",IE$3:IE$89,"=1")+COUNTIFS(IB$3:IB$89,"=HomFave",IE$3:IE$89,"=-1")+COUNTIFS(IB$3:IB$89,"=HomDog",IE$3:IE$89,"=-1")+COUNTIFS(IB$3:IB$89,"=VisFave",IE$3:IE$89,"=-1")+COUNTIFS(IB$3:IB$89,"=VisDog",IE$3:IE$89,"=-1") -> 87 | HZ4: =$S4 -> 103 | IA4: =IF(OR($S4<OPL_MIN,$S4>OPL_MAX),"",VLOOKUP($F4,CleanseResults!$FF$3:$FJ$1772,5,FALSE)) -> 0.49 | IB4: =IF(IA4="","",IF($W4=1,IF(IA4>=HWinThresh,"HomFave","VisDog"),IF(IA4<HWinThresh,"VisFave","HomDog"))) -> VisFave | IC4: =IF(IB4="","",IF(IA4=0.5,100,IF($W4=1,IF(IA4>0.5,IA4/(1-IA4)*-100, (1-IA4)/IA4*100),IF(IA4>0.5,(1-(1-IA4))/(1-IA4)*100,(1-IA4)/(1-(1-IA4))*-100)))) -> -104.08163 | ID4: =IF(IC4="","",ABS(IC4)) -> 104.08163 | IE4: =IF(ID4="","",IF(IB4=$AI4,1,-1)) -> 1 | IF4: =IF(OR(IE4="",IB4<>"HomFave"),"",IF(IE4=1,100+IG4,0)) | IG4: =IF(OR(IE4="",IB4<>"HomFave"),"",ABS($S4)) | IH4: =IF(OR(IB4<>"VisDog",IE4=""),"",IF(IE4=1,IF($L4<0,100+II4,ABS($L4)+II4),0)) | II4: =IF(OR(IE4="",IB4<>"VisDog"),"",IF($L4<0,ABS($L4),100)) | IJ4: =IF(OR(IE4="",IB4<>"VisFave"),"",IF(IE4=1,100+IK4,0)) -> 211 | IK4: =IF(OR(IE4="",IB4<>"VisFave"),"",ABS($L4)) -> 111 | IL4: =IF(OR(IB4<>"HomDog",IE4=""),"",IF(IE4=1,IF($S4<0,100+IM4,ABS($S4)+IM4),0)) | IM4: =IF(OR(IE4="",IB4<>"HomDog"),"",IF($S4<0,ABS($S4),100)) | IQ4: #Plays | IR4: =COUNTIFS(IU$3:IU$89,"=HomFave",IX$3:IX$89,"=1")+COUNTIFS(IU$3:IU$89,"=HomDog",IX$3:IX$89,"=1")+COUNTIFS(IU$3:IU$89,"=VisFave",IX$3:IX$89,"=1")+COUNTIFS(IU$3:IU$89,"=VisDog",IX$3:IX$89,"=1")+COUNTIFS(IU$3:IU$89,"=HomFave",IX$3:IX$89,"=-1")+COUNTIFS(IU$3:IU$89,"=HomDog",IX$3:IX$89,"=-1")+COUNTIFS(IU$3:IU$89,"=VisFave",IX$3:IX$89,"=-1")+COUNTIFS(IU$3:IU$89,"=VisDog",IX$3:IX$89,"=-1") -> 87 | IS4: =$S4 -> 103 | IT4: =IF(OR($S4<OPL_MIN,$S4>OPL_MAX),"",VLOOKUP($F4,CleanseResults!$FU$3:$FY$1772,5,FALSE)) -> 0.49 | IU4: =IF(IT4="","",IF($W4=1,IF(IT4>=HWinThresh,"HomFave","VisDog"),IF(IT4<HWinThresh,"VisFave","HomDog"))) -> VisFave | IV4: =IF(IU4="","",IF(IT4=0.5,100,IF($W4=1,IF(IT4>0.5,IT4/(1-IT4)*-100, (1-IT4)/IT4*100),IF(IT4>0.5,(1-(1-IT4))/(1-IT4)*100,(1-IT4)/(1-(1-IT4))*-100)))) -> -104.08163 | IW4: =IF(IV4="","",ABS(IV4)) -> 104.08163 | IX4: =IF(IW4="","",IF(IU4=$AI4,1,-1)) -> 1 | IY4: =IF(OR(IX4="",IU4<>"HomFave"),"",IF(IX4=1,100+IZ4,0)) | IZ4: =IF(OR(IX4="",IU4<>"HomFave"),"",ABS($S4)) | JA4: =IF(OR(IU4<>"VisDog",IX4=""),"",IF(IX4=1,IF($L4<0,100+JB4,ABS($L4)+JB4),0)) | JB4: =IF(OR(IX4="",IU4<>"VisDog"),"",IF($L4<0,ABS($L4),100)) | JC4: =IF(OR(IX4="",IU4<>"VisFave"),"",IF(IX4=1,100+JD4,0)) -> 211 | JD4: =IF(OR(IX4="",IU4<>"VisFave"),"",ABS($L4)) -> 111 | JE4: =IF(OR(IU4<>"HomDog",IX4=""),"",IF(IX4=1,IF($S4<0,100+JF4,ABS($S4)+JF4),0)) | JF4: =IF(OR(IX4="",IU4<>"HomDog"),"",IF($S4<0,ABS($S4),100)) | JJ4: #Plays | JK4: =COUNTIFS(JN$3:JN$89,"=HomFave",JQ$3:JQ$89,"=1")+COUNTIFS(JN$3:JN$89,"=HomDog",JQ$3:JQ$89,"=1")+COUNTIFS(JN$3:JN$89,"=VisFave",JQ$3:JQ$89,"=1")+COUNTIFS(JN$3:JN$89,"=VisDog",JQ$3:JQ$89,"=1")+COUNTIFS(JN$3:JN$89,"=HomFave",JQ$3:JQ$89,"=-1")+COUNTIFS(JN$3:JN$89,"=HomDog",JQ$3:JQ$89,"=-1")+COUNTIFS(JN$3:JN$89,"=VisFave",JQ$3:JQ$89,"=-1")+COUNTIFS(JN$3:JN$89,"=VisDog",JQ$3:JQ$89,"=-1") -> 87 | JL4: =$S4 -> 103 | JM4: =IF(OR($S4<OPL_MIN,$S4>OPL_MAX),"",VLOOKUP($F4,CleanseResults!$GJ$3:$GN$1772,5,FALSE)) -> 0.46 | JN4: =IF(JM4="","",IF($W4=1,IF(JM4>=HWinThresh,"HomFave","VisDog"),IF(JM4<HWinThresh,"VisFave","HomDog"))) -> VisFave | JO4: =IF(JN4="","",IF(JM4=0.5,100,IF($W4=1,IF(JM4>0.5,JM4/(1-JM4)*-100, (1-JM4)/JM4*100),IF(JM4>0.5,(1-(1-JM4))/(1-JM4)*100,(1-JM4)/(1-(1-JM4))*-100)))) -> -117.3913 | JP4: =IF(JO4="","",ABS(JO4)) -> 117.3913 | JQ4: =IF(JP4="","",IF(JN4=$AI4,1,-1)) -> 1 | JR4: =IF(OR(JQ4="",JN4<>"HomFave"),"",IF(JQ4=1,100+JS4,0)) | JS4: =IF(OR(JQ4="",JN4<>"HomFave"),"",ABS($S4)) | JT4: =IF(OR(JN4<>"VisDog",JQ4=""),"",IF(JQ4=1,IF($L4<0,100+JU4,ABS($L4)+JU4),0)) | JU4: =IF(OR(JQ4="",JN4<>"VisDog"),"",IF($L4<0,ABS($L4),100)) | JV4: =IF(OR(JQ4="",JN4<>"VisFave"),"",IF(JQ4=1,100+JW4,0)) -> 211 | JW4: =IF(OR(JQ4="",JN4<>"VisFave"),"",ABS($L4)) -> 111 | JX4: =IF(OR(JN4<>"HomDog",JQ4=""),"",IF(JQ4=1,IF($S4<0,100+JY4,ABS($S4)+JY4),0)) | JY4: =IF(OR(JQ4="",JN4<>"HomDog"),"",IF($S4<0,ABS($S4),100)) | KC4: #Plays | KD4: =COUNTIFS(KG$3:KG$89,"=HomFave",KJ$3:KJ$89,"=1")+COUNTIFS(KG$3:KG$89,"=HomDog",KJ$3:KJ$89,"=1")+COUNTIFS(KG$3:KG$89,"=VisFave",KJ$3:KJ$89,"=1")+COUNTIFS(KG$3:KG$89,"=VisDog",KJ$3:KJ$89,"=1")+COUNTIFS(KG$3:KG$89,"=HomFave",KJ$3:KJ$89,"=-1")+COUNTIFS(KG$3:KG$89,"=HomDog",KJ$3:KJ$89,"=-1")+COUNTIFS(KG$3:KG$89,"=VisFave",KJ$3:KJ$89,"=-1")+COUNTIFS(KG$3:KG$89,"=VisDog",KJ$3:KJ$89,"=-1") -> 87 | KE4: =$S4 -> 103 | KF4: =IF(OR($S4<OPL_MIN,$S4>OPL_MAX),"",VLOOKUP($F4,CleanseResults!$GY$3:$HC$1772,5,FALSE)) -> 0.48 | KG4: =IF(KF4="","",IF($W4=1,IF(KF4>=HWinThresh,"HomFave","VisDog"),IF(KF4<HWinThresh,"VisFave","HomDog"))) -> VisFave | KH4: =IF(KG4="","",IF(KF4=0.5,100,IF($W4=1,IF(KF4>0.5,KF4/(1-KF4)*-100, (1-KF4)/KF4*100),IF(KF4>0.5,(1-(1-KF4))/(1-KF4)*100,(1-KF4)/(1-(1-KF4))*-100)))) -> -108.33333 | KI4: =IF(KH4="","",ABS(KH4)) -> 108.33333 | KJ4: =IF(KI4="","",IF(KG4=$AI4,1,-1)) -> 1 | KK4: =IF(OR(KJ4="",KG4<>"HomFave"),"",IF(KJ4=1,100+KL4,0)) | KL4: =IF(OR(KJ4="",KG4<>"HomFave"),"",ABS($S4)) | KM4: =IF(OR(KG4<>"VisDog",KJ4=""),"",IF(KJ4=1,IF($L4<0,100+KN4,ABS($L4)+KN4),0)) | KN4: =IF(OR(KJ4="",KG4<>"VisDog"),"",IF($L4<0,ABS($L4),100)) | KO4: =IF(OR(KJ4="",KG4<>"VisFave"),"",IF(KJ4=1,100+KP4,0)) -> 211 | KP4: =IF(OR(KJ4="",KG4<>"VisFave"),"",ABS($L4)) -> 111 | KQ4: =IF(OR(KG4<>"HomDog",KJ4=""),"",IF(KJ4=1,IF($S4<0,100+KR4,ABS($S4)+KR4),0)) | KR4: =IF(OR(KJ4="",KG4<>"HomDog"),"",IF($S4<0,ABS($S4),100)) | KV4: #Plays | KW4: =COUNTIFS(KZ$3:KZ$89,"=HomFave",LC$3:LC$89,"=1")+COUNTIFS(KZ$3:KZ$89,"=HomDog",LC$3:LC$89,"=1")+COUNTIFS(KZ$3:KZ$89,"=VisFave",LC$3:LC$89,"=1")+COUNTIFS(KZ$3:KZ$89,"=VisDog",LC$3:LC$89,"=1")+COUNTIFS(KZ$3:KZ$89,"=HomFave",LC$3:LC$89,"=-1")+COUNTIFS(KZ$3:KZ$89,"=HomDog",LC$3:LC$89,"=-1")+COUNTIFS(KZ$3:KZ$89,"=VisFave",LC$3:LC$89,"=-1")+COUNTIFS(KZ$3:KZ$89,"=VisDog",LC$3:LC$89,"=-1") -> 87 | KX4: =$S4 -> 103 | KY4: =IF(OR($S4<OPL_MIN,$S4>OPL_MAX),"",VLOOKUP($F4,CleanseResults!$HN$3:$HR$1772,5,FALSE)) -> 0.37 | KZ4: =IF(KY4="","",IF($W4=1,IF(KY4>=HWinThresh,"HomFave","VisDog"),IF(KY4<HWinThresh,"VisFave","HomDog"))) -> VisFave | LA4: =IF(KZ4="","",IF(KY4=0.5,100,IF($W4=1,IF(KY4>0.5,KY4/(1-KY4)*-100, (1-KY4)/KY4*100),IF(KY4>0.5,(1-(1-KY4))/(1-KY4)*100,(1-KY4)/(1-(1-KY4))*-100)))) -> -170.27027 | LB4: =IF(LA4="","",ABS(LA4)) -> 170.27027 | LC4: =IF(LB4="","",IF(KZ4=$AI4,1,-1)) -> 1 | LD4: =IF(OR(LC4="",KZ4<>"HomFave"),"",IF(LC4=1,100+LE4,0)) | LE4: =IF(OR(LC4="",KZ4<>"HomFave"),"",ABS($S4)) | LF4: =IF(OR(KZ4<>"VisDog",LC4=""),"",IF(LC4=1,IF($L4<0,100+LG4,ABS($L4)+LG4),0)) | LG4: =IF(OR(LC4="",KZ4<>"VisDog"),"",IF($L4<0,ABS($L4),100)) | LH4: =IF(OR(LC4="",KZ4<>"VisFave"),"",IF(LC4=1,100+LI4,0)) -> 211 | LI4: =IF(OR(LC4="",KZ4<>"VisFave"),"",ABS($L4)) -> 111 | LJ4: =IF(OR(KZ4<>"HomDog",LC4=""),"",IF(LC4=1,IF($S4<0,100+LK4,ABS($S4)+LK4),0)) | LK4: =IF(OR(LC4="",KZ4<>"HomDog"),"",IF($S4<0,ABS($S4),100)) | LQ4: #Plays | LR4: =LR28+LR37+LR55+LR64 -> 37 | LS4: =IF(LX4="","",U4) -> 0.48357919 | LT4: =COUNTIFS($AT4,"=HomFave",$AW4,"=1")+COUNTIFS($AT4,"=HomFave",$AW4,"=-1")+COUNTIFS($BM4,"=HomFave",$BP4,"=1")+COUNTIFS($BM4,"=HomFave",$BP4,"=-1")+COUNTIFS($CF4,"=HomFave",$CI4,"=1")+COUNTIFS($CF4,"=HomFave",$CI4,"=-1")+COUNTIFS($CY4,"=HomFave",$DB4,"=1")+COUNTIFS($CY4,"=HomFave",$DB4,"=-1")+COUNTIFS($DR4,"=HomFave",$DU4,"=1")+COUNTIFS($DR4,"=HomFave",$DU4,"=-1")+COUNTIFS($EK4,"=HomFave",$EN4,"=1")+COUNTIFS($EK4,"=HomFave",$EN4,"=-1")+COUNTIFS($FD4,"=HomFave",$FG4,"=1")+COUNTIFS($FD4,"=HomFave",$FG4,"=-1")+COUNTIFS($FW4,"=HomFave",$FZ4,"=1")+COUNTIFS($FW4,"=HomFave",$FZ4,"=-1")+COUNTIFS($GP4,"=HomFave",$GS4,"=1")+COUNTIFS($GP4,"=HomFave",$GS4,"=-1") +COUNTIFS($HI4,"=HomFave",$HL4,"=1")+COUNTIFS($HI4,"=HomFave",$HL4,"=-1")+COUNTIFS($IB4,"=HomFave",$IE4,"=1")+COUNTIFS($IB4,"=HomFave",$IE4,"=-1")+COUNTIFS($IU4,"=HomFave",$IX4,"=1")+COUNTIFS($IU4,"=HomFave",$IX4,"=-1")+COUNTIFS($JN4,"=HomFave",$JQ4,"=1")+COUNTIFS($JN4,"=HomFave",$JQ4,"=-1")+COUNTIFS($KG4,"=HomFave",$KJ4,"=1")+COUNTIFS($KG4,"=HomFave",$KJ4,"=-1")+COUNTIFS($KZ4,"=HomFave",$LC4,"=1")+COUNTIFS($KZ4,"=HomFave",$LC4,"=-1") -> 0 | LU4: =COUNTIFS($AT4,"=VisDog",$AW4,"=1")+COUNTIFS($AT4,"=VisDog",$AW4,"=-1")+COUNTIFS($BM4,"=VisDog",$BP4,"=1")+COUNTIFS($BM4,"=VisDog",$BP4,"=-1")+COUNTIFS($CF4,"=VisDog",$CI4,"=1")+COUNTIFS($CF4,"=VisDog",$CI4,"=-1")+COUNTIFS($CY4,"=VisDog",$DB4,"=1")+COUNTIFS($CY4,"=VisDog",$DB4,"=-1")+COUNTIFS($DR4,"=VisDog",$DU4,"=1")+COUNTIFS($DR4,"=VisDog",$DU4,"=-1")+COUNTIFS($EK4,"=VisDog",$EN4,"=1")+COUNTIFS($EK4,"=VisDog",$EN4,"=-1")+COUNTIFS($FD4,"=VisDog",$FG4,"=1")+COUNTIFS($FD4,"=VisDog",$FG4,"=-1")+COUNTIFS($FW4,"=VisDog",$FZ4,"=1")+COUNTIFS($FW4,"=VisDog",$FZ4,"=-1")+COUNTIFS($GP4,"=VisDog",$GS4,"=1")+COUNTIFS($GP4,"=VisDog",$GS4,"=-1") +COUNTIFS($HI4,"=VisDog",$HL4,"=1")+COUNTIFS($HI4,"=VisDog",$HL4,"=-1")+COUNTIFS($IB4,"=VisDog",$IE4,"=1")+COUNTIFS($IB4,"=VisDog",$IE4,"=-1")+COUNTIFS($IU4,"=VisDog",$IX4,"=1")+COUNTIFS($IU4,"=VisDog",$IX4,"=-1")+COUNTIFS($JN4,"=VisDog",$JQ4,"=1")+COUNTIFS($JN4,"=VisDog",$JQ4,"=-1")+COUNTIFS($KG4,"=VisDog",$KJ4,"=1")+COUNTIFS($KG4,"=VisDog",$KJ4,"=-1")+COUNTIFS($KZ4,"=VisDog",$LC4,"=1")+COUNTIFS($KZ4,"=VisDog",$LC4,"=-1") -> 0 | LV4: =COUNTIFS($AT4,"=VisFave",$AW4,"=1")+COUNTIFS($AT4,"=VisFave",$AW4,"=-1")+COUNTIFS($BM4,"=VisFave",$BP4,"=1")+COUNTIFS($BM4,"=VisFave",$BP4,"=-1")+COUNTIFS($CF4,"=VisFave",$CI4,"=1")+COUNTIFS($CF4,"=VisFave",$CI4,"=-1")+COUNTIFS($CY4,"=VisFave",$DB4,"=1")+COUNTIFS($CY4,"=VisFave",$DB4,"=-1")+COUNTIFS($DR4,"=VisFave",$DU4,"=1")+COUNTIFS($DR4,"=VisFave",$DU4,"=-1")+COUNTIFS($EK4,"=VisFave",$EN4,"=1")+COUNTIFS($EK4,"=VisFave",$EN4,"=-1")+COUNTIFS($FD4,"=VisFave",$FG4,"=1")+COUNTIFS($FD4,"=VisFave",$FG4,"=-1")+COUNTIFS($FW4,"=VisFave",$FZ4,"=1")+COUNTIFS($FW4,"=VisFave",$FZ4,"=-1")+COUNTIFS($GP4,"=VisFave",$GS4,"=1")+COUNTIFS($GP4,"=VisFave",$GS4,"=-1") +COUNTIFS($HI4,"=VisFave",$HL4,"=1")+COUNTIFS($HI4,"=VisFave",$HL4,"=-1")+COUNTIFS($IB4,"=VisFave",$IE4,"=1")+COUNTIFS($IB4,"=VisFave",$IE4,"=-1")+COUNTIFS($IU4,"=VisFave",$IX4,"=1")+COUNTIFS($IU4,"=VisFave",$IX4,"=-1")+COUNTIFS($JN4,"=VisFave",$JQ4,"=1")+COUNTIFS($JN4,"=VisFave",$JQ4,"=-1")+COUNTIFS($KG4,"=VisFave",$KJ4,"=1")+COUNTIFS($KG4,"=VisFave",$KJ4,"=-1")+COUNTIFS($KZ4,"=VisFave",$LC4,"=1")+COUNTIFS($KZ4,"=VisFave",$LC4,"=-1") -> 13 | LW4: =COUNTIFS($AT4,"=HomDog",$AW4,"=1")+COUNTIFS($AT4,"=HomDog",$AW4,"=-1")+COUNTIFS($BM4,"=HomDog",$BP4,"=1")+COUNTIFS($BM4,"=HomDog",$BP4,"=-1")+COUNTIFS($CF4,"=HomDog",$CI4,"=1")+COUNTIFS($CF4,"=HomDog",$CI4,"=-1")+COUNTIFS($CY4,"=HomDog",$DB4,"=1")+COUNTIFS($CY4,"=HomDog",$DB4,"=-1")+COUNTIFS($DR4,"=HomDog",$DU4,"=1")+COUNTIFS($DR4,"=HomDog",$DU4,"=-1")+COUNTIFS($EK4,"=HomDog",$EN4,"=1")+COUNTIFS($EK4,"=HomDog",$EN4,"=-1")+COUNTIFS($FD4,"=HomDog",$FG4,"=1")+COUNTIFS($FD4,"=HomDog",$FG4,"=-1")+COUNTIFS($FW4,"=HomDog",$FZ4,"=1")+COUNTIFS($FW4,"=HomDog",$FZ4,"=-1")+COUNTIFS($GP4,"=HomDog",$GS4,"=1")+COUNTIFS($GP4,"=HomDog",$GS4,"=-1") +COUNTIFS($HI4,"=HomDog",$HL4,"=1")+COUNTIFS($HI4,"=HomDog",$HL4,"=-1")+COUNTIFS($IB4,"=HomDog",$IE4,"=1")+COUNTIFS($IB4,"=HomDog",$IE4,"=-1")+COUNTIFS($IU4,"=HomDog",$IX4,"=1")+COUNTIFS($IU4,"=HomDog",$IX4,"=-1")+COUNTIFS($JN4,"=HomDog",$JQ4,"=1")+COUNTIFS($JN4,"=HomDog",$JQ4,"=-1")+COUNTIFS($KG4,"=HomDog",$KJ4,"=1")+COUNTIFS($KG4,"=HomDog",$KJ4,"=-1")+COUNTIFS($KZ4,"=HomDog",$LC4,"=1")+COUNTIFS($KZ4,"=HomDog",$LC4,"=-1") -> 2 | LX4: =IF($S4<$L4,IF(LT4>LU4,IF((ens1NumVoters-SUM(LT4,LU4))>LT4,"",IF((LT4/(LT4+LU4))>=ens1VoteAgreement,"HomFave","")),IF((ens1NumVoters-SUM(LT4,LU4))>LU4,"",IF((LU4/(LT4+LU4))>=ens1VoteAgreement,"VisDog",""))),IF(LV4>LW4,IF((ens1NumVoters-SUM(LV4,LW4))>LV4,"",IF((LV4/(LV4+LW4))>=ens1VoteAgreement,"VisFave","")),IF((ens1NumVoters-SUM(LV4,LW4))>LW4,"",IF((LW4/(LV4+LW4))>=ens1VoteAgreement,"HomDog","")))) -> VisFave | LY4: =IF(MC4="","",IF(LX4="HomFave",(LT4/$LS$2)*100,IF(LX4="VisDog",(LU4/$LS$2)*100,IF(LX4="VisFave",(LV4/$LS$2)*100,(LW4/$LS$2)*100)))) -> 86.666667 | LZ4: =IF(LX4="","",NM4) -> 0.47 | MA4: =IF(LX4="","",LZ4-$U4) -> -0.013579191 | MB4: =IF(LZ4="","",IF(LZ4=0.5,100,IF($W4=1,IF(LZ4>0.5,LZ4/(1-LZ4)*-100,(1-LZ4)/LZ4*100), IF(LZ4<0.5,(1-LZ4)/LZ4*100,LZ4/(1-LZ4)*-100)))) -> 112.76596 | MC4: =IF(LX4="","", IF(edge_pp=0, LX4, IF(OR(LX4="HomFave",LX4="HomDog"), IF(MA4 >= edge_pp, LX4, ""), IF(MA4 <= -edge_pp, LX4, "")))) -> VisFave | MD4: =IF(OR(MB4<MODELPRICE_MIN,MB4>MODELPRICE_MAX),"",IF(OR(MC4="VisFave",MC4=""),"",IF(MC4=$AI4,1,-1))) | ME4: =IF(OR(MP4="",MP4=0),"",IF(MC4=$AI4,1,-1)) | MF4: =IF(OR(ME4="",MC4<>"HomFave"),"",IF(ME4=1,MP4*(1+MO4),0)) | MG4: =IF(OR(ME4="",MC4<>"HomFave"),"",MP4) | MH4: =IF(OR(MC4<>"VisDog",ME4=""),"",IF(ME4=1,MP4*(1+MO4),0)) | MI4: =IF(OR(ME4="",MC4<>"VisDog"),"",MP4) | MJ4: =IF(OR(ME4="",MC4<>"VisFave"),"",IF(ME4=1,MP4*(1+MO4),0)) | MK4: =IF(OR(ME4="",MC4<>"VisFave"),"",MP4) | ML4: =IF(OR(MC4<>"HomDog",ME4=""),"",IF(ME4=1,MP4*(1+MO4),0)) | MM4: =IF(OR(ME4="",MC4<>"HomDog"),"",MP4) | MO4: =IF($MD4="","",IF(OR($MC4="HomFave",$MC4="HomDog"),IF($S4<0,100/ABS($S4),$S4/100),IF($L4<0,100/ABS($L4),$L4/100))) | MP4: =IF($MD4="","", IF(stakeMode=1, 1, IF(OR($MC4="HomFave",$MC4="HomDog"), kellyFraction*MAX(0, $LZ4 - (1-$LZ4)/$MO4), kellyFraction*MAX(0, (1-$LZ4) - $LZ4/$MO4)))) | MS4: =IF($ME4="","",MP4) | MT4: =IF($ME4="","",IF(ME4=1,MP4*(1+MO4),0)) | MU4: =IF($ME4="","",IF(ME4=1,MP4*MO4,-1*MP4)) | MV4: =IF($ME4="","",IF(MS4=0,0,MU4/MS4)) | MX4: =IF($LX4="","",AS4) -> 0.43 | MY4: =IF($LX4="","",BL4) -> 0.41 | MZ4: =IF($LX4="","",CE4) -> 0.42 | NA4: =IF($LX4="","",CX4) -> 0.48 | NB4: =IF($LX4="","",DQ4) -> 0.47 | NC4: =IF($LX4="","",EJ4) -> 0.46 | ND4: =IF($LX4="","",FC4) -> 0.49 | NE4: =IF($LX4="","",FV4) -> 0.47 | NF4: =IF($LX4="","",GO4) -> 0.5 | NG4: =IF($LX4="","",HH4) -> 0.5 | NH4: =IF($LX4="","",IA4) -> 0.49 | NI4: =IF($LX4="","",IT4) -> 0.49 | NJ4: =IF($LX4="","",JM4) -> 0.46 | NK4: =IF($LX4="","",KF4) -> 0.48 | NL4: =IF($LX4="","",KY4) -> 0.37 | NM4: =MEDIAN(MX4:NL4) -> 0.47
C5: %H Win | D5: =D4/NumGames -> 0.5862069 | E5: =IF(AND(L5<0,S5<0),1,0) -> 0 | F5: 777551 | G5: =VLOOKUP($F5,Lookup_!$A$2:$AJ$2224,3,FALSE) -> 2025 | H5: =VLOOKUP($F5,Lookup_!$A$2:$AJ$2224,4,FALSE) -> 6.2 | I5: =VLOOKUP($F5,Lookup_!$A$2:$AJ$2224,2,FALSE) -> 45819 | J5: =VLOOKUP($F5,Lookup_!$A$2:$AJ$2224,13,FALSE) -> 19 | K5: =VLOOKUP(J5,Lookup_!$AO$3:$AP$32,2,FALSE) -> NYY | L5: =VLOOKUP($F5,Lookup_!$A$2:$AJ$2224,14,FALSE) -> -120 | M5: =VLOOKUP($F5,Lookup_!$A$2:$AJ$2224,15,FALSE) -> 0.545455 | N5: =M5/($M5+$T5) -> 0.53508033 | O5: =IF(N5=0.5,100,IF(N5>0.5,N5/(1-N5)*-100, (1-N5)/N5*100)) -> -115.09092 | P5: =VLOOKUP($F5,Lookup_!$A$2:$AJ$2224,7,FALSE) -> 13 | Q5: =VLOOKUP(P5,Lookup_!$AO$3:$AP$32,2,FALSE) -> KC | R5: =VLOOKUP($F5,Lookup_!$A$2:$AJ$2224,12,FALSE) -> 0.32365467 | S5: =VLOOKUP($F5,Lookup_!$A$2:$AJ$2224,8,FALSE) -> 111 | T5: =VLOOKUP($F5,Lookup_!$A$2:$AJ$2224,9,FALSE) -> 0.473934 | U5: =T5/($M5+$T5) -> 0.46491967 | V5: =IF(U5=0.5,100,IF(U5>0.5,U5/(1-U5)*-100, (1-U5)/U5*100)) -> 115.09092 | W5: =IF(S5<L5,1,-1) -> -1 | X5: =VLOOKUP($F5,Lookup_!$A$2:$AJ$2224,5,FALSE) -> 8.5 | Y5: =VLOOKUP($F5,Lookup_!$A$2:$AJ$2224,6,FALSE) -> -107 | Z5: =VLOOKUP($F5,Lookup_!$A$2:$AJ$2224,19,FALSE) -> 103.86474 | AA5: =VLOOKUP($F5,Lookup_!$A$2:$AJ$2224,25,FALSE) -> 146.77466 | AB5: =VLOOKUP($F5,Lookup_!$A$2:$AJ$2224,21,FALSE) -> -145.61005 | AC5: =VLOOKUP($F5,Lookup_!$A$2:$AJ$2224,23,FALSE) -> 105.05712 | AD5: =VLOOKUP($F5,Lookup_!$A$2:$AJ$2224,31,FALSE) -> 6 | AE5: =VLOOKUP($F5,Lookup_!$A$2:$AJ$2224,30,FALSE) -> 3 | AF5: =VLOOKUP($F5,Lookup_!$A$2:$AJ$2224,32,FALSE) -> THREE | AG5: =VLOOKUP($F5,Lookup_!$A$2:$AJ$2224,29,FALSE) -> -1 | AH5: =VLOOKUP($F5,Lookup_!$A$2:$AJ$2224,34,FALSE) -> 1 | AI5: =VLOOKUP($F5,Lookup_!$A$2:$AJ$2224,33,FALSE) -> VisFave | AJ5: =VLOOKUP($F5,Lookup_!$A$2:$AJ$2224,35,FALSE) -> 9 | AK5: =VLOOKUP($F5,Lookup_!$A$2:$AJ$2224,36,FALSE) -> 1 | AL5: =ABS(AD5-AE5) -> 3 | AM5: =IF(AL5<>AI5,1,"") -> 1 | AP5: %Available Plays | AQ5: =AQ4/NumGames -> 1 | AR5: =$S5 -> 111 | AS5: =IF(OR($S5<OPL_MIN,$S5>OPL_MAX),"",VLOOKUP($F5,CleanseResults!$L$3:$P$1772,5,FALSE)) -> 0.4 | AT5: =IF(AS5="","",IF($W5=1,IF(AS5>=HWinThresh,"HomFave","VisDog"),IF(AS5<HWinThresh,"VisFave","HomDog"))) -> VisFave | AU5: =IF(AT5="","",IF(AS5=0.5,100,IF($W5=1,IF(AS5>0.5,AS5/(1-AS5)*-100, (1-AS5)/AS5*100),IF(AS5>0.5,(1-(1-AS5))/(1-AS5)*100,(1-AS5)/(1-(1-AS5))*-100)))) -> -150 | AV5: =IF(AU5="","",ABS(AU5)) -> 150 | AW5: =IF(AV5="","",IF(AT5=$AI5,1,-1)) -> 1 | AX5: =IF(OR(AW5="",AT5<>"HomFave"),"",IF(AW5=1,100+AY5,0)) | AY5: =IF(OR(AW5="",AT5<>"HomFave"),"",ABS($S5)) | AZ5: =IF(OR(AT5<>"VisDog",AW5=""),"",IF(AW5=1,IF($L5<0,100+BA5,ABS($L5)+BA5),0)) | BA5: =IF(OR(AW5="",AT5<>"VisDog"),"",IF($L5<0,ABS($L5),100)) | BB5: =IF(OR(AW5="",AT5<>"VisFave"),"",IF(AW5=1,100+BC5,0)) -> 220 | BC5: =IF(OR(AW5="",AT5<>"VisFave"),"",ABS($L5)) -> 120 | BD5: =IF(OR(AT5<>"HomDog",AW5=""),"",IF(AW5=1,IF($S5<0,100+BE5,ABS($S5)+BE5),0)) | BE5: =IF(OR(AW5="",AT5<>"HomDog"),"",IF($S5<0,ABS($S5),100)) | BI5: %Available Plays | BJ5: =BJ4/NumGames -> 1 | BK5: =$S5 -> 111 | BL5: =IF(OR($S5<OPL_MIN,$S5>OPL_MAX),"",VLOOKUP($F5,CleanseResults!$AA$3:$AE$1772,5,FALSE)) -> 0.29 | BM5: =IF(BL5="","",IF($W5=1,IF(BL5>=HWinThresh,"HomFave","VisDog"),IF(BL5<HWinThresh,"VisFave","HomDog"))) -> VisFave | BN5: =IF(BM5="","",IF(BL5=0.5,100,IF($W5=1,IF(BL5>0.5,BL5/(1-BL5)*-100, (1-BL5)/BL5*100),IF(BL5>0.5,(1-(1-BL5))/(1-BL5)*100,(1-BL5)/(1-(1-BL5))*-100)))) -> -244.82759 | BO5: =IF(BN5="","",ABS(BN5)) -> 244.82759 | BP5: =IF(BO5="","",IF(BM5=$AI5,1,-1)) -> 1 | BQ5: =IF(OR(BP5="",BM5<>"HomFave"),"",IF(BP5=1,100+BR5,0)) | BR5: =IF(OR(BP5="",BM5<>"HomFave"),"",ABS($S5)) | BS5: =IF(OR(BM5<>"VisDog",BP5=""),"",IF(BP5=1,IF($L5<0,100+BT5,ABS($L5)+BT5),0)) | BT5: =IF(OR(BP5="",BM5<>"VisDog"),"",IF($L5<0,ABS($L5),100)) | BU5: =IF(OR(BP5="",BM5<>"VisFave"),"",IF(BP5=1,100+BV5,0)) -> 220 | BV5: =IF(OR(BP5="",BM5<>"VisFave"),"",ABS($L5)) -> 120 | BW5: =IF(OR(BM5<>"HomDog",BP5=""),"",IF(BP5=1,IF($S5<0,100+BX5,ABS($S5)+BX5),0)) | BX5: =IF(OR(BP5="",BM5<>"HomDog"),"",IF($S5<0,ABS($S5),100)) | CB5: %Available Plays | CC5: =CC4/NumGames -> 1 | CD5: =$S5 -> 111 | CE5: =IF(OR($S5<OPL_MIN,$S5>OPL_MAX),"",VLOOKUP($F5,CleanseResults!$AP$3:$AT$1772,5,FALSE)) -> 0.26 | CF5: =IF(CE5="","",IF($W5=1,IF(CE5>=HWinThresh,"HomFave","VisDog"),IF(CE5<HWinThresh,"VisFave","HomDog"))) -> VisFave | CG5: =IF(CF5="","",IF(CE5=0.5,100,IF($W5=1,IF(CE5>0.5,CE5/(1-CE5)*-100, (1-CE5)/CE5*100),IF(CE5>0.5,(1-(1-CE5))/(1-CE5)*100,(1-CE5)/(1-(1-CE5))*-100)))) -> -284.61538 | CH5: =IF(CG5="","",ABS(CG5)) -> 284.61538 | CI5: =IF(CH5="","",IF(CF5=$AI5,1,-1)) -> 1 | CJ5: =IF(OR(CI5="",CF5<>"HomFave"),"",IF(CI5=1,100+CK5,0)) | CK5: =IF(OR(CI5="",CF5<>"HomFave"),"",ABS($S5)) | CL5: =IF(OR(CF5<>"VisDog",CI5=""),"",IF(CI5=1,IF($L5<0,100+CM5,ABS($L5)+CM5),0)) | CM5: =IF(OR(CI5="",CF5<>"VisDog"),"",IF($L5<0,ABS($L5),100)) | CN5: =IF(OR(CI5="",CF5<>"VisFave"),"",IF(CI5=1,100+CO5,0)) -> 220 | CO5: =IF(OR(CI5="",CF5<>"VisFave"),"",ABS($L5)) -> 120 | CP5: =IF(OR(CF5<>"HomDog",CI5=""),"",IF(CI5=1,IF($S5<0,100+CQ5,ABS($S5)+CQ5),0)) | CQ5: =IF(OR(CI5="",CF5<>"HomDog"),"",IF($S5<0,ABS($S5),100)) | CU5: %Available Plays | CV5: =CV4/NumGames -> 1 | CW5: =$S5 -> 111 | CX5: =IF(OR($S5<OPL_MIN,$S5>OPL_MAX),"",VLOOKUP($F5,CleanseResults!$BE$3:$BI$1772,5,FALSE)) -> 0.32 | CY5: =IF(CX5="","",IF($W5=1,IF(CX5>=HWinThresh,"HomFave","VisDog"),IF(CX5<HWinThresh,"VisFave","HomDog"))) -> VisFave | CZ5: =IF(CY5="","",IF(CX5=0.5,100,IF($W5=1,IF(CX5>0.5,CX5/(1-CX5)*-100, (1-CX5)/CX5*100),IF(CX5>0.5,(1-(1-CX5))/(1-CX5)*100,(1-CX5)/(1-(1-CX5))*-100)))) -> -212.5 | DA5: =IF(CZ5="","",ABS(CZ5)) -> 212.5 | DB5: =IF(DA5="","",IF(CY5=$AI5,1,-1)) -> 1 | DC5: =IF(OR(DB5="",CY5<>"HomFave"),"",IF(DB5=1,100+DD5,0)) | DD5: =IF(OR(DB5="",CY5<>"HomFave"),"",ABS($S5)) | DE5: =IF(OR(CY5<>"VisDog",DB5=""),"",IF(DB5=1,IF($L5<0,100+DF5,ABS($L5)+DF5),0)) | DF5: =IF(OR(DB5="",CY5<>"VisDog"),"",IF($L5<0,ABS($L5),100)) | DG5: =IF(OR(DB5="",CY5<>"VisFave"),"",IF(DB5=1,100+DH5,0)) -> 220 | DH5: =IF(OR(DB5="",CY5<>"VisFave"),"",ABS($L5)) -> 120 | DI5: =IF(OR(CY5<>"HomDog",DB5=""),"",IF(DB5=1,IF($S5<0,100+DJ5,ABS($S5)+DJ5),0)) | DJ5: =IF(OR(DB5="",CY5<>"HomDog"),"",IF($S5<0,ABS($S5),100)) | DN5: %Available Plays | DO5: =DO4/NumGames -> 1 | DP5: =$S5 -> 111 | DQ5: =IF(OR($S5<OPL_MIN,$S5>OPL_MAX),"",VLOOKUP($F5,CleanseResults!$BT$3:$BX$1772,5,FALSE)) -> 0.33 | DR5: =IF(DQ5="","",IF($W5=1,IF(DQ5>=HWinThresh,"HomFave","VisDog"),IF(DQ5<HWinThresh,"VisFave","HomDog"))) -> VisFave | DS5: =IF(DR5="","",IF(DQ5=0.5,100,IF($W5=1,IF(DQ5>0.5,DQ5/(1-DQ5)*-100, (1-DQ5)/DQ5*100),IF(DQ5>0.5,(1-(1-DQ5))/(1-DQ5)*100,(1-DQ5)/(1-(1-DQ5))*-100)))) -> -203.0303 | DT5: =IF(DS5="","",ABS(DS5)) -> 203.0303 | DU5: =IF(DT5="","",IF(DR5=$AI5,1,-1)) -> 1 | DV5: =IF(OR(DU5="",DR5<>"HomFave"),"",IF(DU5=1,100+DW5,0)) | DW5: =IF(OR(DU5="",DR5<>"HomFave"),"",ABS($S5)) | DX5: =IF(OR(DR5<>"VisDog",DU5=""),"",IF(DU5=1,IF($L5<0,100+DY5,ABS($L5)+DY5),0)) | DY5: =IF(OR(DU5="",DR5<>"VisDog"),"",IF($L5<0,ABS($L5),100)) | DZ5: =IF(OR(DU5="",DR5<>"VisFave"),"",IF(DU5=1,100+EA5,0)) -> 220 | EA5: =IF(OR(DU5="",DR5<>"VisFave"),"",ABS($L5)) -> 120 | EB5: =IF(OR(DR5<>"HomDog",DU5=""),"",IF(DU5=1,IF($S5<0,100+EC5,ABS($S5)+EC5),0)) | EC5: =IF(OR(DU5="",DR5<>"HomDog"),"",IF($S5<0,ABS($S5),100)) | EG5: %Available Plays | EH5: =EH4/NumGames -> 1 | EI5: =$S5 -> 111 | EJ5: =IF(OR($S5<OPL_MIN,$S5>OPL_MAX),"",VLOOKUP($F5,CleanseResults!$CI$3:$CM$1772,5,FALSE)) -> 0.43 | EK5: =IF(EJ5="","",IF($W5=1,IF(EJ5>=HWinThresh,"HomFave","VisDog"),IF(EJ5<HWinThresh,"VisFave","HomDog"))) -> VisFave | EL5: =IF(EK5="","",IF(EJ5=0.5,100,IF($W5=1,IF(EJ5>0.5,EJ5/(1-EJ5)*-100, (1-EJ5)/EJ5*100),IF(EJ5>0.5,(1-(1-EJ5))/(1-EJ5)*100,(1-EJ5)/(1-(1-EJ5))*-100)))) -> -132.55814 | EM5: =IF(EL5="","",ABS(EL5)) -> 132.55814 | EN5: =IF(EM5="","",IF(EK5=$AI5,1,-1)) -> 1 | EO5: =IF(OR(EN5="",EK5<>"HomFave"),"",IF(EN5=1,100+EP5,0)) | EP5: =IF(OR(EN5="",EK5<>"HomFave"),"",ABS($S5)) | EQ5: =IF(OR(EK5<>"VisDog",EN5=""),"",IF(EN5=1,IF($L5<0,100+ER5,ABS($L5)+ER5),0)) | ER5: =IF(OR(EN5="",EK5<>"VisDog"),"",IF($L5<0,ABS($L5),100)) | ES5: =IF(OR(EN5="",EK5<>"VisFave"),"",IF(EN5=1,100+ET5,0)) -> 220 | ET5: =IF(OR(EN5="",EK5<>"VisFave"),"",ABS($L5)) -> 120 | EU5: =IF(OR(EK5<>"HomDog",EN5=""),"",IF(EN5=1,IF($S5<0,100+EV5,ABS($S5)+EV5),0)) | EV5: =IF(OR(EN5="",EK5<>"HomDog"),"",IF($S5<0,ABS($S5),100)) | EZ5: %Available Plays | FA5: =FA4/NumGames -> 1 | FB5: =$S5 -> 111 | FC5: =IF(OR($S5<OPL_MIN,$S5>OPL_MAX),"",VLOOKUP($F5,CleanseResults!$CX$3:$DB$1772,5,FALSE)) -> 0.44 | FD5: =IF(FC5="","",IF($W5=1,IF(FC5>=HWinThresh,"HomFave","VisDog"),IF(FC5<HWinThresh,"VisFave","HomDog"))) -> VisFave | FE5: =IF(FD5="","",IF(FC5=0.5,100,IF($W5=1,IF(FC5>0.5,FC5/(1-FC5)*-100, (1-FC5)/FC5*100),IF(FC5>0.5,(1-(1-FC5))/(1-FC5)*100,(1-FC5)/(1-(1-FC5))*-100)))) -> -127.27273 | FF5: =IF(FE5="","",ABS(FE5)) -> 127.27273 | FG5: =IF(FF5="","",IF(FD5=$AI5,1,-1)) -> 1 | FH5: =IF(OR(FG5="",FD5<>"HomFave"),"",IF(FG5=1,100+FI5,0)) | FI5: =IF(OR(FG5="",FD5<>"HomFave"),"",ABS($S5)) | FJ5: =IF(OR(FD5<>"VisDog",FG5=""),"",IF(FG5=1,IF($L5<0,100+FK5,ABS($L5)+FK5),0)) | FK5: =IF(OR(FG5="",FD5<>"VisDog"),"",IF($L5<0,ABS($L5),100)) | FL5: =IF(OR(FG5="",FD5<>"VisFave"),"",IF(FG5=1,100+FM5,0)) -> 220 | FM5: =IF(OR(FG5="",FD5<>"VisFave"),"",ABS($L5)) -> 120 | FN5: =IF(OR(FD5<>"HomDog",FG5=""),"",IF(FG5=1,IF($S5<0,100+FO5,ABS($S5)+FO5),0)) | FO5: =IF(OR(FG5="",FD5<>"HomDog"),"",IF($S5<0,ABS($S5),100)) | FS5: %Available Plays | FT5: =FT4/NumGames -> 1 | FU5: =$S5 -> 111 | FV5: =IF(OR($S5<OPL_MIN,$S5>OPL_MAX),"",VLOOKUP($F5,CleanseResults!$DM$3:$DQ$1772,5,FALSE)) -> 0.41 | FW5: =IF(FV5="","",IF($W5=1,IF(FV5>=HWinThresh,"HomFave","VisDog"),IF(FV5<HWinThresh,"VisFave","HomDog"))) -> VisFave | FX5: =IF(FW5="","",IF(FV5=0.5,100,IF($W5=1,IF(FV5>0.5,FV5/(1-FV5)*-100, (1-FV5)/FV5*100),IF(FV5>0.5,(1-(1-FV5))/(1-FV5)*100,(1-FV5)/(1-(1-FV5))*-100)))) -> -143.90244 | FY5: =IF(FX5="","",ABS(FX5)) -> 143.90244 | FZ5: =IF(FY5="","",IF(FW5=$AI5,1,-1)) -> 1 | GA5: =IF(OR(FZ5="",FW5<>"HomFave"),"",IF(FZ5=1,100+GB5,0)) | GB5: =IF(OR(FZ5="",FW5<>"HomFave"),"",ABS($S5)) | GC5: =IF(OR(FW5<>"VisDog",FZ5=""),"",IF(FZ5=1,IF($L5<0,100+GD5,ABS($L5)+GD5),0)) | GD5: =IF(OR(FZ5="",FW5<>"VisDog"),"",IF($L5<0,ABS($L5),100)) | GE5: =IF(OR(FZ5="",FW5<>"VisFave"),"",IF(FZ5=1,100+GF5,0)) -> 220 | GF5: =IF(OR(FZ5="",FW5<>"VisFave"),"",ABS($L5)) -> 120 | GG5: =IF(OR(FW5<>"HomDog",FZ5=""),"",IF(FZ5=1,IF($S5<0,100+GH5,ABS($S5)+GH5),0)) | GH5: =IF(OR(FZ5="",FW5<>"HomDog"),"",IF($S5<0,ABS($S5),100)) | GL5: %Available Plays | GM5: =GM4/NumGames -> 1 | GN5: =$S5 -> 111 | GO5: =IF(OR($S5<OPL_MIN,$S5>OPL_MAX),"",VLOOKUP($F5,CleanseResults!$EB$3:$EF$1772,5,FALSE)) -> 0.42 | GP5: =IF(GO5="","",IF($W5=1,IF(GO5>=HWinThresh,"HomFave","VisDog"),IF(GO5<HWinThresh,"VisFave","HomDog"))) -> VisFave | GQ5: =IF(GP5="","",IF(GO5=0.5,100,IF($W5=1,IF(GO5>0.5,GO5/(1-GO5)*-100, (1-GO5)/GO5*100),IF(GO5>0.5,(1-(1-GO5))/(1-GO5)*100,(1-GO5)/(1-(1-GO5))*-100)))) -> -138.09524 | GR5: =IF(GQ5="","",ABS(GQ5)) -> 138.09524 | GS5: =IF(GR5="","",IF(GP5=$AI5,1,-1)) -> 1 | GT5: =IF(OR(GS5="",GP5<>"HomFave"),"",IF(GS5=1,100+GU5,0)) | GU5: =IF(OR(GS5="",GP5<>"HomFave"),"",ABS($S5)) | GV5: =IF(OR(GP5<>"VisDog",GS5=""),"",IF(GS5=1,IF($L5<0,100+GW5,ABS($L5)+GW5),0)) | GW5: =IF(OR(GS5="",GP5<>"VisDog"),"",IF($L5<0,ABS($L5),100)) | GX5: =IF(OR(GS5="",GP5<>"VisFave"),"",IF(GS5=1,100+GY5,0)) -> 220 | GY5: =IF(OR(GS5="",GP5<>"VisFave"),"",ABS($L5)) -> 120 | GZ5: =IF(OR(GP5<>"HomDog",GS5=""),"",IF(GS5=1,IF($S5<0,100+HA5,ABS($S5)+HA5),0)) | HA5: =IF(OR(GS5="",GP5<>"HomDog"),"",IF($S5<0,ABS($S5),100)) | HE5: %Available Plays | HF5: =HF4/NumGames -> 1 | HG5: =$S5 -> 111 | HH5: =IF(OR($S5<OPL_MIN,$S5>OPL_MAX),"",VLOOKUP($F5,CleanseResults!$EQ$3:$EU$1772,5,FALSE)) -> 0.42 | HI5: =IF(HH5="","",IF($W5=1,IF(HH5>=HWinThresh,"HomFave","VisDog"),IF(HH5<HWinThresh,"VisFave","HomDog"))) -> VisFave | HJ5: =IF(HI5="","",IF(HH5=0.5,100,IF($W5=1,IF(HH5>0.5,HH5/(1-HH5)*-100, (1-HH5)/HH5*100),IF(HH5>0.5,(1-(1-HH5))/(1-HH5)*100,(1-HH5)/(1-(1-HH5))*-100)))) -> -138.09524 | HK5: =IF(HJ5="","",ABS(HJ5)) -> 138.09524 | HL5: =IF(HK5="","",IF(HI5=$AI5,1,-1)) -> 1 | HM5: =IF(OR(HL5="",HI5<>"HomFave"),"",IF(HL5=1,100+HN5,0)) | HN5: =IF(OR(HL5="",HI5<>"HomFave"),"",ABS($S5)) | HO5: =IF(OR(HI5<>"VisDog",HL5=""),"",IF(HL5=1,IF($L5<0,100+HP5,ABS($L5)+HP5),0)) | HP5: =IF(OR(HL5="",HI5<>"VisDog"),"",IF($L5<0,ABS($L5),100)) | HQ5: =IF(OR(HL5="",HI5<>"VisFave"),"",IF(HL5=1,100+HR5,0)) -> 220 | HR5: =IF(OR(HL5="",HI5<>"VisFave"),"",ABS($L5)) -> 120 | HS5: =IF(OR(HI5<>"HomDog",HL5=""),"",IF(HL5=1,IF($S5<0,100+HT5,ABS($S5)+HT5),0)) | HT5: =IF(OR(HL5="",HI5<>"HomDog"),"",IF($S5<0,ABS($S5),100)) | HX5: %Available Plays | HY5: =HY4/NumGames -> 1 | HZ5: =$S5 -> 111 | IA5: =IF(OR($S5<OPL_MIN,$S5>OPL_MAX),"",VLOOKUP($F5,CleanseResults!$FF$3:$FJ$1772,5,FALSE)) -> 0.47 | IB5: =IF(IA5="","",IF($W5=1,IF(IA5>=HWinThresh,"HomFave","VisDog"),IF(IA5<HWinThresh,"VisFave","HomDog"))) -> VisFave | IC5: =IF(IB5="","",IF(IA5=0.5,100,IF($W5=1,IF(IA5>0.5,IA5/(1-IA5)*-100, (1-IA5)/IA5*100),IF(IA5>0.5,(1-(1-IA5))/(1-IA5)*100,(1-IA5)/(1-(1-IA5))*-100)))) -> -112.76596 | ID5: =IF(IC5="","",ABS(IC5)) -> 112.76596 | IE5: =IF(ID5="","",IF(IB5=$AI5,1,-1)) -> 1 | IF5: =IF(OR(IE5="",IB5<>"HomFave"),"",IF(IE5=1,100+IG5,0)) | IG5: =IF(OR(IE5="",IB5<>"HomFave"),"",ABS($S5)) | IH5: =IF(OR(IB5<>"VisDog",IE5=""),"",IF(IE5=1,IF($L5<0,100+II5,ABS($L5)+II5),0)) | II5: =IF(OR(IE5="",IB5<>"VisDog"),"",IF($L5<0,ABS($L5),100)) | IJ5: =IF(OR(IE5="",IB5<>"VisFave"),"",IF(IE5=1,100+IK5,0)) -> 220 | IK5: =IF(OR(IE5="",IB5<>"VisFave"),"",ABS($L5)) -> 120 | IL5: =IF(OR(IB5<>"HomDog",IE5=""),"",IF(IE5=1,IF($S5<0,100+IM5,ABS($S5)+IM5),0)) | IM5: =IF(OR(IE5="",IB5<>"HomDog"),"",IF($S5<0,ABS($S5),100)) | IQ5: %Available Plays | IR5: =IR4/NumGames -> 1 | IS5: =$S5 -> 111 | IT5: =IF(OR($S5<OPL_MIN,$S5>OPL_MAX),"",VLOOKUP($F5,CleanseResults!$FU$3:$FY$1772,5,FALSE)) -> 0.47 | IU5: =IF(IT5="","",IF($W5=1,IF(IT5>=HWinThresh,"HomFave","VisDog"),IF(IT5<HWinThresh,"VisFave","HomDog"))) -> VisFave | IV5: =IF(IU5="","",IF(IT5=0.5,100,IF($W5=1,IF(IT5>0.5,IT5/(1-IT5)*-100, (1-IT5)/IT5*100),IF(IT5>0.5,(1-(1-IT5))/(1-IT5)*100,(1-IT5)/(1-(1-IT5))*-100)))) -> -112.76596 | IW5: =IF(IV5="","",ABS(IV5)) -> 112.76596 | IX5: =IF(IW5="","",IF(IU5=$AI5,1,-1)) -> 1 | IY5: =IF(OR(IX5="",IU5<>"HomFave"),"",IF(IX5=1,100+IZ5,0)) | IZ5: =IF(OR(IX5="",IU5<>"HomFave"),"",ABS($S5)) | JA5: =IF(OR(IU5<>"VisDog",IX5=""),"",IF(IX5=1,IF($L5<0,100+JB5,ABS($L5)+JB5),0)) | JB5: =IF(OR(IX5="",IU5<>"VisDog"),"",IF($L5<0,ABS($L5),100)) | JC5: =IF(OR(IX5="",IU5<>"VisFave"),"",IF(IX5=1,100+JD5,0)) -> 220 | JD5: =IF(OR(IX5="",IU5<>"VisFave"),"",ABS($L5)) -> 120 | JE5: =IF(OR(IU5<>"HomDog",IX5=""),"",IF(IX5=1,IF($S5<0,100+JF5,ABS($S5)+JF5),0)) | JF5: =IF(OR(IX5="",IU5<>"HomDog"),"",IF($S5<0,ABS($S5),100)) | JJ5: %Available Plays | JK5: =JK4/NumGames -> 1 | JL5: =$S5 -> 111 | JM5: =IF(OR($S5<OPL_MIN,$S5>OPL_MAX),"",VLOOKUP($F5,CleanseResults!$GJ$3:$GN$1772,5,FALSE)) -> 0.43 | JN5: =IF(JM5="","",IF($W5=1,IF(JM5>=HWinThresh,"HomFave","VisDog"),IF(JM5<HWinThresh,"VisFave","HomDog"))) -> VisFave | JO5: =IF(JN5="","",IF(JM5=0.5,100,IF($W5=1,IF(JM5>0.5,JM5/(1-JM5)*-100, (1-JM5)/JM5*100),IF(JM5>0.5,(1-(1-JM5))/(1-JM5)*100,(1-JM5)/(1-(1-JM5))*-100)))) -> -132.55814 | JP5: =IF(JO5="","",ABS(JO5)) -> 132.55814 | JQ5: =IF(JP5="","",IF(JN5=$AI5,1,-1)) -> 1 | JR5: =IF(OR(JQ5="",JN5<>"HomFave"),"",IF(JQ5=1,100+JS5,0)) | JS5: =IF(OR(JQ5="",JN5<>"HomFave"),"",ABS($S5)) | JT5: =IF(OR(JN5<>"VisDog",JQ5=""),"",IF(JQ5=1,IF($L5<0,100+JU5,ABS($L5)+JU5),0)) | JU5: =IF(OR(JQ5="",JN5<>"VisDog"),"",IF($L5<0,ABS($L5),100)) | JV5: =IF(OR(JQ5="",JN5<>"VisFave"),"",IF(JQ5=1,100+JW5,0)) -> 220 | JW5: =IF(OR(JQ5="",JN5<>"VisFave"),"",ABS($L5)) -> 120 | JX5: =IF(OR(JN5<>"HomDog",JQ5=""),"",IF(JQ5=1,IF($S5<0,100+JY5,ABS($S5)+JY5),0)) | JY5: =IF(OR(JQ5="",JN5<>"HomDog"),"",IF($S5<0,ABS($S5),100)) | KC5: %Available Plays | KD5: =KD4/NumGames -> 1 | KE5: =$S5 -> 111 | KF5: =IF(OR($S5<OPL_MIN,$S5>OPL_MAX),"",VLOOKUP($F5,CleanseResults!$GY$3:$HC$1772,5,FALSE)) -> 0.45 | KG5: =IF(KF5="","",IF($W5=1,IF(KF5>=HWinThresh,"HomFave","VisDog"),IF(KF5<HWinThresh,"VisFave","HomDog"))) -> VisFave | KH5: =IF(KG5="","",IF(KF5=0.5,100,IF($W5=1,IF(KF5>0.5,KF5/(1-KF5)*-100, (1-KF5)/KF5*100),IF(KF5>0.5,(1-(1-KF5))/(1-KF5)*100,(1-KF5)/(1-(1-KF5))*-100)))) -> -122.22222 | KI5: =IF(KH5="","",ABS(KH5)) -> 122.22222 | KJ5: =IF(KI5="","",IF(KG5=$AI5,1,-1)) -> 1 | KK5: =IF(OR(KJ5="",KG5<>"HomFave"),"",IF(KJ5=1,100+KL5,0)) | KL5: =IF(OR(KJ5="",KG5<>"HomFave"),"",ABS($S5)) | KM5: =IF(OR(KG5<>"VisDog",KJ5=""),"",IF(KJ5=1,IF($L5<0,100+KN5,ABS($L5)+KN5),0)) | KN5: =IF(OR(KJ5="",KG5<>"VisDog"),"",IF($L5<0,ABS($L5),100)) | KO5: =IF(OR(KJ5="",KG5<>"VisFave"),"",IF(KJ5=1,100+KP5,0)) -> 220 | KP5: =IF(OR(KJ5="",KG5<>"VisFave"),"",ABS($L5)) -> 120 | KQ5: =IF(OR(KG5<>"HomDog",KJ5=""),"",IF(KJ5=1,IF($S5<0,100+KR5,ABS($S5)+KR5),0)) | KR5: =IF(OR(KJ5="",KG5<>"HomDog"),"",IF($S5<0,ABS($S5),100)) | KV5: %Available Plays | KW5: =KW4/NumGames -> 1 | KX5: =$S5 -> 111 | KY5: =IF(OR($S5<OPL_MIN,$S5>OPL_MAX),"",VLOOKUP($F5,CleanseResults!$HN$3:$HR$1772,5,FALSE)) -> 0.43 | KZ5: =IF(KY5="","",IF($W5=1,IF(KY5>=HWinThresh,"HomFave","VisDog"),IF(KY5<HWinThresh,"VisFave","HomDog"))) -> VisFave | LA5: =IF(KZ5="","",IF(KY5=0.5,100,IF($W5=1,IF(KY5>0.5,KY5/(1-KY5)*-100, (1-KY5)/KY5*100),IF(KY5>0.5,(1-(1-KY5))/(1-KY5)*100,(1-KY5)/(1-(1-KY5))*-100)))) -> -132.55814 | LB5: =IF(LA5="","",ABS(LA5)) -> 132.55814 | LC5: =IF(LB5="","",IF(KZ5=$AI5,1,-1)) -> 1 | LD5: =IF(OR(LC5="",KZ5<>"HomFave"),"",IF(LC5=1,100+LE5,0)) | LE5: =IF(OR(LC5="",KZ5<>"HomFave"),"",ABS($S5)) | LF5: =IF(OR(KZ5<>"VisDog",LC5=""),"",IF(LC5=1,IF($L5<0,100+LG5,ABS($L5)+LG5),0)) | LG5: =IF(OR(LC5="",KZ5<>"VisDog"),"",IF($L5<0,ABS($L5),100)) | LH5: =IF(OR(LC5="",KZ5<>"VisFave"),"",IF(LC5=1,100+LI5,0)) -> 220 | LI5: =IF(OR(LC5="",KZ5<>"VisFave"),"",ABS($L5)) -> 120 | LJ5: =IF(OR(KZ5<>"HomDog",LC5=""),"",IF(LC5=1,IF($S5<0,100+LK5,ABS($S5)+LK5),0)) | LK5: =IF(OR(LC5="",KZ5<>"HomDog"),"",IF($S5<0,ABS($S5),100)) | LQ5: %Available Plays | LR5: =LR4/NumGames -> 0.42528736 | LS5: =IF(LX5="","",U5) -> 0.46491967 | LT5: =COUNTIFS($AT5,"=HomFave",$AW5,"=1")+COUNTIFS($AT5,"=HomFave",$AW5,"=-1")+COUNTIFS($BM5,"=HomFave",$BP5,"=1")+COUNTIFS($BM5,"=HomFave",$BP5,"=-1")+COUNTIFS($CF5,"=HomFave",$CI5,"=1")+COUNTIFS($CF5,"=HomFave",$CI5,"=-1")+COUNTIFS($CY5,"=HomFave",$DB5,"=1")+COUNTIFS($CY5,"=HomFave",$DB5,"=-1")+COUNTIFS($DR5,"=HomFave",$DU5,"=1")+COUNTIFS($DR5,"=HomFave",$DU5,"=-1")+COUNTIFS($EK5,"=HomFave",$EN5,"=1")+COUNTIFS($EK5,"=HomFave",$EN5,"=-1")+COUNTIFS($FD5,"=HomFave",$FG5,"=1")+COUNTIFS($FD5,"=HomFave",$FG5,"=-1")+COUNTIFS($FW5,"=HomFave",$FZ5,"=1")+COUNTIFS($FW5,"=HomFave",$FZ5,"=-1")+COUNTIFS($GP5,"=HomFave",$GS5,"=1")+COUNTIFS($GP5,"=HomFave",$GS5,"=-1") +COUNTIFS($HI5,"=HomFave",$HL5,"=1")+COUNTIFS($HI5,"=HomFave",$HL5,"=-1")+COUNTIFS($IB5,"=HomFave",$IE5,"=1")+COUNTIFS($IB5,"=HomFave",$IE5,"=-1")+COUNTIFS($IU5,"=HomFave",$IX5,"=1")+COUNTIFS($IU5,"=HomFave",$IX5,"=-1")+COUNTIFS($JN5,"=HomFave",$JQ5,"=1")+COUNTIFS($JN5,"=HomFave",$JQ5,"=-1")+COUNTIFS($KG5,"=HomFave",$KJ5,"=1")+COUNTIFS($KG5,"=HomFave",$KJ5,"=-1")+COUNTIFS($KZ5,"=HomFave",$LC5,"=1")+COUNTIFS($KZ5,"=HomFave",$LC5,"=-1") -> 0 | LU5: =COUNTIFS($AT5,"=VisDog",$AW5,"=1")+COUNTIFS($AT5,"=VisDog",$AW5,"=-1")+COUNTIFS($BM5,"=VisDog",$BP5,"=1")+COUNTIFS($BM5,"=VisDog",$BP5,"=-1")+COUNTIFS($CF5,"=VisDog",$CI5,"=1")+COUNTIFS($CF5,"=VisDog",$CI5,"=-1")+COUNTIFS($CY5,"=VisDog",$DB5,"=1")+COUNTIFS($CY5,"=VisDog",$DB5,"=-1")+COUNTIFS($DR5,"=VisDog",$DU5,"=1")+COUNTIFS($DR5,"=VisDog",$DU5,"=-1")+COUNTIFS($EK5,"=VisDog",$EN5,"=1")+COUNTIFS($EK5,"=VisDog",$EN5,"=-1")+COUNTIFS($FD5,"=VisDog",$FG5,"=1")+COUNTIFS($FD5,"=VisDog",$FG5,"=-1")+COUNTIFS($FW5,"=VisDog",$FZ5,"=1")+COUNTIFS($FW5,"=VisDog",$FZ5,"=-1")+COUNTIFS($GP5,"=VisDog",$GS5,"=1")+COUNTIFS($GP5,"=VisDog",$GS5,"=-1") +COUNTIFS($HI5,"=VisDog",$HL5,"=1")+COUNTIFS($HI5,"=VisDog",$HL5,"=-1")+COUNTIFS($IB5,"=VisDog",$IE5,"=1")+COUNTIFS($IB5,"=VisDog",$IE5,"=-1")+COUNTIFS($IU5,"=VisDog",$IX5,"=1")+COUNTIFS($IU5,"=VisDog",$IX5,"=-1")+COUNTIFS($JN5,"=VisDog",$JQ5,"=1")+COUNTIFS($JN5,"=VisDog",$JQ5,"=-1")+COUNTIFS($KG5,"=VisDog",$KJ5,"=1")+COUNTIFS($KG5,"=VisDog",$KJ5,"=-1")+COUNTIFS($KZ5,"=VisDog",$LC5,"=1")+COUNTIFS($KZ5,"=VisDog",$LC5,"=-1") -> 0 | LV5: =COUNTIFS($AT5,"=VisFave",$AW5,"=1")+COUNTIFS($AT5,"=VisFave",$AW5,"=-1")+COUNTIFS($BM5,"=VisFave",$BP5,"=1")+COUNTIFS($BM5,"=VisFave",$BP5,"=-1")+COUNTIFS($CF5,"=VisFave",$CI5,"=1")+COUNTIFS($CF5,"=VisFave",$CI5,"=-1")+COUNTIFS($CY5,"=VisFave",$DB5,"=1")+COUNTIFS($CY5,"=VisFave",$DB5,"=-1")+COUNTIFS($DR5,"=VisFave",$DU5,"=1")+COUNTIFS($DR5,"=VisFave",$DU5,"=-1")+COUNTIFS($EK5,"=VisFave",$EN5,"=1")+COUNTIFS($EK5,"=VisFave",$EN5,"=-1")+COUNTIFS($FD5,"=VisFave",$FG5,"=1")+COUNTIFS($FD5,"=VisFave",$FG5,"=-1")+COUNTIFS($FW5,"=VisFave",$FZ5,"=1")+COUNTIFS($FW5,"=VisFave",$FZ5,"=-1")+COUNTIFS($GP5,"=VisFave",$GS5,"=1")+COUNTIFS($GP5,"=VisFave",$GS5,"=-1") +COUNTIFS($HI5,"=VisFave",$HL5,"=1")+COUNTIFS($HI5,"=VisFave",$HL5,"=-1")+COUNTIFS($IB5,"=VisFave",$IE5,"=1")+COUNTIFS($IB5,"=VisFave",$IE5,"=-1")+COUNTIFS($IU5,"=VisFave",$IX5,"=1")+COUNTIFS($IU5,"=VisFave",$IX5,"=-1")+COUNTIFS($JN5,"=VisFave",$JQ5,"=1")+COUNTIFS($JN5,"=VisFave",$JQ5,"=-1")+COUNTIFS($KG5,"=VisFave",$KJ5,"=1")+COUNTIFS($KG5,"=VisFave",$KJ5,"=-1")+COUNTIFS($KZ5,"=VisFave",$LC5,"=1")+COUNTIFS($KZ5,"=VisFave",$LC5,"=-1") -> 15 | LW5: =COUNTIFS($AT5,"=HomDog",$AW5,"=1")+COUNTIFS($AT5,"=HomDog",$AW5,"=-1")+COUNTIFS($BM5,"=HomDog",$BP5,"=1")+COUNTIFS($BM5,"=HomDog",$BP5,"=-1")+COUNTIFS($CF5,"=HomDog",$CI5,"=1")+COUNTIFS($CF5,"=HomDog",$CI5,"=-1")+COUNTIFS($CY5,"=HomDog",$DB5,"=1")+COUNTIFS($CY5,"=HomDog",$DB5,"=-1")+COUNTIFS($DR5,"=HomDog",$DU5,"=1")+COUNTIFS($DR5,"=HomDog",$DU5,"=-1")+COUNTIFS($EK5,"=HomDog",$EN5,"=1")+COUNTIFS($EK5,"=HomDog",$EN5,"=-1")+COUNTIFS($FD5,"=HomDog",$FG5,"=1")+COUNTIFS($FD5,"=HomDog",$FG5,"=-1")+COUNTIFS($FW5,"=HomDog",$FZ5,"=1")+COUNTIFS($FW5,"=HomDog",$FZ5,"=-1")+COUNTIFS($GP5,"=HomDog",$GS5,"=1")+COUNTIFS($GP5,"=HomDog",$GS5,"=-1") +COUNTIFS($HI5,"=HomDog",$HL5,"=1")+COUNTIFS($HI5,"=HomDog",$HL5,"=-1")+COUNTIFS($IB5,"=HomDog",$IE5,"=1")+COUNTIFS($IB5,"=HomDog",$IE5,"=-1")+COUNTIFS($IU5,"=HomDog",$IX5,"=1")+COUNTIFS($IU5,"=HomDog",$IX5,"=-1")+COUNTIFS($JN5,"=HomDog",$JQ5,"=1")+COUNTIFS($JN5,"=HomDog",$JQ5,"=-1")+COUNTIFS($KG5,"=HomDog",$KJ5,"=1")+COUNTIFS($KG5,"=HomDog",$KJ5,"=-1")+COUNTIFS($KZ5,"=HomDog",$LC5,"=1")+COUNTIFS($KZ5,"=HomDog",$LC5,"=-1") -> 0 | LX5: =IF($S5<$L5,IF(LT5>LU5,IF((ens1NumVoters-SUM(LT5,LU5))>LT5,"",IF((LT5/(LT5+LU5))>=ens1VoteAgreement,"HomFave","")),IF((ens1NumVoters-SUM(LT5,LU5))>LU5,"",IF((LU5/(LT5+LU5))>=ens1VoteAgreement,"VisDog",""))),IF(LV5>LW5,IF((ens1NumVoters-SUM(LV5,LW5))>LV5,"",IF((LV5/(LV5+LW5))>=ens1VoteAgreement,"VisFave","")),IF((ens1NumVoters-SUM(LV5,LW5))>LW5,"",IF((LW5/(LV5+LW5))>=ens1VoteAgreement,"HomDog","")))) -> VisFave | LY5: =IF(MC5="","",IF(LX5="HomFave",(LT5/$LS$2)*100,IF(LX5="VisDog",(LU5/$LS$2)*100,IF(LX5="VisFave",(LV5/$LS$2)*100,(LW5/$LS$2)*100)))) -> 100 | LZ5: =IF(LX5="","",NM5) -> 0.42 | MA5: =IF(LX5="","",LZ5-$U5) -> -0.044919672 | MB5: =IF(LZ5="","",IF(LZ5=0.5,100,IF($W5=1,IF(LZ5>0.5,LZ5/(1-LZ5)*-100,(1-LZ5)/LZ5*100), IF(LZ5<0.5,(1-LZ5)/LZ5*100,LZ5/(1-LZ5)*-100)))) -> 138.09524 | MC5: =IF(LX5="","", IF(edge_pp=0, LX5, IF(OR(LX5="HomFave",LX5="HomDog"), IF(MA5 >= edge_pp, LX5, ""), IF(MA5 <= -edge_pp, LX5, "")))) -> VisFave | MD5: =IF(OR(MB5<MODELPRICE_MIN,MB5>MODELPRICE_MAX),"",IF(OR(MC5="VisFave",MC5=""),"",IF(MC5=$AI5,1,-1))) | ME5: =IF(OR(MP5="",MP5=0),"",IF(MC5=$AI5,1,-1)) | MF5: =IF(OR(ME5="",MC5<>"HomFave"),"",IF(ME5=1,MP5*(1+MO5),0)) | MG5: =IF(OR(ME5="",MC5<>"HomFave"),"",MP5) | MH5: =IF(OR(MC5<>"VisDog",ME5=""),"",IF(ME5=1,MP5*(1+MO5),0)) | MI5: =IF(OR(ME5="",MC5<>"VisDog"),"",MP5) | MJ5: =IF(OR(ME5="",MC5<>"VisFave"),"",IF(ME5=1,MP5*(1+MO5),0)) | MK5: =IF(OR(ME5="",MC5<>"VisFave"),"",MP5) | ML5: =IF(OR(MC5<>"HomDog",ME5=""),"",IF(ME5=1,MP5*(1+MO5),0)) | MM5: =IF(OR(ME5="",MC5<>"HomDog"),"",MP5) | MO5: =IF($MD5="","",IF(OR($MC5="HomFave",$MC5="HomDog"),IF($S5<0,100/ABS($S5),$S5/100),IF($L5<0,100/ABS($L5),$L5/100))) | MP5: =IF($MD5="","", IF(stakeMode=1, 1, IF(OR($MC5="HomFave",$MC5="HomDog"), kellyFraction*MAX(0, $LZ5 - (1-$LZ5)/$MO5), kellyFraction*MAX(0, (1-$LZ5) - $LZ5/$MO5)))) | MS5: =IF($ME5="","",MP5) | MT5: =IF($ME5="","",IF(ME5=1,MP5*(1+MO5),0)) | MU5: =IF($ME5="","",IF(ME5=1,MP5*MO5,-1*MP5)) | MV5: =IF($ME5="","",IF(MS5=0,0,MU5/MS5)) | MX5: =IF($LX5="","",AS5) -> 0.4 | MY5: =IF($LX5="","",BL5) -> 0.29 | MZ5: =IF($LX5="","",CE5) -> 0.26 | NA5: =IF($LX5="","",CX5) -> 0.32 | NB5: =IF($LX5="","",DQ5) -> 0.33 | NC5: =IF($LX5="","",EJ5) -> 0.43 | ND5: =IF($LX5="","",FC5) -> 0.44 | NE5: =IF($LX5="","",FV5) -> 0.41 | NF5: =IF($LX5="","",GO5) -> 0.42 | NG5: =IF($LX5="","",HH5) -> 0.42 | NH5: =IF($LX5="","",IA5) -> 0.47 | NI5: =IF($LX5="","",IT5) -> 0.47 | NJ5: =IF($LX5="","",JM5) -> 0.43 | NK5: =IF($LX5="","",KF5) -> 0.45 | NL5: =IF($LX5="","",KY5) -> 0.43 | NM5: =MEDIAN(MX5:NL5) -> 0.42
C6: V Wins | D6: =COUNTIF(AG3:AG89,"-1") -> 36 | E6: =IF(AND(L6<0,S6<0),1,0) -> 1 | F6: 777520 | G6: =VLOOKUP($F6,Lookup_!$A$2:$AJ$2224,3,FALSE) -> 2025 | H6: =VLOOKUP($F6,Lookup_!$A$2:$AJ$2224,4,FALSE) -> 6.2 | I6: =VLOOKUP($F6,Lookup_!$A$2:$AJ$2224,2,FALSE) -> 45821 | J6: =VLOOKUP($F6,Lookup_!$A$2:$AJ$2224,13,FALSE) -> 7 | K6: =VLOOKUP(J6,Lookup_!$AO$3:$AP$32,2,FALSE) -> CLE | L6: =VLOOKUP($F6,Lookup_!$A$2:$AJ$2224,14,FALSE) -> -101 | M6: =VLOOKUP($F6,Lookup_!$A$2:$AJ$2224,15,FALSE) -> 0.502488 | N6: =M6/($M6+$T6) -> 0.49292718 | O6: =IF(N6=0.5,100,IF(N6>0.5,N6/(1-N6)*-100, (1-N6)/N6*100)) -> 102.86972 | P6: =VLOOKUP($F6,Lookup_!$A$2:$AJ$2224,7,FALSE) -> 24 | Q6: =VLOOKUP(P6,Lookup_!$AO$3:$AP$32,2,FALSE) -> SEA | R6: =VLOOKUP($F6,Lookup_!$A$2:$AJ$2224,12,FALSE) -> 0.30915287 | S6: =VLOOKUP($F6,Lookup_!$A$2:$AJ$2224,8,FALSE) -> -107 | T6: =VLOOKUP($F6,Lookup_!$A$2:$AJ$2224,9,FALSE) -> 0.516908 | U6: =T6/($M6+$T6) -> 0.50707282 | V6: =IF(U6=0.5,100,IF(U6>0.5,U6/(1-U6)*-100, (1-U6)/U6*100)) -> -102.86972 | W6: =IF(S6<L6,1,-1) -> 1 | X6: =VLOOKUP($F6,Lookup_!$A$2:$AJ$2224,5,FALSE) -> 7.5 | Y6: =VLOOKUP($F6,Lookup_!$A$2:$AJ$2224,6,FALSE) -> 107 | Z6: =VLOOKUP($F6,Lookup_!$A$2:$AJ$2224,19,FALSE) -> 108.96902 | AA6: =VLOOKUP($F6,Lookup_!$A$2:$AJ$2224,25,FALSE) -> -112.56786 | AB6: =VLOOKUP($F6,Lookup_!$A$2:$AJ$2224,21,FALSE) -> -102.53751 | AC6: =VLOOKUP($F6,Lookup_!$A$2:$AJ$2224,23,FALSE) -> -124.58637 | AD6: =VLOOKUP($F6,Lookup_!$A$2:$AJ$2224,31,FALSE) -> 2 | AE6: =VLOOKUP($F6,Lookup_!$A$2:$AJ$2224,30,FALSE) -> 7 | AF6: =VLOOKUP($F6,Lookup_!$A$2:$AJ$2224,32,FALSE) -> FIVE | AG6: =VLOOKUP($F6,Lookup_!$A$2:$AJ$2224,29,FALSE) -> 1 | AH6: =VLOOKUP($F6,Lookup_!$A$2:$AJ$2224,34,FALSE) -> 1 | AI6: =VLOOKUP($F6,Lookup_!$A$2:$AJ$2224,33,FALSE) -> HomFave | AJ6: =VLOOKUP($F6,Lookup_!$A$2:$AJ$2224,35,FALSE) -> 9 | AK6: =VLOOKUP($F6,Lookup_!$A$2:$AJ$2224,36,FALSE) -> 1 | AL6: =ABS(AD6-AE6) -> 5 | AM6: =IF(AL6<>AI6,1,"") -> 1 | AR6: =$S6 -> -107 | AS6: =IF(OR($S6<OPL_MIN,$S6>OPL_MAX),"",VLOOKUP($F6,CleanseResults!$L$3:$P$1772,5,FALSE)) -> 0.47 | AT6: =IF(AS6="","",IF($W6=1,IF(AS6>=HWinThresh,"HomFave","VisDog"),IF(AS6<HWinThresh,"VisFave","HomDog"))) -> VisDog | AU6: =IF(AT6="","",IF(AS6=0.5,100,IF($W6=1,IF(AS6>0.5,AS6/(1-AS6)*-100, (1-AS6)/AS6*100),IF(AS6>0.5,(1-(1-AS6))/(1-AS6)*100,(1-AS6)/(1-(1-AS6))*-100)))) -> 112.76596 | AV6: =IF(AU6="","",ABS(AU6)) -> 112.76596 | AW6: =IF(AV6="","",IF(AT6=$AI6,1,-1)) -> -1 | AX6: =IF(OR(AW6="",AT6<>"HomFave"),"",IF(AW6=1,100+AY6,0)) | AY6: =IF(OR(AW6="",AT6<>"HomFave"),"",ABS($S6)) | AZ6: =IF(OR(AT6<>"VisDog",AW6=""),"",IF(AW6=1,IF($L6<0,100+BA6,ABS($L6)+BA6),0)) -> 0 | BA6: =IF(OR(AW6="",AT6<>"VisDog"),"",IF($L6<0,ABS($L6),100)) -> 101 | BB6: =IF(OR(AW6="",AT6<>"VisFave"),"",IF(AW6=1,100+BC6,0)) | BC6: =IF(OR(AW6="",AT6<>"VisFave"),"",ABS($L6)) | BD6: =IF(OR(AT6<>"HomDog",AW6=""),"",IF(AW6=1,IF($S6<0,100+BE6,ABS($S6)+BE6),0)) | BE6: =IF(OR(AW6="",AT6<>"HomDog"),"",IF($S6<0,ABS($S6),100)) | BK6: =$S6 -> -107 | BL6: =IF(OR($S6<OPL_MIN,$S6>OPL_MAX),"",VLOOKUP($F6,CleanseResults!$AA$3:$AE$1772,5,FALSE)) -> 0.55 | BM6: =IF(BL6="","",IF($W6=1,IF(BL6>=HWinThresh,"HomFave","VisDog"),IF(BL6<HWinThresh,"VisFave","HomDog"))) -> HomFave | BN6: =IF(BM6="","",IF(BL6=0.5,100,IF($W6=1,IF(BL6>0.5,BL6/(1-BL6)*-100, (1-BL6)/BL6*100),IF(BL6>0.5,(1-(1-BL6))/(1-BL6)*100,(1-BL6)/(1-(1-BL6))*-100)))) -> -122.22222 | BO6: =IF(BN6="","",ABS(BN6)) -> 122.22222 | BP6: =IF(BO6="","",IF(BM6=$AI6,1,-1)) -> 1 | BQ6: =IF(OR(BP6="",BM6<>"HomFave"),"",IF(BP6=1,100+BR6,0)) -> 207 | BR6: =IF(OR(BP6="",BM6<>"HomFave"),"",ABS($S6)) -> 107 | BS6: =IF(OR(BM6<>"VisDog",BP6=""),"",IF(BP6=1,IF($L6<0,100+BT6,ABS($L6)+BT6),0)) | BT6: =IF(OR(BP6="",BM6<>"VisDog"),"",IF($L6<0,ABS($L6),100)) | BU6: =IF(OR(BP6="",BM6<>"VisFave"),"",IF(BP6=1,100+BV6,0)) | BV6: =IF(OR(BP6="",BM6<>"VisFave"),"",ABS($L6)) | BW6: =IF(OR(BM6<>"HomDog",BP6=""),"",IF(BP6=1,IF($S6<0,100+BX6,ABS($S6)+BX6),0)) | BX6: =IF(OR(BP6="",BM6<>"HomDog"),"",IF($S6<0,ABS($S6),100)) | CD6: =$S6 -> -107 | CE6: =IF(OR($S6<OPL_MIN,$S6>OPL_MAX),"",VLOOKUP($F6,CleanseResults!$AP$3:$AT$1772,5,FALSE)) -> 0.42 | CF6: =IF(CE6="","",IF($W6=1,IF(CE6>=HWinThresh,"HomFave","VisDog"),IF(CE6<HWinThresh,"VisFave","HomDog"))) -> VisDog | CG6: =IF(CF6="","",IF(CE6=0.5,100,IF($W6=1,IF(CE6>0.5,CE6/(1-CE6)*-100, (1-CE6)/CE6*100),IF(CE6>0.5,(1-(1-CE6))/(1-CE6)*100,(1-CE6)/(1-(1-CE6))*-100)))) -> 138.09524 | CH6: =IF(CG6="","",ABS(CG6)) -> 138.09524 | CI6: =IF(CH6="","",IF(CF6=$AI6,1,-1)) -> -1 | CJ6: =IF(OR(CI6="",CF6<>"HomFave"),"",IF(CI6=1,100+CK6,0)) | CK6: =IF(OR(CI6="",CF6<>"HomFave"),"",ABS($S6)) | CL6: =IF(OR(CF6<>"VisDog",CI6=""),"",IF(CI6=1,IF($L6<0,100+CM6,ABS($L6)+CM6),0)) -> 0 | CM6: =IF(OR(CI6="",CF6<>"VisDog"),"",IF($L6<0,ABS($L6),100)) -> 101 | CN6: =IF(OR(CI6="",CF6<>"VisFave"),"",IF(CI6=1,100+CO6,0)) | CO6: =IF(OR(CI6="",CF6<>"VisFave"),"",ABS($L6)) | CP6: =IF(OR(CF6<>"HomDog",CI6=""),"",IF(CI6=1,IF($S6<0,100+CQ6,ABS($S6)+CQ6),0)) | CQ6: =IF(OR(CI6="",CF6<>"HomDog"),"",IF($S6<0,ABS($S6),100)) | CW6: =$S6 -> -107 | CX6: =IF(OR($S6<OPL_MIN,$S6>OPL_MAX),"",VLOOKUP($F6,CleanseResults!$BE$3:$BI$1772,5,FALSE)) -> 0.47 | CY6: =IF(CX6="","",IF($W6=1,IF(CX6>=HWinThresh,"HomFave","VisDog"),IF(CX6<HWinThresh,"VisFave","HomDog"))) -> VisDog | CZ6: =IF(CY6="","",IF(CX6=0.5,100,IF($W6=1,IF(CX6>0.5,CX6/(1-CX6)*-100, (1-CX6)/CX6*100),IF(CX6>0.5,(1-(1-CX6))/(1-CX6)*100,(1-CX6)/(1-(1-CX6))*-100)))) -> 112.76596 | DA6: =IF(CZ6="","",ABS(CZ6)) -> 112.76596 | DB6: =IF(DA6="","",IF(CY6=$AI6,1,-1)) -> -1 | DC6: =IF(OR(DB6="",CY6<>"HomFave"),"",IF(DB6=1,100+DD6,0)) | DD6: =IF(OR(DB6="",CY6<>"HomFave"),"",ABS($S6)) | DE6: =IF(OR(CY6<>"VisDog",DB6=""),"",IF(DB6=1,IF($L6<0,100+DF6,ABS($L6)+DF6),0)) -> 0 | DF6: =IF(OR(DB6="",CY6<>"VisDog"),"",IF($L6<0,ABS($L6),100)) -> 101 | DG6: =IF(OR(DB6="",CY6<>"VisFave"),"",IF(DB6=1,100+DH6,0)) | DH6: =IF(OR(DB6="",CY6<>"VisFave"),"",ABS($L6)) | DI6: =IF(OR(CY6<>"HomDog",DB6=""),"",IF(DB6=1,IF($S6<0,100+DJ6,ABS($S6)+DJ6),0)) | DJ6: =IF(OR(DB6="",CY6<>"HomDog"),"",IF($S6<0,ABS($S6),100)) | DP6: =$S6 -> -107 | DQ6: =IF(OR($S6<OPL_MIN,$S6>OPL_MAX),"",VLOOKUP($F6,CleanseResults!$BT$3:$BX$1772,5,FALSE)) -> 0.46 | DR6: =IF(DQ6="","",IF($W6=1,IF(DQ6>=HWinThresh,"HomFave","VisDog"),IF(DQ6<HWinThresh,"VisFave","HomDog"))) -> VisDog | DS6: =IF(DR6="","",IF(DQ6=0.5,100,IF($W6=1,IF(DQ6>0.5,DQ6/(1-DQ6)*-100, (1-DQ6)/DQ6*100),IF(DQ6>0.5,(1-(1-DQ6))/(1-DQ6)*100,(1-DQ6)/(1-(1-DQ6))*-100)))) -> 117.3913 | DT6: =IF(DS6="","",ABS(DS6)) -> 117.3913 | DU6: =IF(DT6="","",IF(DR6=$AI6,1,-1)) -> -1 | DV6: =IF(OR(DU6="",DR6<>"HomFave"),"",IF(DU6=1,100+DW6,0)) | DW6: =IF(OR(DU6="",DR6<>"HomFave"),"",ABS($S6)) | DX6: =IF(OR(DR6<>"VisDog",DU6=""),"",IF(DU6=1,IF($L6<0,100+DY6,ABS($L6)+DY6),0)) -> 0 | DY6: =IF(OR(DU6="",DR6<>"VisDog"),"",IF($L6<0,ABS($L6),100)) -> 101 | DZ6: =IF(OR(DU6="",DR6<>"VisFave"),"",IF(DU6=1,100+EA6,0)) | EA6: =IF(OR(DU6="",DR6<>"VisFave"),"",ABS($L6)) | EB6: =IF(OR(DR6<>"HomDog",DU6=""),"",IF(DU6=1,IF($S6<0,100+EC6,ABS($S6)+EC6),0)) | EC6: =IF(OR(DU6="",DR6<>"HomDog"),"",IF($S6<0,ABS($S6),100)) | EI6: =$S6 -> -107 | EJ6: =IF(OR($S6<OPL_MIN,$S6>OPL_MAX),"",VLOOKUP($F6,CleanseResults!$CI$3:$CM$1772,5,FALSE)) -> 0.53 | EK6: =IF(EJ6="","",IF($W6=1,IF(EJ6>=HWinThresh,"HomFave","VisDog"),IF(EJ6<HWinThresh,"VisFave","HomDog"))) -> HomFave | EL6: =IF(EK6="","",IF(EJ6=0.5,100,IF($W6=1,IF(EJ6>0.5,EJ6/(1-EJ6)*-100, (1-EJ6)/EJ6*100),IF(EJ6>0.5,(1-(1-EJ6))/(1-EJ6)*100,(1-EJ6)/(1-(1-EJ6))*-100)))) -> -112.76596 | EM6: =IF(EL6="","",ABS(EL6)) -> 112.76596 | EN6: =IF(EM6="","",IF(EK6=$AI6,1,-1)) -> 1 | EO6: =IF(OR(EN6="",EK6<>"HomFave"),"",IF(EN6=1,100+EP6,0)) -> 207 | EP6: =IF(OR(EN6="",EK6<>"HomFave"),"",ABS($S6)) -> 107 | EQ6: =IF(OR(EK6<>"VisDog",EN6=""),"",IF(EN6=1,IF($L6<0,100+ER6,ABS($L6)+ER6),0)) | ER6: =IF(OR(EN6="",EK6<>"VisDog"),"",IF($L6<0,ABS($L6),100)) | ES6: =IF(OR(EN6="",EK6<>"VisFave"),"",IF(EN6=1,100+ET6,0)) | ET6: =IF(OR(EN6="",EK6<>"VisFave"),"",ABS($L6)) | EU6: =IF(OR(EK6<>"HomDog",EN6=""),"",IF(EN6=1,IF($S6<0,100+EV6,ABS($S6)+EV6),0)) | EV6: =IF(OR(EN6="",EK6<>"HomDog"),"",IF($S6<0,ABS($S6),100)) | FB6: =$S6 -> -107 | FC6: =IF(OR($S6<OPL_MIN,$S6>OPL_MAX),"",VLOOKUP($F6,CleanseResults!$CX$3:$DB$1772,5,FALSE)) -> 0.5 | FD6: =IF(FC6="","",IF($W6=1,IF(FC6>=HWinThresh,"HomFave","VisDog"),IF(FC6<HWinThresh,"VisFave","HomDog"))) -> HomFave | FE6: =IF(FD6="","",IF(FC6=0.5,100,IF($W6=1,IF(FC6>0.5,FC6/(1-FC6)*-100, (1-FC6)/FC6*100),IF(FC6>0.5,(1-(1-FC6))/(1-FC6)*100,(1-FC6)/(1-(1-FC6))*-100)))) -> 100 | FF6: =IF(FE6="","",ABS(FE6)) -> 100 | FG6: =IF(FF6="","",IF(FD6=$AI6,1,-1)) -> 1 | FH6: =IF(OR(FG6="",FD6<>"HomFave"),"",IF(FG6=1,100+FI6,0)) -> 207 | FI6: =IF(OR(FG6="",FD6<>"HomFave"),"",ABS($S6)) -> 107 | FJ6: =IF(OR(FD6<>"VisDog",FG6=""),"",IF(FG6=1,IF($L6<0,100+FK6,ABS($L6)+FK6),0)) | FK6: =IF(OR(FG6="",FD6<>"VisDog"),"",IF($L6<0,ABS($L6),100)) | FL6: =IF(OR(FG6="",FD6<>"VisFave"),"",IF(FG6=1,100+FM6,0)) | FM6: =IF(OR(FG6="",FD6<>"VisFave"),"",ABS($L6)) | FN6: =IF(OR(FD6<>"HomDog",FG6=""),"",IF(FG6=1,IF($S6<0,100+FO6,ABS($S6)+FO6),0)) | FO6: =IF(OR(FG6="",FD6<>"HomDog"),"",IF($S6<0,ABS($S6),100)) | FU6: =$S6 -> -107 | FV6: =IF(OR($S6<OPL_MIN,$S6>OPL_MAX),"",VLOOKUP($F6,CleanseResults!$DM$3:$DQ$1772,5,FALSE)) -> 0.48 | FW6: =IF(FV6="","",IF($W6=1,IF(FV6>=HWinThresh,"HomFave","VisDog"),IF(FV6<HWinThresh,"VisFave","HomDog"))) -> VisDog | FX6: =IF(FW6="","",IF(FV6=0.5,100,IF($W6=1,IF(FV6>0.5,FV6/(1-FV6)*-100, (1-FV6)/FV6*100),IF(FV6>0.5,(1-(1-FV6))/(1-FV6)*100,(1-FV6)/(1-(1-FV6))*-100)))) -> 108.33333 | FY6: =IF(FX6="","",ABS(FX6)) -> 108.33333 | FZ6: =IF(FY6="","",IF(FW6=$AI6,1,-1)) -> -1 | GA6: =IF(OR(FZ6="",FW6<>"HomFave"),"",IF(FZ6=1,100+GB6,0)) | GB6: =IF(OR(FZ6="",FW6<>"HomFave"),"",ABS($S6)) | GC6: =IF(OR(FW6<>"VisDog",FZ6=""),"",IF(FZ6=1,IF($L6<0,100+GD6,ABS($L6)+GD6),0)) -> 0 | GD6: =IF(OR(FZ6="",FW6<>"VisDog"),"",IF($L6<0,ABS($L6),100)) -> 101 | GE6: =IF(OR(FZ6="",FW6<>"VisFave"),"",IF(FZ6=1,100+GF6,0)) | GF6: =IF(OR(FZ6="",FW6<>"VisFave"),"",ABS($L6)) | GG6: =IF(OR(FW6<>"HomDog",FZ6=""),"",IF(FZ6=1,IF($S6<0,100+GH6,ABS($S6)+GH6),0)) | GH6: =IF(OR(FZ6="",FW6<>"HomDog"),"",IF($S6<0,ABS($S6),100)) | GN6: =$S6 -> -107 | GO6: =IF(OR($S6<OPL_MIN,$S6>OPL_MAX),"",VLOOKUP($F6,CleanseResults!$EB$3:$EF$1772,5,FALSE)) -> 0.49 | GP6: =IF(GO6="","",IF($W6=1,IF(GO6>=HWinThresh,"HomFave","VisDog"),IF(GO6<HWinThresh,"VisFave","HomDog"))) -> VisDog | GQ6: =IF(GP6="","",IF(GO6=0.5,100,IF($W6=1,IF(GO6>0.5,GO6/(1-GO6)*-100, (1-GO6)/GO6*100),IF(GO6>0.5,(1-(1-GO6))/(1-GO6)*100,(1-GO6)/(1-(1-GO6))*-100)))) -> 104.08163 | GR6: =IF(GQ6="","",ABS(GQ6)) -> 104.08163 | GS6: =IF(GR6="","",IF(GP6=$AI6,1,-1)) -> -1 | GT6: =IF(OR(GS6="",GP6<>"HomFave"),"",IF(GS6=1,100+GU6,0)) | GU6: =IF(OR(GS6="",GP6<>"HomFave"),"",ABS($S6)) | GV6: =IF(OR(GP6<>"VisDog",GS6=""),"",IF(GS6=1,IF($L6<0,100+GW6,ABS($L6)+GW6),0)) -> 0 | GW6: =IF(OR(GS6="",GP6<>"VisDog"),"",IF($L6<0,ABS($L6),100)) -> 101 | GX6: =IF(OR(GS6="",GP6<>"VisFave"),"",IF(GS6=1,100+GY6,0)) | GY6: =IF(OR(GS6="",GP6<>"VisFave"),"",ABS($L6)) | GZ6: =IF(OR(GP6<>"HomDog",GS6=""),"",IF(GS6=1,IF($S6<0,100+HA6,ABS($S6)+HA6),0)) | HA6: =IF(OR(GS6="",GP6<>"HomDog"),"",IF($S6<0,ABS($S6),100)) | HG6: =$S6 -> -107 | HH6: =IF(OR($S6<OPL_MIN,$S6>OPL_MAX),"",VLOOKUP($F6,CleanseResults!$EQ$3:$EU$1772,5,FALSE)) -> 0.49 | HI6: =IF(HH6="","",IF($W6=1,IF(HH6>=HWinThresh,"HomFave","VisDog"),IF(HH6<HWinThresh,"VisFave","HomDog"))) -> VisDog | HJ6: =IF(HI6="","",IF(HH6=0.5,100,IF($W6=1,IF(HH6>0.5,HH6/(1-HH6)*-100, (1-HH6)/HH6*100),IF(HH6>0.5,(1-(1-HH6))/(1-HH6)*100,(1-HH6)/(1-(1-HH6))*-100)))) -> 104.08163 | HK6: =IF(HJ6="","",ABS(HJ6)) -> 104.08163 | HL6: =IF(HK6="","",IF(HI6=$AI6,1,-1)) -> -1 | HM6: =IF(OR(HL6="",HI6<>"HomFave"),"",IF(HL6=1,100+HN6,0)) | HN6: =IF(OR(HL6="",HI6<>"HomFave"),"",ABS($S6)) | HO6: =IF(OR(HI6<>"VisDog",HL6=""),"",IF(HL6=1,IF($L6<0,100+HP6,ABS($L6)+HP6),0)) -> 0 | HP6: =IF(OR(HL6="",HI6<>"VisDog"),"",IF($L6<0,ABS($L6),100)) -> 101 | HQ6: =IF(OR(HL6="",HI6<>"VisFave"),"",IF(HL6=1,100+HR6,0)) | HR6: =IF(OR(HL6="",HI6<>"VisFave"),"",ABS($L6)) | HS6: =IF(OR(HI6<>"HomDog",HL6=""),"",IF(HL6=1,IF($S6<0,100+HT6,ABS($S6)+HT6),0)) | HT6: =IF(OR(HL6="",HI6<>"HomDog"),"",IF($S6<0,ABS($S6),100)) | HZ6: =$S6 -> -107 | IA6: =IF(OR($S6<OPL_MIN,$S6>OPL_MAX),"",VLOOKUP($F6,CleanseResults!$FF$3:$FJ$1772,5,FALSE)) -> 0.5 | IB6: =IF(IA6="","",IF($W6=1,IF(IA6>=HWinThresh,"HomFave","VisDog"),IF(IA6<HWinThresh,"VisFave","HomDog"))) -> HomFave | IC6: =IF(IB6="","",IF(IA6=0.5,100,IF($W6=1,IF(IA6>0.5,IA6/(1-IA6)*-100, (1-IA6)/IA6*100),IF(IA6>0.5,(1-(1-IA6))/(1-IA6)*100,(1-IA6)/(1-(1-IA6))*-100)))) -> 100 | ID6: =IF(IC6="","",ABS(IC6)) -> 100 | IE6: =IF(ID6="","",IF(IB6=$AI6,1,-1)) -> 1 | IF6: =IF(OR(IE6="",IB6<>"HomFave"),"",IF(IE6=1,100+IG6,0)) -> 207 | IG6: =IF(OR(IE6="",IB6<>"HomFave"),"",ABS($S6)) -> 107 | IH6: =IF(OR(IB6<>"VisDog",IE6=""),"",IF(IE6=1,IF($L6<0,100+II6,ABS($L6)+II6),0)) | II6: =IF(OR(IE6="",IB6<>"VisDog"),"",IF($L6<0,ABS($L6),100)) | IJ6: =IF(OR(IE6="",IB6<>"VisFave"),"",IF(IE6=1,100+IK6,0)) | IK6: =IF(OR(IE6="",IB6<>"VisFave"),"",ABS($L6)) | IL6: =IF(OR(IB6<>"HomDog",IE6=""),"",IF(IE6=1,IF($S6<0,100+IM6,ABS($S6)+IM6),0)) | IM6: =IF(OR(IE6="",IB6<>"HomDog"),"",IF($S6<0,ABS($S6),100)) | IS6: =$S6 -> -107 | IT6: =IF(OR($S6<OPL_MIN,$S6>OPL_MAX),"",VLOOKUP($F6,CleanseResults!$FU$3:$FY$1772,5,FALSE)) -> 0.53 | IU6: =IF(IT6="","",IF($W6=1,IF(IT6>=HWinThresh,"HomFave","VisDog"),IF(IT6<HWinThresh,"VisFave","HomDog"))) -> HomFave | IV6: =IF(IU6="","",IF(IT6=0.5,100,IF($W6=1,IF(IT6>0.5,IT6/(1-IT6)*-100, (1-IT6)/IT6*100),IF(IT6>0.5,(1-(1-IT6))/(1-IT6)*100,(1-IT6)/(1-(1-IT6))*-100)))) -> -112.76596 | IW6: =IF(IV6="","",ABS(IV6)) -> 112.76596 | IX6: =IF(IW6="","",IF(IU6=$AI6,1,-1)) -> 1 | IY6: =IF(OR(IX6="",IU6<>"HomFave"),"",IF(IX6=1,100+IZ6,0)) -> 207 | IZ6: =IF(OR(IX6="",IU6<>"HomFave"),"",ABS($S6)) -> 107 | JA6: =IF(OR(IU6<>"VisDog",IX6=""),"",IF(IX6=1,IF($L6<0,100+JB6,ABS($L6)+JB6),0)) | JB6: =IF(OR(IX6="",IU6<>"VisDog"),"",IF($L6<0,ABS($L6),100)) | JC6: =IF(OR(IX6="",IU6<>"VisFave"),"",IF(IX6=1,100+JD6,0)) | JD6: =IF(OR(IX6="",IU6<>"VisFave"),"",ABS($L6)) | JE6: =IF(OR(IU6<>"HomDog",IX6=""),"",IF(IX6=1,IF($S6<0,100+JF6,ABS($S6)+JF6),0)) | JF6: =IF(OR(IX6="",IU6<>"HomDog"),"",IF($S6<0,ABS($S6),100)) | JL6: =$S6 -> -107 | JM6: =IF(OR($S6<OPL_MIN,$S6>OPL_MAX),"",VLOOKUP($F6,CleanseResults!$GJ$3:$GN$1772,5,FALSE)) -> 0.47 | JN6: =IF(JM6="","",IF($W6=1,IF(JM6>=HWinThresh,"HomFave","VisDog"),IF(JM6<HWinThresh,"VisFave","HomDog"))) -> VisDog | JO6: =IF(JN6="","",IF(JM6=0.5,100,IF($W6=1,IF(JM6>0.5,JM6/(1-JM6)*-100, (1-JM6)/JM6*100),IF(JM6>0.5,(1-(1-JM6))/(1-JM6)*100,(1-JM6)/(1-(1-JM6))*-100)))) -> 112.76596 | JP6: =IF(JO6="","",ABS(JO6)) -> 112.76596 | JQ6: =IF(JP6="","",IF(JN6=$AI6,1,-1)) -> -1 | JR6: =IF(OR(JQ6="",JN6<>"HomFave"),"",IF(JQ6=1,100+JS6,0)) | JS6: =IF(OR(JQ6="",JN6<>"HomFave"),"",ABS($S6)) | JT6: =IF(OR(JN6<>"VisDog",JQ6=""),"",IF(JQ6=1,IF($L6<0,100+JU6,ABS($L6)+JU6),0)) -> 0 | JU6: =IF(OR(JQ6="",JN6<>"VisDog"),"",IF($L6<0,ABS($L6),100)) -> 101 | JV6: =IF(OR(JQ6="",JN6<>"VisFave"),"",IF(JQ6=1,100+JW6,0)) | JW6: =IF(OR(JQ6="",JN6<>"VisFave"),"",ABS($L6)) | JX6: =IF(OR(JN6<>"HomDog",JQ6=""),"",IF(JQ6=1,IF($S6<0,100+JY6,ABS($S6)+JY6),0)) | JY6: =IF(OR(JQ6="",JN6<>"HomDog"),"",IF($S6<0,ABS($S6),100)) | KE6: =$S6 -> -107 | KF6: =IF(OR($S6<OPL_MIN,$S6>OPL_MAX),"",VLOOKUP($F6,CleanseResults!$GY$3:$HC$1772,5,FALSE)) -> 0.51 | KG6: =IF(KF6="","",IF($W6=1,IF(KF6>=HWinThresh,"HomFave","VisDog"),IF(KF6<HWinThresh,"VisFave","HomDog"))) -> HomFave | KH6: =IF(KG6="","",IF(KF6=0.5,100,IF($W6=1,IF(KF6>0.5,KF6/(1-KF6)*-100, (1-KF6)/KF6*100),IF(KF6>0.5,(1-(1-KF6))/(1-KF6)*100,(1-KF6)/(1-(1-KF6))*-100)))) -> -104.08163 | KI6: =IF(KH6="","",ABS(KH6)) -> 104.08163 | KJ6: =IF(KI6="","",IF(KG6=$AI6,1,-1)) -> 1 | KK6: =IF(OR(KJ6="",KG6<>"HomFave"),"",IF(KJ6=1,100+KL6,0)) -> 207 | KL6: =IF(OR(KJ6="",KG6<>"HomFave"),"",ABS($S6)) -> 107 | KM6: =IF(OR(KG6<>"VisDog",KJ6=""),"",IF(KJ6=1,IF($L6<0,100+KN6,ABS($L6)+KN6),0)) | KN6: =IF(OR(KJ6="",KG6<>"VisDog"),"",IF($L6<0,ABS($L6),100)) | KO6: =IF(OR(KJ6="",KG6<>"VisFave"),"",IF(KJ6=1,100+KP6,0)) | KP6: =IF(OR(KJ6="",KG6<>"VisFave"),"",ABS($L6)) | KQ6: =IF(OR(KG6<>"HomDog",KJ6=""),"",IF(KJ6=1,IF($S6<0,100+KR6,ABS($S6)+KR6),0)) | KR6: =IF(OR(KJ6="",KG6<>"HomDog"),"",IF($S6<0,ABS($S6),100)) | KX6: =$S6 -> -107 | KY6: =IF(OR($S6<OPL_MIN,$S6>OPL_MAX),"",VLOOKUP($F6,CleanseResults!$HN$3:$HR$1772,5,FALSE)) -> 0.52 | KZ6: =IF(KY6="","",IF($W6=1,IF(KY6>=HWinThresh,"HomFave","VisDog"),IF(KY6<HWinThresh,"VisFave","HomDog"))) -> HomFave | LA6: =IF(KZ6="","",IF(KY6=0.5,100,IF($W6=1,IF(KY6>0.5,KY6/(1-KY6)*-100, (1-KY6)/KY6*100),IF(KY6>0.5,(1-(1-KY6))/(1-KY6)*100,(1-KY6)/(1-(1-KY6))*-100)))) -> -108.33333 | LB6: =IF(LA6="","",ABS(LA6)) -> 108.33333 | LC6: =IF(LB6="","",IF(KZ6=$AI6,1,-1)) -> 1 | LD6: =IF(OR(LC6="",KZ6<>"HomFave"),"",IF(LC6=1,100+LE6,0)) -> 207 | LE6: =IF(OR(LC6="",KZ6<>"HomFave"),"",ABS($S6)) -> 107 | LF6: =IF(OR(KZ6<>"VisDog",LC6=""),"",IF(LC6=1,IF($L6<0,100+LG6,ABS($L6)+LG6),0)) | LG6: =IF(OR(LC6="",KZ6<>"VisDog"),"",IF($L6<0,ABS($L6),100)) | LH6: =IF(OR(LC6="",KZ6<>"VisFave"),"",IF(LC6=1,100+LI6,0)) | LI6: =IF(OR(LC6="",KZ6<>"VisFave"),"",ABS($L6)) | LJ6: =IF(OR(KZ6<>"HomDog",LC6=""),"",IF(LC6=1,IF($S6<0,100+LK6,ABS($S6)+LK6),0)) | LK6: =IF(OR(LC6="",KZ6<>"HomDog"),"",IF($S6<0,ABS($S6),100)) | LL6: B1: P(H Win) | LS6: =IF(LX6="","",U6) -> 0.50707282 | LT6: =COUNTIFS($AT6,"=HomFave",$AW6,"=1")+COUNTIFS($AT6,"=HomFave",$AW6,"=-1")+COUNTIFS($BM6,"=HomFave",$BP6,"=1")+COUNTIFS($BM6,"=HomFave",$BP6,"=-1")+COUNTIFS($CF6,"=HomFave",$CI6,"=1")+COUNTIFS($CF6,"=HomFave",$CI6,"=-1")+COUNTIFS($CY6,"=HomFave",$DB6,"=1")+COUNTIFS($CY6,"=HomFave",$DB6,"=-1")+COUNTIFS($DR6,"=HomFave",$DU6,"=1")+COUNTIFS($DR6,"=HomFave",$DU6,"=-1")+COUNTIFS($EK6,"=HomFave",$EN6,"=1")+COUNTIFS($EK6,"=HomFave",$EN6,"=-1")+COUNTIFS($FD6,"=HomFave",$FG6,"=1")+COUNTIFS($FD6,"=HomFave",$FG6,"=-1")+COUNTIFS($FW6,"=HomFave",$FZ6,"=1")+COUNTIFS($FW6,"=HomFave",$FZ6,"=-1")+COUNTIFS($GP6,"=HomFave",$GS6,"=1")+COUNTIFS($GP6,"=HomFave",$GS6,"=-1") +COUNTIFS($HI6,"=HomFave",$HL6,"=1")+COUNTIFS($HI6,"=HomFave",$HL6,"=-1")+COUNTIFS($IB6,"=HomFave",$IE6,"=1")+COUNTIFS($IB6,"=HomFave",$IE6,"=-1")+COUNTIFS($IU6,"=HomFave",$IX6,"=1")+COUNTIFS($IU6,"=HomFave",$IX6,"=-1")+COUNTIFS($JN6,"=HomFave",$JQ6,"=1")+COUNTIFS($JN6,"=HomFave",$JQ6,"=-1")+COUNTIFS($KG6,"=HomFave",$KJ6,"=1")+COUNTIFS($KG6,"=HomFave",$KJ6,"=-1")+COUNTIFS($KZ6,"=HomFave",$LC6,"=1")+COUNTIFS($KZ6,"=HomFave",$LC6,"=-1") -> 7 | LU6: =COUNTIFS($AT6,"=VisDog",$AW6,"=1")+COUNTIFS($AT6,"=VisDog",$AW6,"=-1")+COUNTIFS($BM6,"=VisDog",$BP6,"=1")+COUNTIFS($BM6,"=VisDog",$BP6,"=-1")+COUNTIFS($CF6,"=VisDog",$CI6,"=1")+COUNTIFS($CF6,"=VisDog",$CI6,"=-1")+COUNTIFS($CY6,"=VisDog",$DB6,"=1")+COUNTIFS($CY6,"=VisDog",$DB6,"=-1")+COUNTIFS($DR6,"=VisDog",$DU6,"=1")+COUNTIFS($DR6,"=VisDog",$DU6,"=-1")+COUNTIFS($EK6,"=VisDog",$EN6,"=1")+COUNTIFS($EK6,"=VisDog",$EN6,"=-1")+COUNTIFS($FD6,"=VisDog",$FG6,"=1")+COUNTIFS($FD6,"=VisDog",$FG6,"=-1")+COUNTIFS($FW6,"=VisDog",$FZ6,"=1")+COUNTIFS($FW6,"=VisDog",$FZ6,"=-1")+COUNTIFS($GP6,"=VisDog",$GS6,"=1")+COUNTIFS($GP6,"=VisDog",$GS6,"=-1") +COUNTIFS($HI6,"=VisDog",$HL6,"=1")+COUNTIFS($HI6,"=VisDog",$HL6,"=-1")+COUNTIFS($IB6,"=VisDog",$IE6,"=1")+COUNTIFS($IB6,"=VisDog",$IE6,"=-1")+COUNTIFS($IU6,"=VisDog",$IX6,"=1")+COUNTIFS($IU6,"=VisDog",$IX6,"=-1")+COUNTIFS($JN6,"=VisDog",$JQ6,"=1")+COUNTIFS($JN6,"=VisDog",$JQ6,"=-1")+COUNTIFS($KG6,"=VisDog",$KJ6,"=1")+COUNTIFS($KG6,"=VisDog",$KJ6,"=-1")+COUNTIFS($KZ6,"=VisDog",$LC6,"=1")+COUNTIFS($KZ6,"=VisDog",$LC6,"=-1") -> 8 | LV6: =COUNTIFS($AT6,"=VisFave",$AW6,"=1")+COUNTIFS($AT6,"=VisFave",$AW6,"=-1")+COUNTIFS($BM6,"=VisFave",$BP6,"=1")+COUNTIFS($BM6,"=VisFave",$BP6,"=-1")+COUNTIFS($CF6,"=VisFave",$CI6,"=1")+COUNTIFS($CF6,"=VisFave",$CI6,"=-1")+COUNTIFS($CY6,"=VisFave",$DB6,"=1")+COUNTIFS($CY6,"=VisFave",$DB6,"=-1")+COUNTIFS($DR6,"=VisFave",$DU6,"=1")+COUNTIFS($DR6,"=VisFave",$DU6,"=-1")+COUNTIFS($EK6,"=VisFave",$EN6,"=1")+COUNTIFS($EK6,"=VisFave",$EN6,"=-1")+COUNTIFS($FD6,"=VisFave",$FG6,"=1")+COUNTIFS($FD6,"=VisFave",$FG6,"=-1")+COUNTIFS($FW6,"=VisFave",$FZ6,"=1")+COUNTIFS($FW6,"=VisFave",$FZ6,"=-1")+COUNTIFS($GP6,"=VisFave",$GS6,"=1")+COUNTIFS($GP6,"=VisFave",$GS6,"=-1") +COUNTIFS($HI6,"=VisFave",$HL6,"=1")+COUNTIFS($HI6,"=VisFave",$HL6,"=-1")+COUNTIFS($IB6,"=VisFave",$IE6,"=1")+COUNTIFS($IB6,"=VisFave",$IE6,"=-1")+COUNTIFS($IU6,"=VisFave",$IX6,"=1")+COUNTIFS($IU6,"=VisFave",$IX6,"=-1")+COUNTIFS($JN6,"=VisFave",$JQ6,"=1")+COUNTIFS($JN6,"=VisFave",$JQ6,"=-1")+COUNTIFS($KG6,"=VisFave",$KJ6,"=1")+COUNTIFS($KG6,"=VisFave",$KJ6,"=-1")+COUNTIFS($KZ6,"=VisFave",$LC6,"=1")+COUNTIFS($KZ6,"=VisFave",$LC6,"=-1") -> 0 | LW6: =COUNTIFS($AT6,"=HomDog",$AW6,"=1")+COUNTIFS($AT6,"=HomDog",$AW6,"=-1")+COUNTIFS($BM6,"=HomDog",$BP6,"=1")+COUNTIFS($BM6,"=HomDog",$BP6,"=-1")+COUNTIFS($CF6,"=HomDog",$CI6,"=1")+COUNTIFS($CF6,"=HomDog",$CI6,"=-1")+COUNTIFS($CY6,"=HomDog",$DB6,"=1")+COUNTIFS($CY6,"=HomDog",$DB6,"=-1")+COUNTIFS($DR6,"=HomDog",$DU6,"=1")+COUNTIFS($DR6,"=HomDog",$DU6,"=-1")+COUNTIFS($EK6,"=HomDog",$EN6,"=1")+COUNTIFS($EK6,"=HomDog",$EN6,"=-1")+COUNTIFS($FD6,"=HomDog",$FG6,"=1")+COUNTIFS($FD6,"=HomDog",$FG6,"=-1")+COUNTIFS($FW6,"=HomDog",$FZ6,"=1")+COUNTIFS($FW6,"=HomDog",$FZ6,"=-1")+COUNTIFS($GP6,"=HomDog",$GS6,"=1")+COUNTIFS($GP6,"=HomDog",$GS6,"=-1") +COUNTIFS($HI6,"=HomDog",$HL6,"=1")+COUNTIFS($HI6,"=HomDog",$HL6,"=-1")+COUNTIFS($IB6,"=HomDog",$IE6,"=1")+COUNTIFS($IB6,"=HomDog",$IE6,"=-1")+COUNTIFS($IU6,"=HomDog",$IX6,"=1")+COUNTIFS($IU6,"=HomDog",$IX6,"=-1")+COUNTIFS($JN6,"=HomDog",$JQ6,"=1")+COUNTIFS($JN6,"=HomDog",$JQ6,"=-1")+COUNTIFS($KG6,"=HomDog",$KJ6,"=1")+COUNTIFS($KG6,"=HomDog",$KJ6,"=-1")+COUNTIFS($KZ6,"=HomDog",$LC6,"=1")+COUNTIFS($KZ6,"=HomDog",$LC6,"=-1") -> 0 | LX6: =IF($S6<$L6,IF(LT6>LU6,IF((ens1NumVoters-SUM(LT6,LU6))>LT6,"",IF((LT6/(LT6+LU6))>=ens1VoteAgreement,"HomFave","")),IF((ens1NumVoters-SUM(LT6,LU6))>LU6,"",IF((LU6/(LT6+LU6))>=ens1VoteAgreement,"VisDog",""))),IF(LV6>LW6,IF((ens1NumVoters-SUM(LV6,LW6))>LV6,"",IF((LV6/(LV6+LW6))>=ens1VoteAgreement,"VisFave","")),IF((ens1NumVoters-SUM(LV6,LW6))>LW6,"",IF((LW6/(LV6+LW6))>=ens1VoteAgreement,"HomDog","")))) -> VisDog | LY6: =IF(MC6="","",IF(LX6="HomFave",(LT6/$LS$2)*100,IF(LX6="VisDog",(LU6/$LS$2)*100,IF(LX6="VisFave",(LV6/$LS$2)*100,(LW6/$LS$2)*100)))) -> 53.333333 | LZ6: =IF(LX6="","",NM6) -> 0.49 | MA6: =IF(LX6="","",LZ6-$U6) -> -0.017072816 | MB6: =IF(LZ6="","",IF(LZ6=0.5,100,IF($W6=1,IF(LZ6>0.5,LZ6/(1-LZ6)*-100,(1-LZ6)/LZ6*100), IF(LZ6<0.5,(1-LZ6)/LZ6*100,LZ6/(1-LZ6)*-100)))) -> 104.08163 | MC6: =IF(LX6="","", IF(edge_pp=0, LX6, IF(OR(LX6="HomFave",LX6="HomDog"), IF(MA6 >= edge_pp, LX6, ""), IF(MA6 <= -edge_pp, LX6, "")))) -> VisDog | MD6: =IF(OR(MB6<MODELPRICE_MIN,MB6>MODELPRICE_MAX),"",IF(OR(MC6="VisFave",MC6=""),"",IF(MC6=$AI6,1,-1))) -> -1 | ME6: =IF(OR(MP6="",MP6=0),"",IF(MC6=$AI6,1,-1)) -> -1 | MF6: =IF(OR(ME6="",MC6<>"HomFave"),"",IF(ME6=1,MP6*(1+MO6),0)) | MG6: =IF(OR(ME6="",MC6<>"HomFave"),"",MP6) | MH6: =IF(OR(MC6<>"VisDog",ME6=""),"",IF(ME6=1,MP6*(1+MO6),0)) -> 0 | MI6: =IF(OR(ME6="",MC6<>"VisDog"),"",MP6) -> 1 | MJ6: =IF(OR(ME6="",MC6<>"VisFave"),"",IF(ME6=1,MP6*(1+MO6),0)) | MK6: =IF(OR(ME6="",MC6<>"VisFave"),"",MP6) | ML6: =IF(OR(MC6<>"HomDog",ME6=""),"",IF(ME6=1,MP6*(1+MO6),0)) | MM6: =IF(OR(ME6="",MC6<>"HomDog"),"",MP6) | MO6: =IF($MD6="","",IF(OR($MC6="HomFave",$MC6="HomDog"),IF($S6<0,100/ABS($S6),$S6/100),IF($L6<0,100/ABS($L6),$L6/100))) -> 0.99009901 | MP6: =IF($MD6="","", IF(stakeMode=1, 1, IF(OR($MC6="HomFave",$MC6="HomDog"), kellyFraction*MAX(0, $LZ6 - (1-$LZ6)/$MO6), kellyFraction*MAX(0, (1-$LZ6) - $LZ6/$MO6)))) -> 1 | MS6: =IF($ME6="","",MP6) -> 1 | MT6: =IF($ME6="","",IF(ME6=1,MP6*(1+MO6),0)) -> 0 | MU6: =IF($ME6="","",IF(ME6=1,MP6*MO6,-1*MP6)) -> -1 | MV6: =IF($ME6="","",IF(MS6=0,0,MU6/MS6)) -> -1 | MX6: =IF($LX6="","",AS6) -> 0.47 | MY6: =IF($LX6="","",BL6) -> 0.55 | MZ6: =IF($LX6="","",CE6) -> 0.42 | NA6: =IF($LX6="","",CX6) -> 0.47 | NB6: =IF($LX6="","",DQ6) -> 0.46 | NC6: =IF($LX6="","",EJ6) -> 0.53 | ND6: =IF($LX6="","",FC6) -> 0.5 | NE6: =IF($LX6="","",FV6) -> 0.48 | NF6: =IF($LX6="","",GO6) -> 0.49 | NG6: =IF($LX6="","",HH6) -> 0.49 | NH6: =IF($LX6="","",IA6) -> 0.5 | NI6: =IF($LX6="","",IT6) -> 0.53 | NJ6: =IF($LX6="","",JM6) -> 0.47 | NK6: =IF($LX6="","",KF6) -> 0.51 | NL6: =IF($LX6="","",KY6) -> 0.52 | NM6: =MEDIAN(MX6:NL6) -> 0.49
C7: %V Wins | D7: =D6/NumGames -> 0.4137931 | E7: =IF(AND(L7<0,S7<0),1,0) -> 1 | F7: 777526 | G7: =VLOOKUP($F7,Lookup_!$A$2:$AJ$2224,3,FALSE) -> 2025 | H7: =VLOOKUP($F7,Lookup_!$A$2:$AJ$2224,4,FALSE) -> 6.2 | I7: =VLOOKUP($F7,Lookup_!$A$2:$AJ$2224,2,FALSE) -> 45821 | J7: =VLOOKUP($F7,Lookup_!$A$2:$AJ$2224,13,FALSE) -> 22 | K7: =VLOOKUP(J7,Lookup_!$AO$3:$AP$32,2,FALSE) -> PIT | L7: =VLOOKUP($F7,Lookup_!$A$2:$AJ$2224,14,FALSE) -> -103 | M7: =VLOOKUP($F7,Lookup_!$A$2:$AJ$2224,15,FALSE) -> 0.507389 | N7: =M7/($M7+$T7) -> 0.49764316 | O7: =IF(N7=0.5,100,IF(N7>0.5,N7/(1-N7)*-100, (1-N7)/N7*100)) -> 100.9472 | P7: =VLOOKUP($F7,Lookup_!$A$2:$AJ$2224,7,FALSE) -> 5 | Q7: =VLOOKUP(P7,Lookup_!$AO$3:$AP$32,2,FALSE) -> CHC | R7: =VLOOKUP($F7,Lookup_!$A$2:$AJ$2224,12,FALSE) -> 0.3117338 | S7: =VLOOKUP($F7,Lookup_!$A$2:$AJ$2224,8,FALSE) -> -105 | T7: =VLOOKUP($F7,Lookup_!$A$2:$AJ$2224,9,FALSE) -> 0.512195 | U7: =T7/($M7+$T7) -> 0.50235684 | V7: =IF(U7=0.5,100,IF(U7>0.5,U7/(1-U7)*-100, (1-U7)/U7*100)) -> -100.9472 | W7: =IF(S7<L7,1,-1) -> 1 | X7: =VLOOKUP($F7,Lookup_!$A$2:$AJ$2224,5,FALSE) -> 6.5 | Y7: =VLOOKUP($F7,Lookup_!$A$2:$AJ$2224,6,FALSE) -> -110.5 | Z7: =VLOOKUP($F7,Lookup_!$A$2:$AJ$2224,19,FALSE) -> -102.15717 | AA7: =VLOOKUP($F7,Lookup_!$A$2:$AJ$2224,25,FALSE) -> -201.21117 | AB7: =VLOOKUP($F7,Lookup_!$A$2:$AJ$2224,21,FALSE) -> 173.58913 | AC7: =VLOOKUP($F7,Lookup_!$A$2:$AJ$2224,23,FALSE) -> -107.95468 | AD7: =VLOOKUP($F7,Lookup_!$A$2:$AJ$2224,31,FALSE) -> 2 | AE7: =VLOOKUP($F7,Lookup_!$A$2:$AJ$2224,30,FALSE) -> 1 | AF7: =VLOOKUP($F7,Lookup_!$A$2:$AJ$2224,32,FALSE) -> LTE1 | AG7: =VLOOKUP($F7,Lookup_!$A$2:$AJ$2224,29,FALSE) -> -1 | AH7: =VLOOKUP($F7,Lookup_!$A$2:$AJ$2224,34,FALSE) -> -1 | AI7: =VLOOKUP($F7,Lookup_!$A$2:$AJ$2224,33,FALSE) -> VisDog | AJ7: =VLOOKUP($F7,Lookup_!$A$2:$AJ$2224,35,FALSE) -> 3 | AK7: =VLOOKUP($F7,Lookup_!$A$2:$AJ$2224,36,FALSE) -> -1 | AL7: =ABS(AD7-AE7) -> 1 | AM7: =IF(AL7<>AI7,1,"") -> 1 | AP7: #Wins | AQ7: =COUNTIF(AW$3:AW$89,"=1") -> 41 | AR7: =$S7 -> -105 | AS7: =IF(OR($S7<OPL_MIN,$S7>OPL_MAX),"",VLOOKUP($F7,CleanseResults!$L$3:$P$1772,5,FALSE)) -> 0.48 | AT7: =IF(AS7="","",IF($W7=1,IF(AS7>=HWinThresh,"HomFave","VisDog"),IF(AS7<HWinThresh,"VisFave","HomDog"))) -> VisDog | AU7: =IF(AT7="","",IF(AS7=0.5,100,IF($W7=1,IF(AS7>0.5,AS7/(1-AS7)*-100, (1-AS7)/AS7*100),IF(AS7>0.5,(1-(1-AS7))/(1-AS7)*100,(1-AS7)/(1-(1-AS7))*-100)))) -> 108.33333 | AV7: =IF(AU7="","",ABS(AU7)) -> 108.33333 | AW7: =IF(AV7="","",IF(AT7=$AI7,1,-1)) -> 1 | AX7: =IF(OR(AW7="",AT7<>"HomFave"),"",IF(AW7=1,100+AY7,0)) | AY7: =IF(OR(AW7="",AT7<>"HomFave"),"",ABS($S7)) | AZ7: =IF(OR(AT7<>"VisDog",AW7=""),"",IF(AW7=1,IF($L7<0,100+BA7,ABS($L7)+BA7),0)) -> 203 | BA7: =IF(OR(AW7="",AT7<>"VisDog"),"",IF($L7<0,ABS($L7),100)) -> 103 | BB7: =IF(OR(AW7="",AT7<>"VisFave"),"",IF(AW7=1,100+BC7,0)) | BC7: =IF(OR(AW7="",AT7<>"VisFave"),"",ABS($L7)) | BD7: =IF(OR(AT7<>"HomDog",AW7=""),"",IF(AW7=1,IF($S7<0,100+BE7,ABS($S7)+BE7),0)) | BE7: =IF(OR(AW7="",AT7<>"HomDog"),"",IF($S7<0,ABS($S7),100)) | BI7: #Wins | BJ7: =COUNTIF(BP$3:BP$89,"=1") -> 45 | BK7: =$S7 -> -105 | BL7: =IF(OR($S7<OPL_MIN,$S7>OPL_MAX),"",VLOOKUP($F7,CleanseResults!$AA$3:$AE$1772,5,FALSE)) -> 0.49 | BM7: =IF(BL7="","",IF($W7=1,IF(BL7>=HWinThresh,"HomFave","VisDog"),IF(BL7<HWinThresh,"VisFave","HomDog"))) -> VisDog | BN7: =IF(BM7="","",IF(BL7=0.5,100,IF($W7=1,IF(BL7>0.5,BL7/(1-BL7)*-100, (1-BL7)/BL7*100),IF(BL7>0.5,(1-(1-BL7))/(1-BL7)*100,(1-BL7)/(1-(1-BL7))*-100)))) -> 104.08163 | BO7: =IF(BN7="","",ABS(BN7)) -> 104.08163 | BP7: =IF(BO7="","",IF(BM7=$AI7,1,-1)) -> 1 | BQ7: =IF(OR(BP7="",BM7<>"HomFave"),"",IF(BP7=1,100+BR7,0)) | BR7: =IF(OR(BP7="",BM7<>"HomFave"),"",ABS($S7)) | BS7: =IF(OR(BM7<>"VisDog",BP7=""),"",IF(BP7=1,IF($L7<0,100+BT7,ABS($L7)+BT7),0)) -> 203 | BT7: =IF(OR(BP7="",BM7<>"VisDog"),"",IF($L7<0,ABS($L7),100)) -> 103 | BU7: =IF(OR(BP7="",BM7<>"VisFave"),"",IF(BP7=1,100+BV7,0)) | BV7: =IF(OR(BP7="",BM7<>"VisFave"),"",ABS($L7)) | BW7: =IF(OR(BM7<>"HomDog",BP7=""),"",IF(BP7=1,IF($S7<0,100+BX7,ABS($S7)+BX7),0)) | BX7: =IF(OR(BP7="",BM7<>"HomDog"),"",IF($S7<0,ABS($S7),100)) | CB7: #Wins | CC7: =COUNTIF(CI$3:CI$89,"=1") -> 46 | CD7: =$S7 -> -105 | CE7: =IF(OR($S7<OPL_MIN,$S7>OPL_MAX),"",VLOOKUP($F7,CleanseResults!$AP$3:$AT$1772,5,FALSE)) -> 0.35 | CF7: =IF(CE7="","",IF($W7=1,IF(CE7>=HWinThresh,"HomFave","VisDog"),IF(CE7<HWinThresh,"VisFave","HomDog"))) -> VisDog | CG7: =IF(CF7="","",IF(CE7=0.5,100,IF($W7=1,IF(CE7>0.5,CE7/(1-CE7)*-100, (1-CE7)/CE7*100),IF(CE7>0.5,(1-(1-CE7))/(1-CE7)*100,(1-CE7)/(1-(1-CE7))*-100)))) -> 185.71429 | CH7: =IF(CG7="","",ABS(CG7)) -> 185.71429 | CI7: =IF(CH7="","",IF(CF7=$AI7,1,-1)) -> 1 | CJ7: =IF(OR(CI7="",CF7<>"HomFave"),"",IF(CI7=1,100+CK7,0)) | CK7: =IF(OR(CI7="",CF7<>"HomFave"),"",ABS($S7)) | CL7: =IF(OR(CF7<>"VisDog",CI7=""),"",IF(CI7=1,IF($L7<0,100+CM7,ABS($L7)+CM7),0)) -> 203 | CM7: =IF(OR(CI7="",CF7<>"VisDog"),"",IF($L7<0,ABS($L7),100)) -> 103 | CN7: =IF(OR(CI7="",CF7<>"VisFave"),"",IF(CI7=1,100+CO7,0)) | CO7: =IF(OR(CI7="",CF7<>"VisFave"),"",ABS($L7)) | CP7: =IF(OR(CF7<>"HomDog",CI7=""),"",IF(CI7=1,IF($S7<0,100+CQ7,ABS($S7)+CQ7),0)) | CQ7: =IF(OR(CI7="",CF7<>"HomDog"),"",IF($S7<0,ABS($S7),100)) | CU7: #Wins | CV7: =COUNTIF(DB$3:DB$89,"=1") -> 37 | CW7: =$S7 -> -105 | CX7: =IF(OR($S7<OPL_MIN,$S7>OPL_MAX),"",VLOOKUP($F7,CleanseResults!$BE$3:$BI$1772,5,FALSE)) -> 0.52 | CY7: =IF(CX7="","",IF($W7=1,IF(CX7>=HWinThresh,"HomFave","VisDog"),IF(CX7<HWinThresh,"VisFave","HomDog"))) -> HomFave | CZ7: =IF(CY7="","",IF(CX7=0.5,100,IF($W7=1,IF(CX7>0.5,CX7/(1-CX7)*-100, (1-CX7)/CX7*100),IF(CX7>0.5,(1-(1-CX7))/(1-CX7)*100,(1-CX7)/(1-(1-CX7))*-100)))) -> -108.33333 | DA7: =IF(CZ7="","",ABS(CZ7)) -> 108.33333 | DB7: =IF(DA7="","",IF(CY7=$AI7,1,-1)) -> -1 | DC7: =IF(OR(DB7="",CY7<>"HomFave"),"",IF(DB7=1,100+DD7,0)) -> 0 | DD7: =IF(OR(DB7="",CY7<>"HomFave"),"",ABS($S7)) -> 105 | DE7: =IF(OR(CY7<>"VisDog",DB7=""),"",IF(DB7=1,IF($L7<0,100+DF7,ABS($L7)+DF7),0)) | DF7: =IF(OR(DB7="",CY7<>"VisDog"),"",IF($L7<0,ABS($L7),100)) | DG7: =IF(OR(DB7="",CY7<>"VisFave"),"",IF(DB7=1,100+DH7,0)) | DH7: =IF(OR(DB7="",CY7<>"VisFave"),"",ABS($L7)) | DI7: =IF(OR(CY7<>"HomDog",DB7=""),"",IF(DB7=1,IF($S7<0,100+DJ7,ABS($S7)+DJ7),0)) | DJ7: =IF(OR(DB7="",CY7<>"HomDog"),"",IF($S7<0,ABS($S7),100)) | DN7: #Wins | DO7: =COUNTIF(DU$3:DU$89,"=1") -> 46 | DP7: =$S7 -> -105 | DQ7: =IF(OR($S7<OPL_MIN,$S7>OPL_MAX),"",VLOOKUP($F7,CleanseResults!$BT$3:$BX$1772,5,FALSE)) -> 0.31 | DR7: =IF(DQ7="","",IF($W7=1,IF(DQ7>=HWinThresh,"HomFave","VisDog"),IF(DQ7<HWinThresh,"VisFave","HomDog"))) -> VisDog | DS7: =IF(DR7="","",IF(DQ7=0.5,100,IF($W7=1,IF(DQ7>0.5,DQ7/(1-DQ7)*-100, (1-DQ7)/DQ7*100),IF(DQ7>0.5,(1-(1-DQ7))/(1-DQ7)*100,(1-DQ7)/(1-(1-DQ7))*-100)))) -> 222.58065 | DT7: =IF(DS7="","",ABS(DS7)) -> 222.58065 | DU7: =IF(DT7="","",IF(DR7=$AI7,1,-1)) -> 1 | DV7: =IF(OR(DU7="",DR7<>"HomFave"),"",IF(DU7=1,100+DW7,0)) | DW7: =IF(OR(DU7="",DR7<>"HomFave"),"",ABS($S7)) | DX7: =IF(OR(DR7<>"VisDog",DU7=""),"",IF(DU7=1,IF($L7<0,100+DY7,ABS($L7)+DY7),0)) -> 203 | DY7: =IF(OR(DU7="",DR7<>"VisDog"),"",IF($L7<0,ABS($L7),100)) -> 103 | DZ7: =IF(OR(DU7="",DR7<>"VisFave"),"",IF(DU7=1,100+EA7,0)) | EA7: =IF(OR(DU7="",DR7<>"VisFave"),"",ABS($L7)) | EB7: =IF(OR(DR7<>"HomDog",DU7=""),"",IF(DU7=1,IF($S7<0,100+EC7,ABS($S7)+EC7),0)) | EC7: =IF(OR(DU7="",DR7<>"HomDog"),"",IF($S7<0,ABS($S7),100)) | EG7: #Wins | EH7: =COUNTIF(EN$3:EN$89,"=1") -> 35 | EI7: =$S7 -> -105 | EJ7: =IF(OR($S7<OPL_MIN,$S7>OPL_MAX),"",VLOOKUP($F7,CleanseResults!$CI$3:$CM$1772,5,FALSE)) -> 0.5 | EK7: =IF(EJ7="","",IF($W7=1,IF(EJ7>=HWinThresh,"HomFave","VisDog"),IF(EJ7<HWinThresh,"VisFave","HomDog"))) -> HomFave | EL7: =IF(EK7="","",IF(EJ7=0.5,100,IF($W7=1,IF(EJ7>0.5,EJ7/(1-EJ7)*-100, (1-EJ7)/EJ7*100),IF(EJ7>0.5,(1-(1-EJ7))/(1-EJ7)*100,(1-EJ7)/(1-(1-EJ7))*-100)))) -> 100 | EM7: =IF(EL7="","",ABS(EL7)) -> 100 | EN7: =IF(EM7="","",IF(EK7=$AI7,1,-1)) -> -1 | EO7: =IF(OR(EN7="",EK7<>"HomFave"),"",IF(EN7=1,100+EP7,0)) -> 0 | EP7: =IF(OR(EN7="",EK7<>"HomFave"),"",ABS($S7)) -> 105 | EQ7: =IF(OR(EK7<>"VisDog",EN7=""),"",IF(EN7=1,IF($L7<0,100+ER7,ABS($L7)+ER7),0)) | ER7: =IF(OR(EN7="",EK7<>"VisDog"),"",IF($L7<0,ABS($L7),100)) | ES7: =IF(OR(EN7="",EK7<>"VisFave"),"",IF(EN7=1,100+ET7,0)) | ET7: =IF(OR(EN7="",EK7<>"VisFave"),"",ABS($L7)) | EU7: =IF(OR(EK7<>"HomDog",EN7=""),"",IF(EN7=1,IF($S7<0,100+EV7,ABS($S7)+EV7),0)) | EV7: =IF(OR(EN7="",EK7<>"HomDog"),"",IF($S7<0,ABS($S7),100)) | EZ7: #Wins | FA7: =COUNTIF(FG$3:FG$89,"=1") -> 35 | FB7: =$S7 -> -105 | FC7: =IF(OR($S7<OPL_MIN,$S7>OPL_MAX),"",VLOOKUP($F7,CleanseResults!$CX$3:$DB$1772,5,FALSE)) -> 0.51 | FD7: =IF(FC7="","",IF($W7=1,IF(FC7>=HWinThresh,"HomFave","VisDog"),IF(FC7<HWinThresh,"VisFave","HomDog"))) -> HomFave | FE7: =IF(FD7="","",IF(FC7=0.5,100,IF($W7=1,IF(FC7>0.5,FC7/(1-FC7)*-100, (1-FC7)/FC7*100),IF(FC7>0.5,(1-(1-FC7))/(1-FC7)*100,(1-FC7)/(1-(1-FC7))*-100)))) -> -104.08163 | FF7: =IF(FE7="","",ABS(FE7)) -> 104.08163 | FG7: =IF(FF7="","",IF(FD7=$AI7,1,-1)) -> -1 | FH7: =IF(OR(FG7="",FD7<>"HomFave"),"",IF(FG7=1,100+FI7,0)) -> 0 | FI7: =IF(OR(FG7="",FD7<>"HomFave"),"",ABS($S7)) -> 105 | FJ7: =IF(OR(FD7<>"VisDog",FG7=""),"",IF(FG7=1,IF($L7<0,100+FK7,ABS($L7)+FK7),0)) | FK7: =IF(OR(FG7="",FD7<>"VisDog"),"",IF($L7<0,ABS($L7),100)) | FL7: =IF(OR(FG7="",FD7<>"VisFave"),"",IF(FG7=1,100+FM7,0)) | FM7: =IF(OR(FG7="",FD7<>"VisFave"),"",ABS($L7)) | FN7: =IF(OR(FD7<>"HomDog",FG7=""),"",IF(FG7=1,IF($S7<0,100+FO7,ABS($S7)+FO7),0)) | FO7: =IF(OR(FG7="",FD7<>"HomDog"),"",IF($S7<0,ABS($S7),100)) | FS7: #Wins | FT7: =COUNTIF(FZ$3:FZ$89,"=1") -> 38 | FU7: =$S7 -> -105 | FV7: =IF(OR($S7<OPL_MIN,$S7>OPL_MAX),"",VLOOKUP($F7,CleanseResults!$DM$3:$DQ$1772,5,FALSE)) -> 0.49 | FW7: =IF(FV7="","",IF($W7=1,IF(FV7>=HWinThresh,"HomFave","VisDog"),IF(FV7<HWinThresh,"VisFave","HomDog"))) -> VisDog | FX7: =IF(FW7="","",IF(FV7=0.5,100,IF($W7=1,IF(FV7>0.5,FV7/(1-FV7)*-100, (1-FV7)/FV7*100),IF(FV7>0.5,(1-(1-FV7))/(1-FV7)*100,(1-FV7)/(1-(1-FV7))*-100)))) -> 104.08163 | FY7: =IF(FX7="","",ABS(FX7)) -> 104.08163 | FZ7: =IF(FY7="","",IF(FW7=$AI7,1,-1)) -> 1 | GA7: =IF(OR(FZ7="",FW7<>"HomFave"),"",IF(FZ7=1,100+GB7,0)) | GB7: =IF(OR(FZ7="",FW7<>"HomFave"),"",ABS($S7)) | GC7: =IF(OR(FW7<>"VisDog",FZ7=""),"",IF(FZ7=1,IF($L7<0,100+GD7,ABS($L7)+GD7),0)) -> 203 | GD7: =IF(OR(FZ7="",FW7<>"VisDog"),"",IF($L7<0,ABS($L7),100)) -> 103 | GE7: =IF(OR(FZ7="",FW7<>"VisFave"),"",IF(FZ7=1,100+GF7,0)) | GF7: =IF(OR(FZ7="",FW7<>"VisFave"),"",ABS($L7)) | GG7: =IF(OR(FW7<>"HomDog",FZ7=""),"",IF(FZ7=1,IF($S7<0,100+GH7,ABS($S7)+GH7),0)) | GH7: =IF(OR(FZ7="",FW7<>"HomDog"),"",IF($S7<0,ABS($S7),100)) | GL7: #Wins | GM7: =COUNTIF(GS$3:GS$89,"=1") -> 35 | GN7: =$S7 -> -105 | GO7: =IF(OR($S7<OPL_MIN,$S7>OPL_MAX),"",VLOOKUP($F7,CleanseResults!$EB$3:$EF$1772,5,FALSE)) -> 0.49 | GP7: =IF(GO7="","",IF($W7=1,IF(GO7>=HWinThresh,"HomFave","VisDog"),IF(GO7<HWinThresh,"VisFave","HomDog"))) -> VisDog | GQ7: =IF(GP7="","",IF(GO7=0.5,100,IF($W7=1,IF(GO7>0.5,GO7/(1-GO7)*-100, (1-GO7)/GO7*100),IF(GO7>0.5,(1-(1-GO7))/(1-GO7)*100,(1-GO7)/(1-(1-GO7))*-100)))) -> 104.08163 | GR7: =IF(GQ7="","",ABS(GQ7)) -> 104.08163 | GS7: =IF(GR7="","",IF(GP7=$AI7,1,-1)) -> 1 | GT7: =IF(OR(GS7="",GP7<>"HomFave"),"",IF(GS7=1,100+GU7,0)) | GU7: =IF(OR(GS7="",GP7<>"HomFave"),"",ABS($S7)) | GV7: =IF(OR(GP7<>"VisDog",GS7=""),"",IF(GS7=1,IF($L7<0,100+GW7,ABS($L7)+GW7),0)) -> 203 | GW7: =IF(OR(GS7="",GP7<>"VisDog"),"",IF($L7<0,ABS($L7),100)) -> 103 | GX7: =IF(OR(GS7="",GP7<>"VisFave"),"",IF(GS7=1,100+GY7,0)) | GY7: =IF(OR(GS7="",GP7<>"VisFave"),"",ABS($L7)) | GZ7: =IF(OR(GP7<>"HomDog",GS7=""),"",IF(GS7=1,IF($S7<0,100+HA7,ABS($S7)+HA7),0)) | HA7: =IF(OR(GS7="",GP7<>"HomDog"),"",IF($S7<0,ABS($S7),100)) | HE7: #Wins | HF7: =COUNTIF(HL$3:HL$89,"=1") -> 35 | HG7: =$S7 -> -105 | HH7: =IF(OR($S7<OPL_MIN,$S7>OPL_MAX),"",VLOOKUP($F7,CleanseResults!$EQ$3:$EU$1772,5,FALSE)) -> 0.49 | HI7: =IF(HH7="","",IF($W7=1,IF(HH7>=HWinThresh,"HomFave","VisDog"),IF(HH7<HWinThresh,"VisFave","HomDog"))) -> VisDog | HJ7: =IF(HI7="","",IF(HH7=0.5,100,IF($W7=1,IF(HH7>0.5,HH7/(1-HH7)*-100, (1-HH7)/HH7*100),IF(HH7>0.5,(1-(1-HH7))/(1-HH7)*100,(1-HH7)/(1-(1-HH7))*-100)))) -> 104.08163 | HK7: =IF(HJ7="","",ABS(HJ7)) -> 104.08163 | HL7: =IF(HK7="","",IF(HI7=$AI7,1,-1)) -> 1 | HM7: =IF(OR(HL7="",HI7<>"HomFave"),"",IF(HL7=1,100+HN7,0)) | HN7: =IF(OR(HL7="",HI7<>"HomFave"),"",ABS($S7)) | HO7: =IF(OR(HI7<>"VisDog",HL7=""),"",IF(HL7=1,IF($L7<0,100+HP7,ABS($L7)+HP7),0)) -> 203 | HP7: =IF(OR(HL7="",HI7<>"VisDog"),"",IF($L7<0,ABS($L7),100)) -> 103 | HQ7: =IF(OR(HL7="",HI7<>"VisFave"),"",IF(HL7=1,100+HR7,0)) | HR7: =IF(OR(HL7="",HI7<>"VisFave"),"",ABS($L7)) | HS7: =IF(OR(HI7<>"HomDog",HL7=""),"",IF(HL7=1,IF($S7<0,100+HT7,ABS($S7)+HT7),0)) | HT7: =IF(OR(HL7="",HI7<>"HomDog"),"",IF($S7<0,ABS($S7),100)) | HX7: #Wins | HY7: =COUNTIF(IE$3:IE$89,"=1") -> 36 | HZ7: =$S7 -> -105 | IA7: =IF(OR($S7<OPL_MIN,$S7>OPL_MAX),"",VLOOKUP($F7,CleanseResults!$FF$3:$FJ$1772,5,FALSE)) -> 0.49 | IB7: =IF(IA7="","",IF($W7=1,IF(IA7>=HWinThresh,"HomFave","VisDog"),IF(IA7<HWinThresh,"VisFave","HomDog"))) -> VisDog | IC7: =IF(IB7="","",IF(IA7=0.5,100,IF($W7=1,IF(IA7>0.5,IA7/(1-IA7)*-100, (1-IA7)/IA7*100),IF(IA7>0.5,(1-(1-IA7))/(1-IA7)*100,(1-IA7)/(1-(1-IA7))*-100)))) -> 104.08163 | ID7: =IF(IC7="","",ABS(IC7)) -> 104.08163 | IE7: =IF(ID7="","",IF(IB7=$AI7,1,-1)) -> 1 | IF7: =IF(OR(IE7="",IB7<>"HomFave"),"",IF(IE7=1,100+IG7,0)) | IG7: =IF(OR(IE7="",IB7<>"HomFave"),"",ABS($S7)) | IH7: =IF(OR(IB7<>"VisDog",IE7=""),"",IF(IE7=1,IF($L7<0,100+II7,ABS($L7)+II7),0)) -> 203 | II7: =IF(OR(IE7="",IB7<>"VisDog"),"",IF($L7<0,ABS($L7),100)) -> 103 | IJ7: =IF(OR(IE7="",IB7<>"VisFave"),"",IF(IE7=1,100+IK7,0)) | IK7: =IF(OR(IE7="",IB7<>"VisFave"),"",ABS($L7)) | IL7: =IF(OR(IB7<>"HomDog",IE7=""),"",IF(IE7=1,IF($S7<0,100+IM7,ABS($S7)+IM7),0)) | IM7: =IF(OR(IE7="",IB7<>"HomDog"),"",IF($S7<0,ABS($S7),100)) | IQ7: #Wins | IR7: =COUNTIF(IX$3:IX$89,"=1") -> 40 | IS7: =$S7 -> -105 | IT7: =IF(OR($S7<OPL_MIN,$S7>OPL_MAX),"",VLOOKUP($F7,CleanseResults!$FU$3:$FY$1772,5,FALSE)) -> 0.5 | IU7: =IF(IT7="","",IF($W7=1,IF(IT7>=HWinThresh,"HomFave","VisDog"),IF(IT7<HWinThresh,"VisFave","HomDog"))) -> HomFave | IV7: =IF(IU7="","",IF(IT7=0.5,100,IF($W7=1,IF(IT7>0.5,IT7/(1-IT7)*-100, (1-IT7)/IT7*100),IF(IT7>0.5,(1-(1-IT7))/(1-IT7)*100,(1-IT7)/(1-(1-IT7))*-100)))) -> 100 | IW7: =IF(IV7="","",ABS(IV7)) -> 100 | IX7: =IF(IW7="","",IF(IU7=$AI7,1,-1)) -> -1 | IY7: =IF(OR(IX7="",IU7<>"HomFave"),"",IF(IX7=1,100+IZ7,0)) -> 0 | IZ7: =IF(OR(IX7="",IU7<>"HomFave"),"",ABS($S7)) -> 105 | JA7: =IF(OR(IU7<>"VisDog",IX7=""),"",IF(IX7=1,IF($L7<0,100+JB7,ABS($L7)+JB7),0)) | JB7: =IF(OR(IX7="",IU7<>"VisDog"),"",IF($L7<0,ABS($L7),100)) | JC7: =IF(OR(IX7="",IU7<>"VisFave"),"",IF(IX7=1,100+JD7,0)) | JD7: =IF(OR(IX7="",IU7<>"VisFave"),"",ABS($L7)) | JE7: =IF(OR(IU7<>"HomDog",IX7=""),"",IF(IX7=1,IF($S7<0,100+JF7,ABS($S7)+JF7),0)) | JF7: =IF(OR(IX7="",IU7<>"HomDog"),"",IF($S7<0,ABS($S7),100)) | JJ7: #Wins | JK7: =COUNTIF(JQ$3:JQ$89,"=1") -> 37 | JL7: =$S7 -> -105 | JM7: =IF(OR($S7<OPL_MIN,$S7>OPL_MAX),"",VLOOKUP($F7,CleanseResults!$GJ$3:$GN$1772,5,FALSE)) -> 0.47 | JN7: =IF(JM7="","",IF($W7=1,IF(JM7>=HWinThresh,"HomFave","VisDog"),IF(JM7<HWinThresh,"VisFave","HomDog"))) -> VisDog | JO7: =IF(JN7="","",IF(JM7=0.5,100,IF($W7=1,IF(JM7>0.5,JM7/(1-JM7)*-100, (1-JM7)/JM7*100),IF(JM7>0.5,(1-(1-JM7))/(1-JM7)*100,(1-JM7)/(1-(1-JM7))*-100)))) -> 112.76596 | JP7: =IF(JO7="","",ABS(JO7)) -> 112.76596 | JQ7: =IF(JP7="","",IF(JN7=$AI7,1,-1)) -> 1 | JR7: =IF(OR(JQ7="",JN7<>"HomFave"),"",IF(JQ7=1,100+JS7,0)) | JS7: =IF(OR(JQ7="",JN7<>"HomFave"),"",ABS($S7)) | JT7: =IF(OR(JN7<>"VisDog",JQ7=""),"",IF(JQ7=1,IF($L7<0,100+JU7,ABS($L7)+JU7),0)) -> 203 | JU7: =IF(OR(JQ7="",JN7<>"VisDog"),"",IF($L7<0,ABS($L7),100)) -> 103 | JV7: =IF(OR(JQ7="",JN7<>"VisFave"),"",IF(JQ7=1,100+JW7,0)) | JW7: =IF(OR(JQ7="",JN7<>"VisFave"),"",ABS($L7)) | JX7: =IF(OR(JN7<>"HomDog",JQ7=""),"",IF(JQ7=1,IF($S7<0,100+JY7,ABS($S7)+JY7),0)) | JY7: =IF(OR(JQ7="",JN7<>"HomDog"),"",IF($S7<0,ABS($S7),100)) | KC7: #Wins | KD7: =COUNTIF(KJ$3:KJ$89,"=1") -> 43 | KE7: =$S7 -> -105 | KF7: =IF(OR($S7<OPL_MIN,$S7>OPL_MAX),"",VLOOKUP($F7,CleanseResults!$GY$3:$HC$1772,5,FALSE)) -> 0.47 | KG7: =IF(KF7="","",IF($W7=1,IF(KF7>=HWinThresh,"HomFave","VisDog"),IF(KF7<HWinThresh,"VisFave","HomDog"))) -> VisDog | KH7: =IF(KG7="","",IF(KF7=0.5,100,IF($W7=1,IF(KF7>0.5,KF7/(1-KF7)*-100, (1-KF7)/KF7*100),IF(KF7>0.5,(1-(1-KF7))/(1-KF7)*100,(1-KF7)/(1-(1-KF7))*-100)))) -> 112.76596 | KI7: =IF(KH7="","",ABS(KH7)) -> 112.76596 | KJ7: =IF(KI7="","",IF(KG7=$AI7,1,-1)) -> 1 | KK7: =IF(OR(KJ7="",KG7<>"HomFave"),"",IF(KJ7=1,100+KL7,0)) | KL7: =IF(OR(KJ7="",KG7<>"HomFave"),"",ABS($S7)) | KM7: =IF(OR(KG7<>"VisDog",KJ7=""),"",IF(KJ7=1,IF($L7<0,100+KN7,ABS($L7)+KN7),0)) -> 203 | KN7: =IF(OR(KJ7="",KG7<>"VisDog"),"",IF($L7<0,ABS($L7),100)) -> 103 | KO7: =IF(OR(KJ7="",KG7<>"VisFave"),"",IF(KJ7=1,100+KP7,0)) | KP7: =IF(OR(KJ7="",KG7<>"VisFave"),"",ABS($L7)) | KQ7: =IF(OR(KG7<>"HomDog",KJ7=""),"",IF(KJ7=1,IF($S7<0,100+KR7,ABS($S7)+KR7),0)) | KR7: =IF(OR(KJ7="",KG7<>"HomDog"),"",IF($S7<0,ABS($S7),100)) | KV7: #Wins | KW7: =COUNTIF(LC$3:LC$89,"=1") -> 40 | KX7: =$S7 -> -105 | KY7: =IF(OR($S7<OPL_MIN,$S7>OPL_MAX),"",VLOOKUP($F7,CleanseResults!$HN$3:$HR$1772,5,FALSE)) -> 0.36 | KZ7: =IF(KY7="","",IF($W7=1,IF(KY7>=HWinThresh,"HomFave","VisDog"),IF(KY7<HWinThresh,"VisFave","HomDog"))) -> VisDog | LA7: =IF(KZ7="","",IF(KY7=0.5,100,IF($W7=1,IF(KY7>0.5,KY7/(1-KY7)*-100, (1-KY7)/KY7*100),IF(KY7>0.5,(1-(1-KY7))/(1-KY7)*100,(1-KY7)/(1-(1-KY7))*-100)))) -> 177.77778 | LB7: =IF(LA7="","",ABS(LA7)) -> 177.77778 | LC7: =IF(LB7="","",IF(KZ7=$AI7,1,-1)) -> 1 | LD7: =IF(OR(LC7="",KZ7<>"HomFave"),"",IF(LC7=1,100+LE7,0)) | LE7: =IF(OR(LC7="",KZ7<>"HomFave"),"",ABS($S7)) | LF7: =IF(OR(KZ7<>"VisDog",LC7=""),"",IF(LC7=1,IF($L7<0,100+LG7,ABS($L7)+LG7),0)) -> 203 | LG7: =IF(OR(LC7="",KZ7<>"VisDog"),"",IF($L7<0,ABS($L7),100)) -> 103 | LH7: =IF(OR(LC7="",KZ7<>"VisFave"),"",IF(LC7=1,100+LI7,0)) | LI7: =IF(OR(LC7="",KZ7<>"VisFave"),"",ABS($L7)) | LJ7: =IF(OR(KZ7<>"HomDog",LC7=""),"",IF(LC7=1,IF($S7<0,100+LK7,ABS($S7)+LK7),0)) | LK7: =IF(OR(LC7="",KZ7<>"HomDog"),"",IF($S7<0,ABS($S7),100)) | LQ7: #Wins | LR7: =LR29+LR38+LR56+LR65 -> 16 | LS7: =IF(LX7="","",U7) -> 0.50235684 | LT7: =COUNTIFS($AT7,"=HomFave",$AW7,"=1")+COUNTIFS($AT7,"=HomFave",$AW7,"=-1")+COUNTIFS($BM7,"=HomFave",$BP7,"=1")+COUNTIFS($BM7,"=HomFave",$BP7,"=-1")+COUNTIFS($CF7,"=HomFave",$CI7,"=1")+COUNTIFS($CF7,"=HomFave",$CI7,"=-1")+COUNTIFS($CY7,"=HomFave",$DB7,"=1")+COUNTIFS($CY7,"=HomFave",$DB7,"=-1")+COUNTIFS($DR7,"=HomFave",$DU7,"=1")+COUNTIFS($DR7,"=HomFave",$DU7,"=-1")+COUNTIFS($EK7,"=HomFave",$EN7,"=1")+COUNTIFS($EK7,"=HomFave",$EN7,"=-1")+COUNTIFS($FD7,"=HomFave",$FG7,"=1")+COUNTIFS($FD7,"=HomFave",$FG7,"=-1")+COUNTIFS($FW7,"=HomFave",$FZ7,"=1")+COUNTIFS($FW7,"=HomFave",$FZ7,"=-1")+COUNTIFS($GP7,"=HomFave",$GS7,"=1")+COUNTIFS($GP7,"=HomFave",$GS7,"=-1") +COUNTIFS($HI7,"=HomFave",$HL7,"=1")+COUNTIFS($HI7,"=HomFave",$HL7,"=-1")+COUNTIFS($IB7,"=HomFave",$IE7,"=1")+COUNTIFS($IB7,"=HomFave",$IE7,"=-1")+COUNTIFS($IU7,"=HomFave",$IX7,"=1")+COUNTIFS($IU7,"=HomFave",$IX7,"=-1")+COUNTIFS($JN7,"=HomFave",$JQ7,"=1")+COUNTIFS($JN7,"=HomFave",$JQ7,"=-1")+COUNTIFS($KG7,"=HomFave",$KJ7,"=1")+COUNTIFS($KG7,"=HomFave",$KJ7,"=-1")+COUNTIFS($KZ7,"=HomFave",$LC7,"=1")+COUNTIFS($KZ7,"=HomFave",$LC7,"=-1") -> 4 | LU7: =COUNTIFS($AT7,"=VisDog",$AW7,"=1")+COUNTIFS($AT7,"=VisDog",$AW7,"=-1")+COUNTIFS($BM7,"=VisDog",$BP7,"=1")+COUNTIFS($BM7,"=VisDog",$BP7,"=-1")+COUNTIFS($CF7,"=VisDog",$CI7,"=1")+COUNTIFS($CF7,"=VisDog",$CI7,"=-1")+COUNTIFS($CY7,"=VisDog",$DB7,"=1")+COUNTIFS($CY7,"=VisDog",$DB7,"=-1")+COUNTIFS($DR7,"=VisDog",$DU7,"=1")+COUNTIFS($DR7,"=VisDog",$DU7,"=-1")+COUNTIFS($EK7,"=VisDog",$EN7,"=1")+COUNTIFS($EK7,"=VisDog",$EN7,"=-1")+COUNTIFS($FD7,"=VisDog",$FG7,"=1")+COUNTIFS($FD7,"=VisDog",$FG7,"=-1")+COUNTIFS($FW7,"=VisDog",$FZ7,"=1")+COUNTIFS($FW7,"=VisDog",$FZ7,"=-1")+COUNTIFS($GP7,"=VisDog",$GS7,"=1")+COUNTIFS($GP7,"=VisDog",$GS7,"=-1") +COUNTIFS($HI7,"=VisDog",$HL7,"=1")+COUNTIFS($HI7,"=VisDog",$HL7,"=-1")+COUNTIFS($IB7,"=VisDog",$IE7,"=1")+COUNTIFS($IB7,"=VisDog",$IE7,"=-1")+COUNTIFS($IU7,"=VisDog",$IX7,"=1")+COUNTIFS($IU7,"=VisDog",$IX7,"=-1")+COUNTIFS($JN7,"=VisDog",$JQ7,"=1")+COUNTIFS($JN7,"=VisDog",$JQ7,"=-1")+COUNTIFS($KG7,"=VisDog",$KJ7,"=1")+COUNTIFS($KG7,"=VisDog",$KJ7,"=-1")+COUNTIFS($KZ7,"=VisDog",$LC7,"=1")+COUNTIFS($KZ7,"=VisDog",$LC7,"=-1") -> 11 | LV7: =COUNTIFS($AT7,"=VisFave",$AW7,"=1")+COUNTIFS($AT7,"=VisFave",$AW7,"=-1")+COUNTIFS($BM7,"=VisFave",$BP7,"=1")+COUNTIFS($BM7,"=VisFave",$BP7,"=-1")+COUNTIFS($CF7,"=VisFave",$CI7,"=1")+COUNTIFS($CF7,"=VisFave",$CI7,"=-1")+COUNTIFS($CY7,"=VisFave",$DB7,"=1")+COUNTIFS($CY7,"=VisFave",$DB7,"=-1")+COUNTIFS($DR7,"=VisFave",$DU7,"=1")+COUNTIFS($DR7,"=VisFave",$DU7,"=-1")+COUNTIFS($EK7,"=VisFave",$EN7,"=1")+COUNTIFS($EK7,"=VisFave",$EN7,"=-1")+COUNTIFS($FD7,"=VisFave",$FG7,"=1")+COUNTIFS($FD7,"=VisFave",$FG7,"=-1")+COUNTIFS($FW7,"=VisFave",$FZ7,"=1")+COUNTIFS($FW7,"=VisFave",$FZ7,"=-1")+COUNTIFS($GP7,"=VisFave",$GS7,"=1")+COUNTIFS($GP7,"=VisFave",$GS7,"=-1") +COUNTIFS($HI7,"=VisFave",$HL7,"=1")+COUNTIFS($HI7,"=VisFave",$HL7,"=-1")+COUNTIFS($IB7,"=VisFave",$IE7,"=1")+COUNTIFS($IB7,"=VisFave",$IE7,"=-1")+COUNTIFS($IU7,"=VisFave",$IX7,"=1")+COUNTIFS($IU7,"=VisFave",$IX7,"=-1")+COUNTIFS($JN7,"=VisFave",$JQ7,"=1")+COUNTIFS($JN7,"=VisFave",$JQ7,"=-1")+COUNTIFS($KG7,"=VisFave",$KJ7,"=1")+COUNTIFS($KG7,"=VisFave",$KJ7,"=-1")+COUNTIFS($KZ7,"=VisFave",$LC7,"=1")+COUNTIFS($KZ7,"=VisFave",$LC7,"=-1") -> 0 | LW7: =COUNTIFS($AT7,"=HomDog",$AW7,"=1")+COUNTIFS($AT7,"=HomDog",$AW7,"=-1")+COUNTIFS($BM7,"=HomDog",$BP7,"=1")+COUNTIFS($BM7,"=HomDog",$BP7,"=-1")+COUNTIFS($CF7,"=HomDog",$CI7,"=1")+COUNTIFS($CF7,"=HomDog",$CI7,"=-1")+COUNTIFS($CY7,"=HomDog",$DB7,"=1")+COUNTIFS($CY7,"=HomDog",$DB7,"=-1")+COUNTIFS($DR7,"=HomDog",$DU7,"=1")+COUNTIFS($DR7,"=HomDog",$DU7,"=-1")+COUNTIFS($EK7,"=HomDog",$EN7,"=1")+COUNTIFS($EK7,"=HomDog",$EN7,"=-1")+COUNTIFS($FD7,"=HomDog",$FG7,"=1")+COUNTIFS($FD7,"=HomDog",$FG7,"=-1")+COUNTIFS($FW7,"=HomDog",$FZ7,"=1")+COUNTIFS($FW7,"=HomDog",$FZ7,"=-1")+COUNTIFS($GP7,"=HomDog",$GS7,"=1")+COUNTIFS($GP7,"=HomDog",$GS7,"=-1") +COUNTIFS($HI7,"=HomDog",$HL7,"=1")+COUNTIFS($HI7,"=HomDog",$HL7,"=-1")+COUNTIFS($IB7,"=HomDog",$IE7,"=1")+COUNTIFS($IB7,"=HomDog",$IE7,"=-1")+COUNTIFS($IU7,"=HomDog",$IX7,"=1")+COUNTIFS($IU7,"=HomDog",$IX7,"=-1")+COUNTIFS($JN7,"=HomDog",$JQ7,"=1")+COUNTIFS($JN7,"=HomDog",$JQ7,"=-1")+COUNTIFS($KG7,"=HomDog",$KJ7,"=1")+COUNTIFS($KG7,"=HomDog",$KJ7,"=-1")+COUNTIFS($KZ7,"=HomDog",$LC7,"=1")+COUNTIFS($KZ7,"=HomDog",$LC7,"=-1") -> 0 | LX7: =IF($S7<$L7,IF(LT7>LU7,IF((ens1NumVoters-SUM(LT7,LU7))>LT7,"",IF((LT7/(LT7+LU7))>=ens1VoteAgreement,"HomFave","")),IF((ens1NumVoters-SUM(LT7,LU7))>LU7,"",IF((LU7/(LT7+LU7))>=ens1VoteAgreement,"VisDog",""))),IF(LV7>LW7,IF((ens1NumVoters-SUM(LV7,LW7))>LV7,"",IF((LV7/(LV7+LW7))>=ens1VoteAgreement,"VisFave","")),IF((ens1NumVoters-SUM(LV7,LW7))>LW7,"",IF((LW7/(LV7+LW7))>=ens1VoteAgreement,"HomDog","")))) -> VisDog | LY7: =IF(MC7="","",IF(LX7="HomFave",(LT7/$LS$2)*100,IF(LX7="VisDog",(LU7/$LS$2)*100,IF(LX7="VisFave",(LV7/$LS$2)*100,(LW7/$LS$2)*100)))) -> 73.333333 | LZ7: =IF(LX7="","",NM7) -> 0.49 | MA7: =IF(LX7="","",LZ7-$U7) -> -0.012356844 | MB7: =IF(LZ7="","",IF(LZ7=0.5,100,IF($W7=1,IF(LZ7>0.5,LZ7/(1-LZ7)*-100,(1-LZ7)/LZ7*100), IF(LZ7<0.5,(1-LZ7)/LZ7*100,LZ7/(1-LZ7)*-100)))) -> 104.08163 | MC7: =IF(LX7="","", IF(edge_pp=0, LX7, IF(OR(LX7="HomFave",LX7="HomDog"), IF(MA7 >= edge_pp, LX7, ""), IF(MA7 <= -edge_pp, LX7, "")))) -> VisDog | MD7: =IF(OR(MB7<MODELPRICE_MIN,MB7>MODELPRICE_MAX),"",IF(OR(MC7="VisFave",MC7=""),"",IF(MC7=$AI7,1,-1))) -> 1 | ME7: =IF(OR(MP7="",MP7=0),"",IF(MC7=$AI7,1,-1)) -> 1 | MF7: =IF(OR(ME7="",MC7<>"HomFave"),"",IF(ME7=1,MP7*(1+MO7),0)) | MG7: =IF(OR(ME7="",MC7<>"HomFave"),"",MP7) | MH7: =IF(OR(MC7<>"VisDog",ME7=""),"",IF(ME7=1,MP7*(1+MO7),0)) -> 1.9708738 | MI7: =IF(OR(ME7="",MC7<>"VisDog"),"",MP7) -> 1 | MJ7: =IF(OR(ME7="",MC7<>"VisFave"),"",IF(ME7=1,MP7*(1+MO7),0)) | MK7: =IF(OR(ME7="",MC7<>"VisFave"),"",MP7) | ML7: =IF(OR(MC7<>"HomDog",ME7=""),"",IF(ME7=1,MP7*(1+MO7),0)) | MM7: =IF(OR(ME7="",MC7<>"HomDog"),"",MP7) | MO7: =IF($MD7="","",IF(OR($MC7="HomFave",$MC7="HomDog"),IF($S7<0,100/ABS($S7),$S7/100),IF($L7<0,100/ABS($L7),$L7/100))) -> 0.97087379 | MP7: =IF($MD7="","", IF(stakeMode=1, 1, IF(OR($MC7="HomFave",$MC7="HomDog"), kellyFraction*MAX(0, $LZ7 - (1-$LZ7)/$MO7), kellyFraction*MAX(0, (1-$LZ7) - $LZ7/$MO7)))) -> 1 | MS7: =IF($ME7="","",MP7) -> 1 | MT7: =IF($ME7="","",IF(ME7=1,MP7*(1+MO7),0)) -> 1.9708738 | MU7: =IF($ME7="","",IF(ME7=1,MP7*MO7,-1*MP7)) -> 0.97087379 | MV7: =IF($ME7="","",IF(MS7=0,0,MU7/MS7)) -> 0.97087379 | MX7: =IF($LX7="","",AS7) -> 0.48 | MY7: =IF($LX7="","",BL7) -> 0.49 | MZ7: =IF($LX7="","",CE7) -> 0.35 | NA7: =IF($LX7="","",CX7) -> 0.52 | NB7: =IF($LX7="","",DQ7) -> 0.31 | NC7: =IF($LX7="","",EJ7) -> 0.5 | ND7: =IF($LX7="","",FC7) -> 0.51 | NE7: =IF($LX7="","",FV7) -> 0.49 | NF7: =IF($LX7="","",GO7) -> 0.49 | NG7: =IF($LX7="","",HH7) -> 0.49 | NH7: =IF($LX7="","",IA7) -> 0.49 | NI7: =IF($LX7="","",IT7) -> 0.5 | NJ7: =IF($LX7="","",JM7) -> 0.47 | NK7: =IF($LX7="","",KF7) -> 0.47 | NL7: =IF($LX7="","",KY7) -> 0.36 | NM7: =MEDIAN(MX7:NL7) -> 0.49
E8: =IF(AND(L8<0,S8<0),1,0) -> 1 | F8: 777494 | G8: =VLOOKUP($F8,Lookup_!$A$2:$AJ$2224,3,FALSE) -> 2025 | H8: =VLOOKUP($F8,Lookup_!$A$2:$AJ$2224,4,FALSE) -> 6.3 | I8: =VLOOKUP($F8,Lookup_!$A$2:$AJ$2224,2,FALSE) -> 45823 | J8: =VLOOKUP($F8,Lookup_!$A$2:$AJ$2224,13,FALSE) -> 15 | K8: =VLOOKUP(J8,Lookup_!$AO$3:$AP$32,2,FALSE) -> MIN | L8: =VLOOKUP($F8,Lookup_!$A$2:$AJ$2224,14,FALSE) -> -101 | M8: =VLOOKUP($F8,Lookup_!$A$2:$AJ$2224,15,FALSE) -> 0.502488 | N8: =M8/($M8+$T8) -> 0.49292718 | O8: =IF(N8=0.5,100,IF(N8>0.5,N8/(1-N8)*-100, (1-N8)/N8*100)) -> 102.86972 | P8: =VLOOKUP($F8,Lookup_!$A$2:$AJ$2224,7,FALSE) -> 12 | Q8: =VLOOKUP(P8,Lookup_!$AO$3:$AP$32,2,FALSE) -> HOU | R8: =VLOOKUP($F8,Lookup_!$A$2:$AJ$2224,12,FALSE) -> 0.32174261 | S8: =VLOOKUP($F8,Lookup_!$A$2:$AJ$2224,8,FALSE) -> -107 | T8: =VLOOKUP($F8,Lookup_!$A$2:$AJ$2224,9,FALSE) -> 0.516908 | U8: =T8/($M8+$T8) -> 0.50707282 | V8: =IF(U8=0.5,100,IF(U8>0.5,U8/(1-U8)*-100, (1-U8)/U8*100)) -> -102.86972 | W8: =IF(S8<L8,1,-1) -> 1 | X8: =VLOOKUP($F8,Lookup_!$A$2:$AJ$2224,5,FALSE) -> 8 | Y8: =VLOOKUP($F8,Lookup_!$A$2:$AJ$2224,6,FALSE) -> -106 | Z8: =VLOOKUP($F8,Lookup_!$A$2:$AJ$2224,19,FALSE) -> -107.09028 | AA8: =VLOOKUP($F8,Lookup_!$A$2:$AJ$2224,25,FALSE) -> -114.8874 | AB8: =VLOOKUP($F8,Lookup_!$A$2:$AJ$2224,21,FALSE) -> -109.55824 | AC8: =VLOOKUP($F8,Lookup_!$A$2:$AJ$2224,23,FALSE) -> -105.83077 | AD8: =VLOOKUP($F8,Lookup_!$A$2:$AJ$2224,31,FALSE) -> 1 | AE8: =VLOOKUP($F8,Lookup_!$A$2:$AJ$2224,30,FALSE) -> 2 | AF8: =VLOOKUP($F8,Lookup_!$A$2:$AJ$2224,32,FALSE) -> LTE1 | AG8: =VLOOKUP($F8,Lookup_!$A$2:$AJ$2224,29,FALSE) -> 1 | AH8: =VLOOKUP($F8,Lookup_!$A$2:$AJ$2224,34,FALSE) -> 1 | AI8: =VLOOKUP($F8,Lookup_!$A$2:$AJ$2224,33,FALSE) -> HomFave | AJ8: =VLOOKUP($F8,Lookup_!$A$2:$AJ$2224,35,FALSE) -> 3 | AK8: =VLOOKUP($F8,Lookup_!$A$2:$AJ$2224,36,FALSE) -> -1 | AL8: =ABS(AD8-AE8) -> 1 | AM8: =IF(AL8<>AI8,1,"") -> 1 | AP8: %Wins | AQ8: =IF(AQ4=0,0,AQ7/AQ4) -> 0.47126437 | AR8: =$S8 -> -107 | AS8: =IF(OR($S8<OPL_MIN,$S8>OPL_MAX),"",VLOOKUP($F8,CleanseResults!$L$3:$P$1772,5,FALSE)) -> 0.47 | AT8: =IF(AS8="","",IF($W8=1,IF(AS8>=HWinThresh,"HomFave","VisDog"),IF(AS8<HWinThresh,"VisFave","HomDog"))) -> VisDog | AU8: =IF(AT8="","",IF(AS8=0.5,100,IF($W8=1,IF(AS8>0.5,AS8/(1-AS8)*-100, (1-AS8)/AS8*100),IF(AS8>0.5,(1-(1-AS8))/(1-AS8)*100,(1-AS8)/(1-(1-AS8))*-100)))) -> 112.76596 | AV8: =IF(AU8="","",ABS(AU8)) -> 112.76596 | AW8: =IF(AV8="","",IF(AT8=$AI8,1,-1)) -> -1 | AX8: =IF(OR(AW8="",AT8<>"HomFave"),"",IF(AW8=1,100+AY8,0)) | AY8: =IF(OR(AW8="",AT8<>"HomFave"),"",ABS($S8)) | AZ8: =IF(OR(AT8<>"VisDog",AW8=""),"",IF(AW8=1,IF($L8<0,100+BA8,ABS($L8)+BA8),0)) -> 0 | BA8: =IF(OR(AW8="",AT8<>"VisDog"),"",IF($L8<0,ABS($L8),100)) -> 101 | BB8: =IF(OR(AW8="",AT8<>"VisFave"),"",IF(AW8=1,100+BC8,0)) | BC8: =IF(OR(AW8="",AT8<>"VisFave"),"",ABS($L8)) | BD8: =IF(OR(AT8<>"HomDog",AW8=""),"",IF(AW8=1,IF($S8<0,100+BE8,ABS($S8)+BE8),0)) | BE8: =IF(OR(AW8="",AT8<>"HomDog"),"",IF($S8<0,ABS($S8),100)) | BI8: %Wins | BJ8: =IF(BJ4=0,0,BJ7/BJ4) -> 0.51724138 | BK8: =$S8 -> -107 | BL8: =IF(OR($S8<OPL_MIN,$S8>OPL_MAX),"",VLOOKUP($F8,CleanseResults!$AA$3:$AE$1772,5,FALSE)) -> 0.38 | BM8: =IF(BL8="","",IF($W8=1,IF(BL8>=HWinThresh,"HomFave","VisDog"),IF(BL8<HWinThresh,"VisFave","HomDog"))) -> VisDog | BN8: =IF(BM8="","",IF(BL8=0.5,100,IF($W8=1,IF(BL8>0.5,BL8/(1-BL8)*-100, (1-BL8)/BL8*100),IF(BL8>0.5,(1-(1-BL8))/(1-BL8)*100,(1-BL8)/(1-(1-BL8))*-100)))) -> 163.15789 | BO8: =IF(BN8="","",ABS(BN8)) -> 163.15789 | BP8: =IF(BO8="","",IF(BM8=$AI8,1,-1)) -> -1 | BQ8: =IF(OR(BP8="",BM8<>"HomFave"),"",IF(BP8=1,100+BR8,0)) | BR8: =IF(OR(BP8="",BM8<>"HomFave"),"",ABS($S8)) | BS8: =IF(OR(BM8<>"VisDog",BP8=""),"",IF(BP8=1,IF($L8<0,100+BT8,ABS($L8)+BT8),0)) -> 0 | BT8: =IF(OR(BP8="",BM8<>"VisDog"),"",IF($L8<0,ABS($L8),100)) -> 101 | BU8: =IF(OR(BP8="",BM8<>"VisFave"),"",IF(BP8=1,100+BV8,0)) | BV8: =IF(OR(BP8="",BM8<>"VisFave"),"",ABS($L8)) | BW8: =IF(OR(BM8<>"HomDog",BP8=""),"",IF(BP8=1,IF($S8<0,100+BX8,ABS($S8)+BX8),0)) | BX8: =IF(OR(BP8="",BM8<>"HomDog"),"",IF($S8<0,ABS($S8),100)) | CB8: %Wins | CC8: =IF(CC4=0,0,CC7/CC4) -> 0.52873563 | CD8: =$S8 -> -107 | CE8: =IF(OR($S8<OPL_MIN,$S8>OPL_MAX),"",VLOOKUP($F8,CleanseResults!$AP$3:$AT$1772,5,FALSE)) -> 0.37 | CF8: =IF(CE8="","",IF($W8=1,IF(CE8>=HWinThresh,"HomFave","VisDog"),IF(CE8<HWinThresh,"VisFave","HomDog"))) -> VisDog | CG8: =IF(CF8="","",IF(CE8=0.5,100,IF($W8=1,IF(CE8>0.5,CE8/(1-CE8)*-100, (1-CE8)/CE8*100),IF(CE8>0.5,(1-(1-CE8))/(1-CE8)*100,(1-CE8)/(1-(1-CE8))*-100)))) -> 170.27027 | CH8: =IF(CG8="","",ABS(CG8)) -> 170.27027 | CI8: =IF(CH8="","",IF(CF8=$AI8,1,-1)) -> -1 | CJ8: =IF(OR(CI8="",CF8<>"HomFave"),"",IF(CI8=1,100+CK8,0)) | CK8: =IF(OR(CI8="",CF8<>"HomFave"),"",ABS($S8)) | CL8: =IF(OR(CF8<>"VisDog",CI8=""),"",IF(CI8=1,IF($L8<0,100+CM8,ABS($L8)+CM8),0)) -> 0 | CM8: =IF(OR(CI8="",CF8<>"VisDog"),"",IF($L8<0,ABS($L8),100)) -> 101 | CN8: =IF(OR(CI8="",CF8<>"VisFave"),"",IF(CI8=1,100+CO8,0)) | CO8: =IF(OR(CI8="",CF8<>"VisFave"),"",ABS($L8)) | CP8: =IF(OR(CF8<>"HomDog",CI8=""),"",IF(CI8=1,IF($S8<0,100+CQ8,ABS($S8)+CQ8),0)) | CQ8: =IF(OR(CI8="",CF8<>"HomDog"),"",IF($S8<0,ABS($S8),100)) | CU8: %Wins | CV8: =IF(CV4=0,0,CV7/CV4) -> 0.42528736 | CW8: =$S8 -> -107 | CX8: =IF(OR($S8<OPL_MIN,$S8>OPL_MAX),"",VLOOKUP($F8,CleanseResults!$BE$3:$BI$1772,5,FALSE)) -> 0.43 | CY8: =IF(CX8="","",IF($W8=1,IF(CX8>=HWinThresh,"HomFave","VisDog"),IF(CX8<HWinThresh,"VisFave","HomDog"))) -> VisDog | CZ8: =IF(CY8="","",IF(CX8=0.5,100,IF($W8=1,IF(CX8>0.5,CX8/(1-CX8)*-100, (1-CX8)/CX8*100),IF(CX8>0.5,(1-(1-CX8))/(1-CX8)*100,(1-CX8)/(1-(1-CX8))*-100)))) -> 132.55814 | DA8: =IF(CZ8="","",ABS(CZ8)) -> 132.55814 | DB8: =IF(DA8="","",IF(CY8=$AI8,1,-1)) -> -1 | DC8: =IF(OR(DB8="",CY8<>"HomFave"),"",IF(DB8=1,100+DD8,0)) | DD8: =IF(OR(DB8="",CY8<>"HomFave"),"",ABS($S8)) | DE8: =IF(OR(CY8<>"VisDog",DB8=""),"",IF(DB8=1,IF($L8<0,100+DF8,ABS($L8)+DF8),0)) -> 0 | DF8: =IF(OR(DB8="",CY8<>"VisDog"),"",IF($L8<0,ABS($L8),100)) -> 101 | DG8: =IF(OR(DB8="",CY8<>"VisFave"),"",IF(DB8=1,100+DH8,0)) | DH8: =IF(OR(DB8="",CY8<>"VisFave"),"",ABS($L8)) | DI8: =IF(OR(CY8<>"HomDog",DB8=""),"",IF(DB8=1,IF($S8<0,100+DJ8,ABS($S8)+DJ8),0)) | DJ8: =IF(OR(DB8="",CY8<>"HomDog"),"",IF($S8<0,ABS($S8),100)) | DN8: %Wins | DO8: =IF(DO4=0,0,DO7/DO4) -> 0.52873563 | DP8: =$S8 -> -107 | DQ8: =IF(OR($S8<OPL_MIN,$S8>OPL_MAX),"",VLOOKUP($F8,CleanseResults!$BT$3:$BX$1772,5,FALSE)) -> 0.36 | DR8: =IF(DQ8="","",IF($W8=1,IF(DQ8>=HWinThresh,"HomFave","VisDog"),IF(DQ8<HWinThresh,"VisFave","HomDog"))) -> VisDog | DS8: =IF(DR8="","",IF(DQ8=0.5,100,IF($W8=1,IF(DQ8>0.5,DQ8/(1-DQ8)*-100, (1-DQ8)/DQ8*100),IF(DQ8>0.5,(1-(1-DQ8))/(1-DQ8)*100,(1-DQ8)/(1-(1-DQ8))*-100)))) -> 177.77778 | DT8: =IF(DS8="","",ABS(DS8)) -> 177.77778 | DU8: =IF(DT8="","",IF(DR8=$AI8,1,-1)) -> -1 | DV8: =IF(OR(DU8="",DR8<>"HomFave"),"",IF(DU8=1,100+DW8,0)) | DW8: =IF(OR(DU8="",DR8<>"HomFave"),"",ABS($S8)) | DX8: =IF(OR(DR8<>"VisDog",DU8=""),"",IF(DU8=1,IF($L8<0,100+DY8,ABS($L8)+DY8),0)) -> 0 | DY8: =IF(OR(DU8="",DR8<>"VisDog"),"",IF($L8<0,ABS($L8),100)) -> 101 | DZ8: =IF(OR(DU8="",DR8<>"VisFave"),"",IF(DU8=1,100+EA8,0)) | EA8: =IF(OR(DU8="",DR8<>"VisFave"),"",ABS($L8)) | EB8: =IF(OR(DR8<>"HomDog",DU8=""),"",IF(DU8=1,IF($S8<0,100+EC8,ABS($S8)+EC8),0)) | EC8: =IF(OR(DU8="",DR8<>"HomDog"),"",IF($S8<0,ABS($S8),100)) | EG8: %Wins | EH8: =IF(EH4=0,0,EH7/EH4) -> 0.40229885 | EI8: =$S8 -> -107 | EJ8: =IF(OR($S8<OPL_MIN,$S8>OPL_MAX),"",VLOOKUP($F8,CleanseResults!$CI$3:$CM$1772,5,FALSE)) -> 0.51 | EK8: =IF(EJ8="","",IF($W8=1,IF(EJ8>=HWinThresh,"HomFave","VisDog"),IF(EJ8<HWinThresh,"VisFave","HomDog"))) -> HomFave | EL8: =IF(EK8="","",IF(EJ8=0.5,100,IF($W8=1,IF(EJ8>0.5,EJ8/(1-EJ8)*-100, (1-EJ8)/EJ8*100),IF(EJ8>0.5,(1-(1-EJ8))/(1-EJ8)*100,(1-EJ8)/(1-(1-EJ8))*-100)))) -> -104.08163 | EM8: =IF(EL8="","",ABS(EL8)) -> 104.08163 | EN8: =IF(EM8="","",IF(EK8=$AI8,1,-1)) -> 1 | EO8: =IF(OR(EN8="",EK8<>"HomFave"),"",IF(EN8=1,100+EP8,0)) -> 207 | EP8: =IF(OR(EN8="",EK8<>"HomFave"),"",ABS($S8)) -> 107 | EQ8: =IF(OR(EK8<>"VisDog",EN8=""),"",IF(EN8=1,IF($L8<0,100+ER8,ABS($L8)+ER8),0)) | ER8: =IF(OR(EN8="",EK8<>"VisDog"),"",IF($L8<0,ABS($L8),100)) | ES8: =IF(OR(EN8="",EK8<>"VisFave"),"",IF(EN8=1,100+ET8,0)) | ET8: =IF(OR(EN8="",EK8<>"VisFave"),"",ABS($L8)) | EU8: =IF(OR(EK8<>"HomDog",EN8=""),"",IF(EN8=1,IF($S8<0,100+EV8,ABS($S8)+EV8),0)) | EV8: =IF(OR(EN8="",EK8<>"HomDog"),"",IF($S8<0,ABS($S8),100)) | EZ8: %Wins | FA8: =IF(FA4=0,0,FA7/FA4) -> 0.40229885 | FB8: =$S8 -> -107 | FC8: =IF(OR($S8<OPL_MIN,$S8>OPL_MAX),"",VLOOKUP($F8,CleanseResults!$CX$3:$DB$1772,5,FALSE)) -> 0.51 | FD8: =IF(FC8="","",IF($W8=1,IF(FC8>=HWinThresh,"HomFave","VisDog"),IF(FC8<HWinThresh,"VisFave","HomDog"))) -> HomFave | FE8: =IF(FD8="","",IF(FC8=0.5,100,IF($W8=1,IF(FC8>0.5,FC8/(1-FC8)*-100, (1-FC8)/FC8*100),IF(FC8>0.5,(1-(1-FC8))/(1-FC8)*100,(1-FC8)/(1-(1-FC8))*-100)))) -> -104.08163 | FF8: =IF(FE8="","",ABS(FE8)) -> 104.08163 | FG8: =IF(FF8="","",IF(FD8=$AI8,1,-1)) -> 1 | FH8: =IF(OR(FG8="",FD8<>"HomFave"),"",IF(FG8=1,100+FI8,0)) -> 207 | FI8: =IF(OR(FG8="",FD8<>"HomFave"),"",ABS($S8)) -> 107 | FJ8: =IF(OR(FD8<>"VisDog",FG8=""),"",IF(FG8=1,IF($L8<0,100+FK8,ABS($L8)+FK8),0)) | FK8: =IF(OR(FG8="",FD8<>"VisDog"),"",IF($L8<0,ABS($L8),100)) | FL8: =IF(OR(FG8="",FD8<>"VisFave"),"",IF(FG8=1,100+FM8,0)) | FM8: =IF(OR(FG8="",FD8<>"VisFave"),"",ABS($L8)) | FN8: =IF(OR(FD8<>"HomDog",FG8=""),"",IF(FG8=1,IF($S8<0,100+FO8,ABS($S8)+FO8),0)) | FO8: =IF(OR(FG8="",FD8<>"HomDog"),"",IF($S8<0,ABS($S8),100)) | FS8: %Wins | FT8: =IF(FT4=0,0,FT7/FT4) -> 0.43678161 | FU8: =$S8 -> -107 | FV8: =IF(OR($S8<OPL_MIN,$S8>OPL_MAX),"",VLOOKUP($F8,CleanseResults!$DM$3:$DQ$1772,5,FALSE)) -> 0.51 | FW8: =IF(FV8="","",IF($W8=1,IF(FV8>=HWinThresh,"HomFave","VisDog"),IF(FV8<HWinThresh,"VisFave","HomDog"))) -> HomFave | FX8: =IF(FW8="","",IF(FV8=0.5,100,IF($W8=1,IF(FV8>0.5,FV8/(1-FV8)*-100, (1-FV8)/FV8*100),IF(FV8>0.5,(1-(1-FV8))/(1-FV8)*100,(1-FV8)/(1-(1-FV8))*-100)))) -> -104.08163 | FY8: =IF(FX8="","",ABS(FX8)) -> 104.08163 | FZ8: =IF(FY8="","",IF(FW8=$AI8,1,-1)) -> 1 | GA8: =IF(OR(FZ8="",FW8<>"HomFave"),"",IF(FZ8=1,100+GB8,0)) -> 207 | GB8: =IF(OR(FZ8="",FW8<>"HomFave"),"",ABS($S8)) -> 107 | GC8: =IF(OR(FW8<>"VisDog",FZ8=""),"",IF(FZ8=1,IF($L8<0,100+GD8,ABS($L8)+GD8),0)) | GD8: =IF(OR(FZ8="",FW8<>"VisDog"),"",IF($L8<0,ABS($L8),100)) | GE8: =IF(OR(FZ8="",FW8<>"VisFave"),"",IF(FZ8=1,100+GF8,0)) | GF8: =IF(OR(FZ8="",FW8<>"VisFave"),"",ABS($L8)) | GG8: =IF(OR(FW8<>"HomDog",FZ8=""),"",IF(FZ8=1,IF($S8<0,100+GH8,ABS($S8)+GH8),0)) | GH8: =IF(OR(FZ8="",FW8<>"HomDog"),"",IF($S8<0,ABS($S8),100)) | GL8: %Wins | GM8: =IF(GM4=0,0,GM7/GM4) -> 0.40229885 | GN8: =$S8 -> -107 | GO8: =IF(OR($S8<OPL_MIN,$S8>OPL_MAX),"",VLOOKUP($F8,CleanseResults!$EB$3:$EF$1772,5,FALSE)) -> 0.49 | GP8: =IF(GO8="","",IF($W8=1,IF(GO8>=HWinThresh,"HomFave","VisDog"),IF(GO8<HWinThresh,"VisFave","HomDog"))) -> VisDog | GQ8: =IF(GP8="","",IF(GO8=0.5,100,IF($W8=1,IF(GO8>0.5,GO8/(1-GO8)*-100, (1-GO8)/GO8*100),IF(GO8>0.5,(1-(1-GO8))/(1-GO8)*100,(1-GO8)/(1-(1-GO8))*-100)))) -> 104.08163 | GR8: =IF(GQ8="","",ABS(GQ8)) -> 104.08163 | GS8: =IF(GR8="","",IF(GP8=$AI8,1,-1)) -> -1 | GT8: =IF(OR(GS8="",GP8<>"HomFave"),"",IF(GS8=1,100+GU8,0)) | GU8: =IF(OR(GS8="",GP8<>"HomFave"),"",ABS($S8)) | GV8: =IF(OR(GP8<>"VisDog",GS8=""),"",IF(GS8=1,IF($L8<0,100+GW8,ABS($L8)+GW8),0)) -> 0 | GW8: =IF(OR(GS8="",GP8<>"VisDog"),"",IF($L8<0,ABS($L8),100)) -> 101 | GX8: =IF(OR(GS8="",GP8<>"VisFave"),"",IF(GS8=1,100+GY8,0)) | GY8: =IF(OR(GS8="",GP8<>"VisFave"),"",ABS($L8)) | GZ8: =IF(OR(GP8<>"HomDog",GS8=""),"",IF(GS8=1,IF($S8<0,100+HA8,ABS($S8)+HA8),0)) | HA8: =IF(OR(GS8="",GP8<>"HomDog"),"",IF($S8<0,ABS($S8),100)) | HE8: %Wins | HF8: =IF(HF4=0,0,HF7/HF4) -> 0.40229885 | HG8: =$S8 -> -107 | HH8: =IF(OR($S8<OPL_MIN,$S8>OPL_MAX),"",VLOOKUP($F8,CleanseResults!$EQ$3:$EU$1772,5,FALSE)) -> 0.49 | HI8: =IF(HH8="","",IF($W8=1,IF(HH8>=HWinThresh,"HomFave","VisDog"),IF(HH8<HWinThresh,"VisFave","HomDog"))) -> VisDog | HJ8: =IF(HI8="","",IF(HH8=0.5,100,IF($W8=1,IF(HH8>0.5,HH8/(1-HH8)*-100, (1-HH8)/HH8*100),IF(HH8>0.5,(1-(1-HH8))/(1-HH8)*100,(1-HH8)/(1-(1-HH8))*-100)))) -> 104.08163 | HK8: =IF(HJ8="","",ABS(HJ8)) -> 104.08163 | HL8: =IF(HK8="","",IF(HI8=$AI8,1,-1)) -> -1 | HM8: =IF(OR(HL8="",HI8<>"HomFave"),"",IF(HL8=1,100+HN8,0)) | HN8: =IF(OR(HL8="",HI8<>"HomFave"),"",ABS($S8)) | HO8: =IF(OR(HI8<>"VisDog",HL8=""),"",IF(HL8=1,IF($L8<0,100+HP8,ABS($L8)+HP8),0)) -> 0 | HP8: =IF(OR(HL8="",HI8<>"VisDog"),"",IF($L8<0,ABS($L8),100)) -> 101 | HQ8: =IF(OR(HL8="",HI8<>"VisFave"),"",IF(HL8=1,100+HR8,0)) | HR8: =IF(OR(HL8="",HI8<>"VisFave"),"",ABS($L8)) | HS8: =IF(OR(HI8<>"HomDog",HL8=""),"",IF(HL8=1,IF($S8<0,100+HT8,ABS($S8)+HT8),0)) | HT8: =IF(OR(HL8="",HI8<>"HomDog"),"",IF($S8<0,ABS($S8),100)) | HX8: %Wins | HY8: =IF(HY4=0,0,HY7/HY4) -> 0.4137931 | HZ8: =$S8 -> -107 | IA8: =IF(OR($S8<OPL_MIN,$S8>OPL_MAX),"",VLOOKUP($F8,CleanseResults!$FF$3:$FJ$1772,5,FALSE)) -> 0.52 | IB8: =IF(IA8="","",IF($W8=1,IF(IA8>=HWinThresh,"HomFave","VisDog"),IF(IA8<HWinThresh,"VisFave","HomDog"))) -> HomFave | IC8: =IF(IB8="","",IF(IA8=0.5,100,IF($W8=1,IF(IA8>0.5,IA8/(1-IA8)*-100, (1-IA8)/IA8*100),IF(IA8>0.5,(1-(1-IA8))/(1-IA8)*100,(1-IA8)/(1-(1-IA8))*-100)))) -> -108.33333 | ID8: =IF(IC8="","",ABS(IC8)) -> 108.33333 | IE8: =IF(ID8="","",IF(IB8=$AI8,1,-1)) -> 1 | IF8: =IF(OR(IE8="",IB8<>"HomFave"),"",IF(IE8=1,100+IG8,0)) -> 207 | IG8: =IF(OR(IE8="",IB8<>"HomFave"),"",ABS($S8)) -> 107 | IH8: =IF(OR(IB8<>"VisDog",IE8=""),"",IF(IE8=1,IF($L8<0,100+II8,ABS($L8)+II8),0)) | II8: =IF(OR(IE8="",IB8<>"VisDog"),"",IF($L8<0,ABS($L8),100)) | IJ8: =IF(OR(IE8="",IB8<>"VisFave"),"",IF(IE8=1,100+IK8,0)) | IK8: =IF(OR(IE8="",IB8<>"VisFave"),"",ABS($L8)) | IL8: =IF(OR(IB8<>"HomDog",IE8=""),"",IF(IE8=1,IF($S8<0,100+IM8,ABS($S8)+IM8),0)) | IM8: =IF(OR(IE8="",IB8<>"HomDog"),"",IF($S8<0,ABS($S8),100)) | IQ8: %Wins | IR8: =IF(IR4=0,0,IR7/IR4) -> 0.45977011 | IS8: =$S8 -> -107 | IT8: =IF(OR($S8<OPL_MIN,$S8>OPL_MAX),"",VLOOKUP($F8,CleanseResults!$FU$3:$FY$1772,5,FALSE)) -> 0.49 | IU8: =IF(IT8="","",IF($W8=1,IF(IT8>=HWinThresh,"HomFave","VisDog"),IF(IT8<HWinThresh,"VisFave","HomDog"))) -> VisDog | IV8: =IF(IU8="","",IF(IT8=0.5,100,IF($W8=1,IF(IT8>0.5,IT8/(1-IT8)*-100, (1-IT8)/IT8*100),IF(IT8>0.5,(1-(1-IT8))/(1-IT8)*100,(1-IT8)/(1-(1-IT8))*-100)))) -> 104.08163 | IW8: =IF(IV8="","",ABS(IV8)) -> 104.08163 | IX8: =IF(IW8="","",IF(IU8=$AI8,1,-1)) -> -1 | IY8: =IF(OR(IX8="",IU8<>"HomFave"),"",IF(IX8=1,100+IZ8,0)) | IZ8: =IF(OR(IX8="",IU8<>"HomFave"),"",ABS($S8)) | JA8: =IF(OR(IU8<>"VisDog",IX8=""),"",IF(IX8=1,IF($L8<0,100+JB8,ABS($L8)+JB8),0)) -> 0 | JB8: =IF(OR(IX8="",IU8<>"VisDog"),"",IF($L8<0,ABS($L8),100)) -> 101 | JC8: =IF(OR(IX8="",IU8<>"VisFave"),"",IF(IX8=1,100+JD8,0)) | JD8: =IF(OR(IX8="",IU8<>"VisFave"),"",ABS($L8)) | JE8: =IF(OR(IU8<>"HomDog",IX8=""),"",IF(IX8=1,IF($S8<0,100+JF8,ABS($S8)+JF8),0)) | JF8: =IF(OR(IX8="",IU8<>"HomDog"),"",IF($S8<0,ABS($S8),100)) | JJ8: %Wins | JK8: =IF(JK4=0,0,JK7/JK4) -> 0.42528736 | JL8: =$S8 -> -107 | JM8: =IF(OR($S8<OPL_MIN,$S8>OPL_MAX),"",VLOOKUP($F8,CleanseResults!$GJ$3:$GN$1772,5,FALSE)) -> 0.49 | JN8: =IF(JM8="","",IF($W8=1,IF(JM8>=HWinThresh,"HomFave","VisDog"),IF(JM8<HWinThresh,"VisFave","HomDog"))) -> VisDog | JO8: =IF(JN8="","",IF(JM8=0.5,100,IF($W8=1,IF(JM8>0.5,JM8/(1-JM8)*-100, (1-JM8)/JM8*100),IF(JM8>0.5,(1-(1-JM8))/(1-JM8)*100,(1-JM8)/(1-(1-JM8))*-100)))) -> 104.08163 | JP8: =IF(JO8="","",ABS(JO8)) -> 104.08163 | JQ8: =IF(JP8="","",IF(JN8=$AI8,1,-1)) -> -1 | JR8: =IF(OR(JQ8="",JN8<>"HomFave"),"",IF(JQ8=1,100+JS8,0)) | JS8: =IF(OR(JQ8="",JN8<>"HomFave"),"",ABS($S8)) | JT8: =IF(OR(JN8<>"VisDog",JQ8=""),"",IF(JQ8=1,IF($L8<0,100+JU8,ABS($L8)+JU8),0)) -> 0 | JU8: =IF(OR(JQ8="",JN8<>"VisDog"),"",IF($L8<0,ABS($L8),100)) -> 101 | JV8: =IF(OR(JQ8="",JN8<>"VisFave"),"",IF(JQ8=1,100+JW8,0)) | JW8: =IF(OR(JQ8="",JN8<>"VisFave"),"",ABS($L8)) | JX8: =IF(OR(JN8<>"HomDog",JQ8=""),"",IF(JQ8=1,IF($S8<0,100+JY8,ABS($S8)+JY8),0)) | JY8: =IF(OR(JQ8="",JN8<>"HomDog"),"",IF($S8<0,ABS($S8),100)) | KC8: %Wins | KD8: =IF(KD4=0,0,KD7/KD4) -> 0.49425287 | KE8: =$S8 -> -107 | KF8: =IF(OR($S8<OPL_MIN,$S8>OPL_MAX),"",VLOOKUP($F8,CleanseResults!$GY$3:$HC$1772,5,FALSE)) -> 0.52 | KG8: =IF(KF8="","",IF($W8=1,IF(KF8>=HWinThresh,"HomFave","VisDog"),IF(KF8<HWinThresh,"VisFave","HomDog"))) -> HomFave | KH8: =IF(KG8="","",IF(KF8=0.5,100,IF($W8=1,IF(KF8>0.5,KF8/(1-KF8)*-100, (1-KF8)/KF8*100),IF(KF8>0.5,(1-(1-KF8))/(1-KF8)*100,(1-KF8)/(1-(1-KF8))*-100)))) -> -108.33333 | KI8: =IF(KH8="","",ABS(KH8)) -> 108.33333 | KJ8: =IF(KI8="","",IF(KG8=$AI8,1,-1)) -> 1 | KK8: =IF(OR(KJ8="",KG8<>"HomFave"),"",IF(KJ8=1,100+KL8,0)) -> 207 | KL8: =IF(OR(KJ8="",KG8<>"HomFave"),"",ABS($S8)) -> 107 | KM8: =IF(OR(KG8<>"VisDog",KJ8=""),"",IF(KJ8=1,IF($L8<0,100+KN8,ABS($L8)+KN8),0)) | KN8: =IF(OR(KJ8="",KG8<>"VisDog"),"",IF($L8<0,ABS($L8),100)) | KO8: =IF(OR(KJ8="",KG8<>"VisFave"),"",IF(KJ8=1,100+KP8,0)) | KP8: =IF(OR(KJ8="",KG8<>"VisFave"),"",ABS($L8)) | KQ8: =IF(OR(KG8<>"HomDog",KJ8=""),"",IF(KJ8=1,IF($S8<0,100+KR8,ABS($S8)+KR8),0)) | KR8: =IF(OR(KJ8="",KG8<>"HomDog"),"",IF($S8<0,ABS($S8),100)) | KV8: %Wins | KW8: =IF(KW4=0,0,KW7/KW4) -> 0.45977011 | KX8: =$S8 -> -107 | KY8: =IF(OR($S8<OPL_MIN,$S8>OPL_MAX),"",VLOOKUP($F8,CleanseResults!$HN$3:$HR$1772,5,FALSE)) -> 0.45 | KZ8: =IF(KY8="","",IF($W8=1,IF(KY8>=HWinThresh,"HomFave","VisDog"),IF(KY8<HWinThresh,"VisFave","HomDog"))) -> VisDog | LA8: =IF(KZ8="","",IF(KY8=0.5,100,IF($W8=1,IF(KY8>0.5,KY8/(1-KY8)*-100, (1-KY8)/KY8*100),IF(KY8>0.5,(1-(1-KY8))/(1-KY8)*100,(1-KY8)/(1-(1-KY8))*-100)))) -> 122.22222 | LB8: =IF(LA8="","",ABS(LA8)) -> 122.22222 | LC8: =IF(LB8="","",IF(KZ8=$AI8,1,-1)) -> -1 | LD8: =IF(OR(LC8="",KZ8<>"HomFave"),"",IF(LC8=1,100+LE8,0)) | LE8: =IF(OR(LC8="",KZ8<>"HomFave"),"",ABS($S8)) | LF8: =IF(OR(KZ8<>"VisDog",LC8=""),"",IF(LC8=1,IF($L8<0,100+LG8,ABS($L8)+LG8),0)) -> 0 | LG8: =IF(OR(LC8="",KZ8<>"VisDog"),"",IF($L8<0,ABS($L8),100)) -> 101 | LH8: =IF(OR(LC8="",KZ8<>"VisFave"),"",IF(LC8=1,100+LI8,0)) | LI8: =IF(OR(LC8="",KZ8<>"VisFave"),"",ABS($L8)) | LJ8: =IF(OR(KZ8<>"HomDog",LC8=""),"",IF(LC8=1,IF($S8<0,100+LK8,ABS($S8)+LK8),0)) | LK8: =IF(OR(LC8="",KZ8<>"HomDog"),"",IF($S8<0,ABS($S8),100)) | LQ8: %Wins | LR8: =IF(LR4=0,0,LR7/LR4) -> 0.43243243 | LS8: =IF(LX8="","",U8) -> 0.50707282 | LT8: =COUNTIFS($AT8,"=HomFave",$AW8,"=1")+COUNTIFS($AT8,"=HomFave",$AW8,"=-1")+COUNTIFS($BM8,"=HomFave",$BP8,"=1")+COUNTIFS($BM8,"=HomFave",$BP8,"=-1")+COUNTIFS($CF8,"=HomFave",$CI8,"=1")+COUNTIFS($CF8,"=HomFave",$CI8,"=-1")+COUNTIFS($CY8,"=HomFave",$DB8,"=1")+COUNTIFS($CY8,"=HomFave",$DB8,"=-1")+COUNTIFS($DR8,"=HomFave",$DU8,"=1")+COUNTIFS($DR8,"=HomFave",$DU8,"=-1")+COUNTIFS($EK8,"=HomFave",$EN8,"=1")+COUNTIFS($EK8,"=HomFave",$EN8,"=-1")+COUNTIFS($FD8,"=HomFave",$FG8,"=1")+COUNTIFS($FD8,"=HomFave",$FG8,"=-1")+COUNTIFS($FW8,"=HomFave",$FZ8,"=1")+COUNTIFS($FW8,"=HomFave",$FZ8,"=-1")+COUNTIFS($GP8,"=HomFave",$GS8,"=1")+COUNTIFS($GP8,"=HomFave",$GS8,"=-1") +COUNTIFS($HI8,"=HomFave",$HL8,"=1")+COUNTIFS($HI8,"=HomFave",$HL8,"=-1")+COUNTIFS($IB8,"=HomFave",$IE8,"=1")+COUNTIFS($IB8,"=HomFave",$IE8,"=-1")+COUNTIFS($IU8,"=HomFave",$IX8,"=1")+COUNTIFS($IU8,"=HomFave",$IX8,"=-1")+COUNTIFS($JN8,"=HomFave",$JQ8,"=1")+COUNTIFS($JN8,"=HomFave",$JQ8,"=-1")+COUNTIFS($KG8,"=HomFave",$KJ8,"=1")+COUNTIFS($KG8,"=HomFave",$KJ8,"=-1")+COUNTIFS($KZ8,"=HomFave",$LC8,"=1")+COUNTIFS($KZ8,"=HomFave",$LC8,"=-1") -> 5 | LU8: =COUNTIFS($AT8,"=VisDog",$AW8,"=1")+COUNTIFS($AT8,"=VisDog",$AW8,"=-1")+COUNTIFS($BM8,"=VisDog",$BP8,"=1")+COUNTIFS($BM8,"=VisDog",$BP8,"=-1")+COUNTIFS($CF8,"=VisDog",$CI8,"=1")+COUNTIFS($CF8,"=VisDog",$CI8,"=-1")+COUNTIFS($CY8,"=VisDog",$DB8,"=1")+COUNTIFS($CY8,"=VisDog",$DB8,"=-1")+COUNTIFS($DR8,"=VisDog",$DU8,"=1")+COUNTIFS($DR8,"=VisDog",$DU8,"=-1")+COUNTIFS($EK8,"=VisDog",$EN8,"=1")+COUNTIFS($EK8,"=VisDog",$EN8,"=-1")+COUNTIFS($FD8,"=VisDog",$FG8,"=1")+COUNTIFS($FD8,"=VisDog",$FG8,"=-1")+COUNTIFS($FW8,"=VisDog",$FZ8,"=1")+COUNTIFS($FW8,"=VisDog",$FZ8,"=-1")+COUNTIFS($GP8,"=VisDog",$GS8,"=1")+COUNTIFS($GP8,"=VisDog",$GS8,"=-1") +COUNTIFS($HI8,"=VisDog",$HL8,"=1")+COUNTIFS($HI8,"=VisDog",$HL8,"=-1")+COUNTIFS($IB8,"=VisDog",$IE8,"=1")+COUNTIFS($IB8,"=VisDog",$IE8,"=-1")+COUNTIFS($IU8,"=VisDog",$IX8,"=1")+COUNTIFS($IU8,"=VisDog",$IX8,"=-1")+COUNTIFS($JN8,"=VisDog",$JQ8,"=1")+COUNTIFS($JN8,"=VisDog",$JQ8,"=-1")+COUNTIFS($KG8,"=VisDog",$KJ8,"=1")+COUNTIFS($KG8,"=VisDog",$KJ8,"=-1")+COUNTIFS($KZ8,"=VisDog",$LC8,"=1")+COUNTIFS($KZ8,"=VisDog",$LC8,"=-1") -> 10 | LV8: =COUNTIFS($AT8,"=VisFave",$AW8,"=1")+COUNTIFS($AT8,"=VisFave",$AW8,"=-1")+COUNTIFS($BM8,"=VisFave",$BP8,"=1")+COUNTIFS($BM8,"=VisFave",$BP8,"=-1")+COUNTIFS($CF8,"=VisFave",$CI8,"=1")+COUNTIFS($CF8,"=VisFave",$CI8,"=-1")+COUNTIFS($CY8,"=VisFave",$DB8,"=1")+COUNTIFS($CY8,"=VisFave",$DB8,"=-1")+COUNTIFS($DR8,"=VisFave",$DU8,"=1")+COUNTIFS($DR8,"=VisFave",$DU8,"=-1")+COUNTIFS($EK8,"=VisFave",$EN8,"=1")+COUNTIFS($EK8,"=VisFave",$EN8,"=-1")+COUNTIFS($FD8,"=VisFave",$FG8,"=1")+COUNTIFS($FD8,"=VisFave",$FG8,"=-1")+COUNTIFS($FW8,"=VisFave",$FZ8,"=1")+COUNTIFS($FW8,"=VisFave",$FZ8,"=-1")+COUNTIFS($GP8,"=VisFave",$GS8,"=1")+COUNTIFS($GP8,"=VisFave",$GS8,"=-1") +COUNTIFS($HI8,"=VisFave",$HL8,"=1")+COUNTIFS($HI8,"=VisFave",$HL8,"=-1")+COUNTIFS($IB8,"=VisFave",$IE8,"=1")+COUNTIFS($IB8,"=VisFave",$IE8,"=-1")+COUNTIFS($IU8,"=VisFave",$IX8,"=1")+COUNTIFS($IU8,"=VisFave",$IX8,"=-1")+COUNTIFS($JN8,"=VisFave",$JQ8,"=1")+COUNTIFS($JN8,"=VisFave",$JQ8,"=-1")+COUNTIFS($KG8,"=VisFave",$KJ8,"=1")+COUNTIFS($KG8,"=VisFave",$KJ8,"=-1")+COUNTIFS($KZ8,"=VisFave",$LC8,"=1")+COUNTIFS($KZ8,"=VisFave",$LC8,"=-1") -> 0 | LW8: =COUNTIFS($AT8,"=HomDog",$AW8,"=1")+COUNTIFS($AT8,"=HomDog",$AW8,"=-1")+COUNTIFS($BM8,"=HomDog",$BP8,"=1")+COUNTIFS($BM8,"=HomDog",$BP8,"=-1")+COUNTIFS($CF8,"=HomDog",$CI8,"=1")+COUNTIFS($CF8,"=HomDog",$CI8,"=-1")+COUNTIFS($CY8,"=HomDog",$DB8,"=1")+COUNTIFS($CY8,"=HomDog",$DB8,"=-1")+COUNTIFS($DR8,"=HomDog",$DU8,"=1")+COUNTIFS($DR8,"=HomDog",$DU8,"=-1")+COUNTIFS($EK8,"=HomDog",$EN8,"=1")+COUNTIFS($EK8,"=HomDog",$EN8,"=-1")+COUNTIFS($FD8,"=HomDog",$FG8,"=1")+COUNTIFS($FD8,"=HomDog",$FG8,"=-1")+COUNTIFS($FW8,"=HomDog",$FZ8,"=1")+COUNTIFS($FW8,"=HomDog",$FZ8,"=-1")+COUNTIFS($GP8,"=HomDog",$GS8,"=1")+COUNTIFS($GP8,"=HomDog",$GS8,"=-1") +COUNTIFS($HI8,"=HomDog",$HL8,"=1")+COUNTIFS($HI8,"=HomDog",$HL8,"=-1")+COUNTIFS($IB8,"=HomDog",$IE8,"=1")+COUNTIFS($IB8,"=HomDog",$IE8,"=-1")+COUNTIFS($IU8,"=HomDog",$IX8,"=1")+COUNTIFS($IU8,"=HomDog",$IX8,"=-1")+COUNTIFS($JN8,"=HomDog",$JQ8,"=1")+COUNTIFS($JN8,"=HomDog",$JQ8,"=-1")+COUNTIFS($KG8,"=HomDog",$KJ8,"=1")+COUNTIFS($KG8,"=HomDog",$KJ8,"=-1")+COUNTIFS($KZ8,"=HomDog",$LC8,"=1")+COUNTIFS($KZ8,"=HomDog",$LC8,"=-1") -> 0 | LX8: =IF($S8<$L8,IF(LT8>LU8,IF((ens1NumVoters-SUM(LT8,LU8))>LT8,"",IF((LT8/(LT8+LU8))>=ens1VoteAgreement,"HomFave","")),IF((ens1NumVoters-SUM(LT8,LU8))>LU8,"",IF((LU8/(LT8+LU8))>=ens1VoteAgreement,"VisDog",""))),IF(LV8>LW8,IF((ens1NumVoters-SUM(LV8,LW8))>LV8,"",IF((LV8/(LV8+LW8))>=ens1VoteAgreement,"VisFave","")),IF((ens1NumVoters-SUM(LV8,LW8))>LW8,"",IF((LW8/(LV8+LW8))>=ens1VoteAgreement,"HomDog","")))) -> VisDog | LY8: =IF(MC8="","",IF(LX8="HomFave",(LT8/$LS$2)*100,IF(LX8="VisDog",(LU8/$LS$2)*100,IF(LX8="VisFave",(LV8/$LS$2)*100,(LW8/$LS$2)*100)))) -> 66.666667 | LZ8: =IF(LX8="","",NM8) -> 0.49 | MA8: =IF(LX8="","",LZ8-$U8) -> -0.017072816 | MB8: =IF(LZ8="","",IF(LZ8=0.5,100,IF($W8=1,IF(LZ8>0.5,LZ8/(1-LZ8)*-100,(1-LZ8)/LZ8*100), IF(LZ8<0.5,(1-LZ8)/LZ8*100,LZ8/(1-LZ8)*-100)))) -> 104.08163 | MC8: =IF(LX8="","", IF(edge_pp=0, LX8, IF(OR(LX8="HomFave",LX8="HomDog"), IF(MA8 >= edge_pp, LX8, ""), IF(MA8 <= -edge_pp, LX8, "")))) -> VisDog | MD8: =IF(OR(MB8<MODELPRICE_MIN,MB8>MODELPRICE_MAX),"",IF(OR(MC8="VisFave",MC8=""),"",IF(MC8=$AI8,1,-1))) -> -1 | ME8: =IF(OR(MP8="",MP8=0),"",IF(MC8=$AI8,1,-1)) -> -1 | MF8: =IF(OR(ME8="",MC8<>"HomFave"),"",IF(ME8=1,MP8*(1+MO8),0)) | MG8: =IF(OR(ME8="",MC8<>"HomFave"),"",MP8) | MH8: =IF(OR(MC8<>"VisDog",ME8=""),"",IF(ME8=1,MP8*(1+MO8),0)) -> 0 | MI8: =IF(OR(ME8="",MC8<>"VisDog"),"",MP8) -> 1 | MJ8: =IF(OR(ME8="",MC8<>"VisFave"),"",IF(ME8=1,MP8*(1+MO8),0)) | MK8: =IF(OR(ME8="",MC8<>"VisFave"),"",MP8) | ML8: =IF(OR(MC8<>"HomDog",ME8=""),"",IF(ME8=1,MP8*(1+MO8),0)) | MM8: =IF(OR(ME8="",MC8<>"HomDog"),"",MP8) | MO8: =IF($MD8="","",IF(OR($MC8="HomFave",$MC8="HomDog"),IF($S8<0,100/ABS($S8),$S8/100),IF($L8<0,100/ABS($L8),$L8/100))) -> 0.99009901 | MP8: =IF($MD8="","", IF(stakeMode=1, 1, IF(OR($MC8="HomFave",$MC8="HomDog"), kellyFraction*MAX(0, $LZ8 - (1-$LZ8)/$MO8), kellyFraction*MAX(0, (1-$LZ8) - $LZ8/$MO8)))) -> 1 | MS8: =IF($ME8="","",MP8) -> 1 | MT8: =IF($ME8="","",IF(ME8=1,MP8*(1+MO8),0)) -> 0 | MU8: =IF($ME8="","",IF(ME8=1,MP8*MO8,-1*MP8)) -> -1 | MV8: =IF($ME8="","",IF(MS8=0,0,MU8/MS8)) -> -1 | MX8: =IF($LX8="","",AS8) -> 0.47 | MY8: =IF($LX8="","",BL8) -> 0.38 | MZ8: =IF($LX8="","",CE8) -> 0.37 | NA8: =IF($LX8="","",CX8) -> 0.43 | NB8: =IF($LX8="","",DQ8) -> 0.36 | NC8: =IF($LX8="","",EJ8) -> 0.51 | ND8: =IF($LX8="","",FC8) -> 0.51 | NE8: =IF($LX8="","",FV8) -> 0.51 | NF8: =IF($LX8="","",GO8) -> 0.49 | NG8: =IF($LX8="","",HH8) -> 0.49 | NH8: =IF($LX8="","",IA8) -> 0.52 | NI8: =IF($LX8="","",IT8) -> 0.49 | NJ8: =IF($LX8="","",JM8) -> 0.49 | NK8: =IF($LX8="","",KF8) -> 0.52 | NL8: =IF($LX8="","",KY8) -> 0.45 | NM8: =MEDIAN(MX8:NL8) -> 0.49
A9: V Run Stats | E9: =IF(AND(L9<0,S9<0),1,0) -> 1 | F9: 777477 | G9: =VLOOKUP($F9,Lookup_!$A$2:$AJ$2224,3,FALSE) -> 2025 | H9: =VLOOKUP($F9,Lookup_!$A$2:$AJ$2224,4,FALSE) -> 6.3 | I9: =VLOOKUP($F9,Lookup_!$A$2:$AJ$2224,2,FALSE) -> 45825 | J9: =VLOOKUP($F9,Lookup_!$A$2:$AJ$2224,13,FALSE) -> 2 | K9: =VLOOKUP(J9,Lookup_!$AO$3:$AP$32,2,FALSE) -> BAL | L9: =VLOOKUP($F9,Lookup_!$A$2:$AJ$2224,14,FALSE) -> -105 | M9: =VLOOKUP($F9,Lookup_!$A$2:$AJ$2224,15,FALSE) -> 0.512195 | N9: =M9/($M9+$T9) -> 0.50235684 | O9: =IF(N9=0.5,100,IF(N9>0.5,N9/(1-N9)*-100, (1-N9)/N9*100)) -> -100.9472 | P9: =VLOOKUP($F9,Lookup_!$A$2:$AJ$2224,7,FALSE) -> 27 | Q9: =VLOOKUP(P9,Lookup_!$AO$3:$AP$32,2,FALSE) -> TB | R9: =VLOOKUP($F9,Lookup_!$A$2:$AJ$2224,12,FALSE) -> 0.32069847 | S9: =VLOOKUP($F9,Lookup_!$A$2:$AJ$2224,8,FALSE) -> -103 | T9: =VLOOKUP($F9,Lookup_!$A$2:$AJ$2224,9,FALSE) -> 0.507389 | U9: =T9/($M9+$T9) -> 0.49764316 | V9: =IF(U9=0.5,100,IF(U9>0.5,U9/(1-U9)*-100, (1-U9)/U9*100)) -> 100.9472 | W9: =IF(S9<L9,1,-1) -> -1 | X9: =VLOOKUP($F9,Lookup_!$A$2:$AJ$2224,5,FALSE) -> 9 | Y9: =VLOOKUP($F9,Lookup_!$A$2:$AJ$2224,6,FALSE) -> 101 | Z9: =VLOOKUP($F9,Lookup_!$A$2:$AJ$2224,19,FALSE) -> -116.8074 | AA9: =VLOOKUP($F9,Lookup_!$A$2:$AJ$2224,25,FALSE) -> -136.56209 | AB9: =VLOOKUP($F9,Lookup_!$A$2:$AJ$2224,21,FALSE) -> 105.53464 | AC9: =VLOOKUP($F9,Lookup_!$A$2:$AJ$2224,23,FALSE) -> -101.25219 | AD9: =VLOOKUP($F9,Lookup_!$A$2:$AJ$2224,31,FALSE) -> 5 | AE9: =VLOOKUP($F9,Lookup_!$A$2:$AJ$2224,30,FALSE) -> 1 | AF9: =VLOOKUP($F9,Lookup_!$A$2:$AJ$2224,32,FALSE) -> FOUR | AG9: =VLOOKUP($F9,Lookup_!$A$2:$AJ$2224,29,FALSE) -> -1 | AH9: =VLOOKUP($F9,Lookup_!$A$2:$AJ$2224,34,FALSE) -> 1 | AI9: =VLOOKUP($F9,Lookup_!$A$2:$AJ$2224,33,FALSE) -> VisFave | AJ9: =VLOOKUP($F9,Lookup_!$A$2:$AJ$2224,35,FALSE) -> 6 | AK9: =VLOOKUP($F9,Lookup_!$A$2:$AJ$2224,36,FALSE) -> -1 | AL9: =ABS(AD9-AE9) -> 4 | AM9: =IF(AL9<>AI9,1,"") -> 1 | AR9: =$S9 -> -103 | AS9: =IF(OR($S9<OPL_MIN,$S9>OPL_MAX),"",VLOOKUP($F9,CleanseResults!$L$3:$P$1772,5,FALSE)) -> 0.5 | AT9: =IF(AS9="","",IF($W9=1,IF(AS9>=HWinThresh,"HomFave","VisDog"),IF(AS9<HWinThresh,"VisFave","HomDog"))) -> HomDog | AU9: =IF(AT9="","",IF(AS9=0.5,100,IF($W9=1,IF(AS9>0.5,AS9/(1-AS9)*-100, (1-AS9)/AS9*100),IF(AS9>0.5,(1-(1-AS9))/(1-AS9)*100,(1-AS9)/(1-(1-AS9))*-100)))) -> 100 | AV9: =IF(AU9="","",ABS(AU9)) -> 100 | AW9: =IF(AV9="","",IF(AT9=$AI9,1,-1)) -> -1 | AX9: =IF(OR(AW9="",AT9<>"HomFave"),"",IF(AW9=1,100+AY9,0)) | AY9: =IF(OR(AW9="",AT9<>"HomFave"),"",ABS($S9)) | AZ9: =IF(OR(AT9<>"VisDog",AW9=""),"",IF(AW9=1,IF($L9<0,100+BA9,ABS($L9)+BA9),0)) | BA9: =IF(OR(AW9="",AT9<>"VisDog"),"",IF($L9<0,ABS($L9),100)) | BB9: =IF(OR(AW9="",AT9<>"VisFave"),"",IF(AW9=1,100+BC9,0)) | BC9: =IF(OR(AW9="",AT9<>"VisFave"),"",ABS($L9)) | BD9: =IF(OR(AT9<>"HomDog",AW9=""),"",IF(AW9=1,IF($S9<0,100+BE9,ABS($S9)+BE9),0)) -> 0 | BE9: =IF(OR(AW9="",AT9<>"HomDog"),"",IF($S9<0,ABS($S9),100)) -> 103 | BK9: =$S9 -> -103 | BL9: =IF(OR($S9<OPL_MIN,$S9>OPL_MAX),"",VLOOKUP($F9,CleanseResults!$AA$3:$AE$1772,5,FALSE)) -> 0.36 | BM9: =IF(BL9="","",IF($W9=1,IF(BL9>=HWinThresh,"HomFave","VisDog"),IF(BL9<HWinThresh,"VisFave","HomDog"))) -> VisFave | BN9: =IF(BM9="","",IF(BL9=0.5,100,IF($W9=1,IF(BL9>0.5,BL9/(1-BL9)*-100, (1-BL9)/BL9*100),IF(BL9>0.5,(1-(1-BL9))/(1-BL9)*100,(1-BL9)/(1-(1-BL9))*-100)))) -> -177.77778 | BO9: =IF(BN9="","",ABS(BN9)) -> 177.77778 | BP9: =IF(BO9="","",IF(BM9=$AI9,1,-1)) -> 1 | BQ9: =IF(OR(BP9="",BM9<>"HomFave"),"",IF(BP9=1,100+BR9,0)) | BR9: =IF(OR(BP9="",BM9<>"HomFave"),"",ABS($S9)) | BS9: =IF(OR(BM9<>"VisDog",BP9=""),"",IF(BP9=1,IF($L9<0,100+BT9,ABS($L9)+BT9),0)) | BT9: =IF(OR(BP9="",BM9<>"VisDog"),"",IF($L9<0,ABS($L9),100)) | BU9: =IF(OR(BP9="",BM9<>"VisFave"),"",IF(BP9=1,100+BV9,0)) -> 205 | BV9: =IF(OR(BP9="",BM9<>"VisFave"),"",ABS($L9)) -> 105 | BW9: =IF(OR(BM9<>"HomDog",BP9=""),"",IF(BP9=1,IF($S9<0,100+BX9,ABS($S9)+BX9),0)) | BX9: =IF(OR(BP9="",BM9<>"HomDog"),"",IF($S9<0,ABS($S9),100)) | CD9: =$S9 -> -103 | CE9: =IF(OR($S9<OPL_MIN,$S9>OPL_MAX),"",VLOOKUP($F9,CleanseResults!$AP$3:$AT$1772,5,FALSE)) -> 0.6 | CF9: =IF(CE9="","",IF($W9=1,IF(CE9>=HWinThresh,"HomFave","VisDog"),IF(CE9<HWinThresh,"VisFave","HomDog"))) -> HomDog | CG9: =IF(CF9="","",IF(CE9=0.5,100,IF($W9=1,IF(CE9>0.5,CE9/(1-CE9)*-100, (1-CE9)/CE9*100),IF(CE9>0.5,(1-(1-CE9))/(1-CE9)*100,(1-CE9)/(1-(1-CE9))*-100)))) -> 150 | CH9: =IF(CG9="","",ABS(CG9)) -> 150 | CI9: =IF(CH9="","",IF(CF9=$AI9,1,-1)) -> -1 | CJ9: =IF(OR(CI9="",CF9<>"HomFave"),"",IF(CI9=1,100+CK9,0)) | CK9: =IF(OR(CI9="",CF9<>"HomFave"),"",ABS($S9)) | CL9: =IF(OR(CF9<>"VisDog",CI9=""),"",IF(CI9=1,IF($L9<0,100+CM9,ABS($L9)+CM9),0)) | CM9: =IF(OR(CI9="",CF9<>"VisDog"),"",IF($L9<0,ABS($L9),100)) | CN9: =IF(OR(CI9="",CF9<>"VisFave"),"",IF(CI9=1,100+CO9,0)) | CO9: =IF(OR(CI9="",CF9<>"VisFave"),"",ABS($L9)) | CP9: =IF(OR(CF9<>"HomDog",CI9=""),"",IF(CI9=1,IF($S9<0,100+CQ9,ABS($S9)+CQ9),0)) -> 0 | CQ9: =IF(OR(CI9="",CF9<>"HomDog"),"",IF($S9<0,ABS($S9),100)) -> 103 | CW9: =$S9 -> -103 | CX9: =IF(OR($S9<OPL_MIN,$S9>OPL_MAX),"",VLOOKUP($F9,CleanseResults!$BE$3:$BI$1772,5,FALSE)) -> 0.47 | CY9: =IF(CX9="","",IF($W9=1,IF(CX9>=HWinThresh,"HomFave","VisDog"),IF(CX9<HWinThresh,"VisFave","HomDog"))) -> VisFave | CZ9: =IF(CY9="","",IF(CX9=0.5,100,IF($W9=1,IF(CX9>0.5,CX9/(1-CX9)*-100, (1-CX9)/CX9*100),IF(CX9>0.5,(1-(1-CX9))/(1-CX9)*100,(1-CX9)/(1-(1-CX9))*-100)))) -> -112.76596 | DA9: =IF(CZ9="","",ABS(CZ9)) -> 112.76596 | DB9: =IF(DA9="","",IF(CY9=$AI9,1,-1)) -> 1 | DC9: =IF(OR(DB9="",CY9<>"HomFave"),"",IF(DB9=1,100+DD9,0)) | DD9: =IF(OR(DB9="",CY9<>"HomFave"),"",ABS($S9)) | DE9: =IF(OR(CY9<>"VisDog",DB9=""),"",IF(DB9=1,IF($L9<0,100+DF9,ABS($L9)+DF9),0)) | DF9: =IF(OR(DB9="",CY9<>"VisDog"),"",IF($L9<0,ABS($L9),100)) | DG9: =IF(OR(DB9="",CY9<>"VisFave"),"",IF(DB9=1,100+DH9,0)) -> 205 | DH9: =IF(OR(DB9="",CY9<>"VisFave"),"",ABS($L9)) -> 105 | DI9: =IF(OR(CY9<>"HomDog",DB9=""),"",IF(DB9=1,IF($S9<0,100+DJ9,ABS($S9)+DJ9),0)) | DJ9: =IF(OR(DB9="",CY9<>"HomDog"),"",IF($S9<0,ABS($S9),100)) | DP9: =$S9 -> -103 | DQ9: =IF(OR($S9<OPL_MIN,$S9>OPL_MAX),"",VLOOKUP($F9,CleanseResults!$BT$3:$BX$1772,5,FALSE)) -> 0.33 | DR9: =IF(DQ9="","",IF($W9=1,IF(DQ9>=HWinThresh,"HomFave","VisDog"),IF(DQ9<HWinThresh,"VisFave","HomDog"))) -> VisFave | DS9: =IF(DR9="","",IF(DQ9=0.5,100,IF($W9=1,IF(DQ9>0.5,DQ9/(1-DQ9)*-100, (1-DQ9)/DQ9*100),IF(DQ9>0.5,(1-(1-DQ9))/(1-DQ9)*100,(1-DQ9)/(1-(1-DQ9))*-100)))) -> -203.0303 | DT9: =IF(DS9="","",ABS(DS9)) -> 203.0303 | DU9: =IF(DT9="","",IF(DR9=$AI9,1,-1)) -> 1 | DV9: =IF(OR(DU9="",DR9<>"HomFave"),"",IF(DU9=1,100+DW9,0)) | DW9: =IF(OR(DU9="",DR9<>"HomFave"),"",ABS($S9)) | DX9: =IF(OR(DR9<>"VisDog",DU9=""),"",IF(DU9=1,IF($L9<0,100+DY9,ABS($L9)+DY9),0)) | DY9: =IF(OR(DU9="",DR9<>"VisDog"),"",IF($L9<0,ABS($L9),100)) | DZ9: =IF(OR(DU9="",DR9<>"VisFave"),"",IF(DU9=1,100+EA9,0)) -> 205 | EA9: =IF(OR(DU9="",DR9<>"VisFave"),"",ABS($L9)) -> 105 | EB9: =IF(OR(DR9<>"HomDog",DU9=""),"",IF(DU9=1,IF($S9<0,100+EC9,ABS($S9)+EC9),0)) | EC9: =IF(OR(DU9="",DR9<>"HomDog"),"",IF($S9<0,ABS($S9),100)) | EI9: =$S9 -> -103 | EJ9: =IF(OR($S9<OPL_MIN,$S9>OPL_MAX),"",VLOOKUP($F9,CleanseResults!$CI$3:$CM$1772,5,FALSE)) -> 0.49 | EK9: =IF(EJ9="","",IF($W9=1,IF(EJ9>=HWinThresh,"HomFave","VisDog"),IF(EJ9<HWinThresh,"VisFave","HomDog"))) -> VisFave | EL9: =IF(EK9="","",IF(EJ9=0.5,100,IF($W9=1,IF(EJ9>0.5,EJ9/(1-EJ9)*-100, (1-EJ9)/EJ9*100),IF(EJ9>0.5,(1-(1-EJ9))/(1-EJ9)*100,(1-EJ9)/(1-(1-EJ9))*-100)))) -> -104.08163 | EM9: =IF(EL9="","",ABS(EL9)) -> 104.08163 | EN9: =IF(EM9="","",IF(EK9=$AI9,1,-1)) -> 1 | EO9: =IF(OR(EN9="",EK9<>"HomFave"),"",IF(EN9=1,100+EP9,0)) | EP9: =IF(OR(EN9="",EK9<>"HomFave"),"",ABS($S9)) | EQ9: =IF(OR(EK9<>"VisDog",EN9=""),"",IF(EN9=1,IF($L9<0,100+ER9,ABS($L9)+ER9),0)) | ER9: =IF(OR(EN9="",EK9<>"VisDog"),"",IF($L9<0,ABS($L9),100)) | ES9: =IF(OR(EN9="",EK9<>"VisFave"),"",IF(EN9=1,100+ET9,0)) -> 205 | ET9: =IF(OR(EN9="",EK9<>"VisFave"),"",ABS($L9)) -> 105 | EU9: =IF(OR(EK9<>"HomDog",EN9=""),"",IF(EN9=1,IF($S9<0,100+EV9,ABS($S9)+EV9),0)) | EV9: =IF(OR(EN9="",EK9<>"HomDog"),"",IF($S9<0,ABS($S9),100)) | FB9: =$S9 -> -103 | FC9: =IF(OR($S9<OPL_MIN,$S9>OPL_MAX),"",VLOOKUP($F9,CleanseResults!$CX$3:$DB$1772,5,FALSE)) -> 0.5 | FD9: =IF(FC9="","",IF($W9=1,IF(FC9>=HWinThresh,"HomFave","VisDog"),IF(FC9<HWinThresh,"VisFave","HomDog"))) -> HomDog | FE9: =IF(FD9="","",IF(FC9=0.5,100,IF($W9=1,IF(FC9>0.5,FC9/(1-FC9)*-100, (1-FC9)/FC9*100),IF(FC9>0.5,(1-(1-FC9))/(1-FC9)*100,(1-FC9)/(1-(1-FC9))*-100)))) -> 100 | FF9: =IF(FE9="","",ABS(FE9)) -> 100 | FG9: =IF(FF9="","",IF(FD9=$AI9,1,-1)) -> -1 | FH9: =IF(OR(FG9="",FD9<>"HomFave"),"",IF(FG9=1,100+FI9,0)) | FI9: =IF(OR(FG9="",FD9<>"HomFave"),"",ABS($S9)) | FJ9: =IF(OR(FD9<>"VisDog",FG9=""),"",IF(FG9=1,IF($L9<0,100+FK9,ABS($L9)+FK9),0)) | FK9: =IF(OR(FG9="",FD9<>"VisDog"),"",IF($L9<0,ABS($L9),100)) | FL9: =IF(OR(FG9="",FD9<>"VisFave"),"",IF(FG9=1,100+FM9,0)) | FM9: =IF(OR(FG9="",FD9<>"VisFave"),"",ABS($L9)) | FN9: =IF(OR(FD9<>"HomDog",FG9=""),"",IF(FG9=1,IF($S9<0,100+FO9,ABS($S9)+FO9),0)) -> 0 | FO9: =IF(OR(FG9="",FD9<>"HomDog"),"",IF($S9<0,ABS($S9),100)) -> 103 | FU9: =$S9 -> -103 | FV9: =IF(OR($S9<OPL_MIN,$S9>OPL_MAX),"",VLOOKUP($F9,CleanseResults!$DM$3:$DQ$1772,5,FALSE)) -> 0.46 | FW9: =IF(FV9="","",IF($W9=1,IF(FV9>=HWinThresh,"HomFave","VisDog"),IF(FV9<HWinThresh,"VisFave","HomDog"))) -> VisFave | FX9: =IF(FW9="","",IF(FV9=0.5,100,IF($W9=1,IF(FV9>0.5,FV9/(1-FV9)*-100, (1-FV9)/FV9*100),IF(FV9>0.5,(1-(1-FV9))/(1-FV9)*100,(1-FV9)/(1-(1-FV9))*-100)))) -> -117.3913 | FY9: =IF(FX9="","",ABS(FX9)) -> 117.3913 | FZ9: =IF(FY9="","",IF(FW9=$AI9,1,-1)) -> 1 | GA9: =IF(OR(FZ9="",FW9<>"HomFave"),"",IF(FZ9=1,100+GB9,0)) | GB9: =IF(OR(FZ9="",FW9<>"HomFave"),"",ABS($S9)) | GC9: =IF(OR(FW9<>"VisDog",FZ9=""),"",IF(FZ9=1,IF($L9<0,100+GD9,ABS($L9)+GD9),0)) | GD9: =IF(OR(FZ9="",FW9<>"VisDog"),"",IF($L9<0,ABS($L9),100)) | GE9: =IF(OR(FZ9="",FW9<>"VisFave"),"",IF(FZ9=1,100+GF9,0)) -> 205 | GF9: =IF(OR(FZ9="",FW9<>"VisFave"),"",ABS($L9)) -> 105 | GG9: =IF(OR(FW9<>"HomDog",FZ9=""),"",IF(FZ9=1,IF($S9<0,100+GH9,ABS($S9)+GH9),0)) | GH9: =IF(OR(FZ9="",FW9<>"HomDog"),"",IF($S9<0,ABS($S9),100)) | GN9: =$S9 -> -103 | GO9: =IF(OR($S9<OPL_MIN,$S9>OPL_MAX),"",VLOOKUP($F9,CleanseResults!$EB$3:$EF$1772,5,FALSE)) -> 0.47 | GP9: =IF(GO9="","",IF($W9=1,IF(GO9>=HWinThresh,"HomFave","VisDog"),IF(GO9<HWinThresh,"VisFave","HomDog"))) -> VisFave | GQ9: =IF(GP9="","",IF(GO9=0.5,100,IF($W9=1,IF(GO9>0.5,GO9/(1-GO9)*-100, (1-GO9)/GO9*100),IF(GO9>0.5,(1-(1-GO9))/(1-GO9)*100,(1-GO9)/(1-(1-GO9))*-100)))) -> -112.76596 | GR9: =IF(GQ9="","",ABS(GQ9)) -> 112.76596 | GS9: =IF(GR9="","",IF(GP9=$AI9,1,-1)) -> 1 | GT9: =IF(OR(GS9="",GP9<>"HomFave"),"",IF(GS9=1,100+GU9,0)) | GU9: =IF(OR(GS9="",GP9<>"HomFave"),"",ABS($S9)) | GV9: =IF(OR(GP9<>"VisDog",GS9=""),"",IF(GS9=1,IF($L9<0,100+GW9,ABS($L9)+GW9),0)) | GW9: =IF(OR(GS9="",GP9<>"VisDog"),"",IF($L9<0,ABS($L9),100)) | GX9: =IF(OR(GS9="",GP9<>"VisFave"),"",IF(GS9=1,100+GY9,0)) -> 205 | GY9: =IF(OR(GS9="",GP9<>"VisFave"),"",ABS($L9)) -> 105 | GZ9: =IF(OR(GP9<>"HomDog",GS9=""),"",IF(GS9=1,IF($S9<0,100+HA9,ABS($S9)+HA9),0)) | HA9: =IF(OR(GS9="",GP9<>"HomDog"),"",IF($S9<0,ABS($S9),100)) | HG9: =$S9 -> -103 | HH9: =IF(OR($S9<OPL_MIN,$S9>OPL_MAX),"",VLOOKUP($F9,CleanseResults!$EQ$3:$EU$1772,5,FALSE)) -> 0.47 | HI9: =IF(HH9="","",IF($W9=1,IF(HH9>=HWinThresh,"HomFave","VisDog"),IF(HH9<HWinThresh,"VisFave","HomDog"))) -> VisFave | HJ9: =IF(HI9="","",IF(HH9=0.5,100,IF($W9=1,IF(HH9>0.5,HH9/(1-HH9)*-100, (1-HH9)/HH9*100),IF(HH9>0.5,(1-(1-HH9))/(1-HH9)*100,(1-HH9)/(1-(1-HH9))*-100)))) -> -112.76596 | HK9: =IF(HJ9="","",ABS(HJ9)) -> 112.76596 | HL9: =IF(HK9="","",IF(HI9=$AI9,1,-1)) -> 1 | HM9: =IF(OR(HL9="",HI9<>"HomFave"),"",IF(HL9=1,100+HN9,0)) | HN9: =IF(OR(HL9="",HI9<>"HomFave"),"",ABS($S9)) | HO9: =IF(OR(HI9<>"VisDog",HL9=""),"",IF(HL9=1,IF($L9<0,100+HP9,ABS($L9)+HP9),0)) | HP9: =IF(OR(HL9="",HI9<>"VisDog"),"",IF($L9<0,ABS($L9),100)) | HQ9: =IF(OR(HL9="",HI9<>"VisFave"),"",IF(HL9=1,100+HR9,0)) -> 205 | HR9: =IF(OR(HL9="",HI9<>"VisFave"),"",ABS($L9)) -> 105 | HS9: =IF(OR(HI9<>"HomDog",HL9=""),"",IF(HL9=1,IF($S9<0,100+HT9,ABS($S9)+HT9),0)) | HT9: =IF(OR(HL9="",HI9<>"HomDog"),"",IF($S9<0,ABS($S9),100)) | HZ9: =$S9 -> -103 | IA9: =IF(OR($S9<OPL_MIN,$S9>OPL_MAX),"",VLOOKUP($F9,CleanseResults!$FF$3:$FJ$1772,5,FALSE)) -> 0.51 | IB9: =IF(IA9="","",IF($W9=1,IF(IA9>=HWinThresh,"HomFave","VisDog"),IF(IA9<HWinThresh,"VisFave","HomDog"))) -> HomDog | IC9: =IF(IB9="","",IF(IA9=0.5,100,IF($W9=1,IF(IA9>0.5,IA9/(1-IA9)*-100, (1-IA9)/IA9*100),IF(IA9>0.5,(1-(1-IA9))/(1-IA9)*100,(1-IA9)/(1-(1-IA9))*-100)))) -> 104.08163 | ID9: =IF(IC9="","",ABS(IC9)) -> 104.08163 | IE9: =IF(ID9="","",IF(IB9=$AI9,1,-1)) -> -1 | IF9: =IF(OR(IE9="",IB9<>"HomFave"),"",IF(IE9=1,100+IG9,0)) | IG9: =IF(OR(IE9="",IB9<>"HomFave"),"",ABS($S9)) | IH9: =IF(OR(IB9<>"VisDog",IE9=""),"",IF(IE9=1,IF($L9<0,100+II9,ABS($L9)+II9),0)) | II9: =IF(OR(IE9="",IB9<>"VisDog"),"",IF($L9<0,ABS($L9),100)) | IJ9: =IF(OR(IE9="",IB9<>"VisFave"),"",IF(IE9=1,100+IK9,0)) | IK9: =IF(OR(IE9="",IB9<>"VisFave"),"",ABS($L9)) | IL9: =IF(OR(IB9<>"HomDog",IE9=""),"",IF(IE9=1,IF($S9<0,100+IM9,ABS($S9)+IM9),0)) -> 0 | IM9: =IF(OR(IE9="",IB9<>"HomDog"),"",IF($S9<0,ABS($S9),100)) -> 103 | IS9: =$S9 -> -103 | IT9: =IF(OR($S9<OPL_MIN,$S9>OPL_MAX),"",VLOOKUP($F9,CleanseResults!$FU$3:$FY$1772,5,FALSE)) -> 0.52 | IU9: =IF(IT9="","",IF($W9=1,IF(IT9>=HWinThresh,"HomFave","VisDog"),IF(IT9<HWinThresh,"VisFave","HomDog"))) -> HomDog | IV9: =IF(IU9="","",IF(IT9=0.5,100,IF($W9=1,IF(IT9>0.5,IT9/(1-IT9)*-100, (1-IT9)/IT9*100),IF(IT9>0.5,(1-(1-IT9))/(1-IT9)*100,(1-IT9)/(1-(1-IT9))*-100)))) -> 108.33333 | IW9: =IF(IV9="","",ABS(IV9)) -> 108.33333 | IX9: =IF(IW9="","",IF(IU9=$AI9,1,-1)) -> -1 | IY9: =IF(OR(IX9="",IU9<>"HomFave"),"",IF(IX9=1,100+IZ9,0)) | IZ9: =IF(OR(IX9="",IU9<>"HomFave"),"",ABS($S9)) | JA9: =IF(OR(IU9<>"VisDog",IX9=""),"",IF(IX9=1,IF($L9<0,100+JB9,ABS($L9)+JB9),0)) | JB9: =IF(OR(IX9="",IU9<>"VisDog"),"",IF($L9<0,ABS($L9),100)) | JC9: =IF(OR(IX9="",IU9<>"VisFave"),"",IF(IX9=1,100+JD9,0)) | JD9: =IF(OR(IX9="",IU9<>"VisFave"),"",ABS($L9)) | JE9: =IF(OR(IU9<>"HomDog",IX9=""),"",IF(IX9=1,IF($S9<0,100+JF9,ABS($S9)+JF9),0)) -> 0 | JF9: =IF(OR(IX9="",IU9<>"HomDog"),"",IF($S9<0,ABS($S9),100)) -> 103 | JL9: =$S9 -> -103 | JM9: =IF(OR($S9<OPL_MIN,$S9>OPL_MAX),"",VLOOKUP($F9,CleanseResults!$GJ$3:$GN$1772,5,FALSE)) -> 0.47 | JN9: =IF(JM9="","",IF($W9=1,IF(JM9>=HWinThresh,"HomFave","VisDog"),IF(JM9<HWinThresh,"VisFave","HomDog"))) -> VisFave | JO9: =IF(JN9="","",IF(JM9=0.5,100,IF($W9=1,IF(JM9>0.5,JM9/(1-JM9)*-100, (1-JM9)/JM9*100),IF(JM9>0.5,(1-(1-JM9))/(1-JM9)*100,(1-JM9)/(1-(1-JM9))*-100)))) -> -112.76596 | JP9: =IF(JO9="","",ABS(JO9)) -> 112.76596 | JQ9: =IF(JP9="","",IF(JN9=$AI9,1,-1)) -> 1 | JR9: =IF(OR(JQ9="",JN9<>"HomFave"),"",IF(JQ9=1,100+JS9,0)) | JS9: =IF(OR(JQ9="",JN9<>"HomFave"),"",ABS($S9)) | JT9: =IF(OR(JN9<>"VisDog",JQ9=""),"",IF(JQ9=1,IF($L9<0,100+JU9,ABS($L9)+JU9),0)) | JU9: =IF(OR(JQ9="",JN9<>"VisDog"),"",IF($L9<0,ABS($L9),100)) | JV9: =IF(OR(JQ9="",JN9<>"VisFave"),"",IF(JQ9=1,100+JW9,0)) -> 205 | JW9: =IF(OR(JQ9="",JN9<>"VisFave"),"",ABS($L9)) -> 105 | JX9: =IF(OR(JN9<>"HomDog",JQ9=""),"",IF(JQ9=1,IF($S9<0,100+JY9,ABS($S9)+JY9),0)) | JY9: =IF(OR(JQ9="",JN9<>"HomDog"),"",IF($S9<0,ABS($S9),100)) | KE9: =$S9 -> -103 | KF9: =IF(OR($S9<OPL_MIN,$S9>OPL_MAX),"",VLOOKUP($F9,CleanseResults!$GY$3:$HC$1772,5,FALSE)) -> 0.52 | KG9: =IF(KF9="","",IF($W9=1,IF(KF9>=HWinThresh,"HomFave","VisDog"),IF(KF9<HWinThresh,"VisFave","HomDog"))) -> HomDog | KH9: =IF(KG9="","",IF(KF9=0.5,100,IF($W9=1,IF(KF9>0.5,KF9/(1-KF9)*-100, (1-KF9)/KF9*100),IF(KF9>0.5,(1-(1-KF9))/(1-KF9)*100,(1-KF9)/(1-(1-KF9))*-100)))) -> 108.33333 | KI9: =IF(KH9="","",ABS(KH9)) -> 108.33333 | KJ9: =IF(KI9="","",IF(KG9=$AI9,1,-1)) -> -1 | KK9: =IF(OR(KJ9="",KG9<>"HomFave"),"",IF(KJ9=1,100+KL9,0)) | KL9: =IF(OR(KJ9="",KG9<>"HomFave"),"",ABS($S9)) | KM9: =IF(OR(KG9<>"VisDog",KJ9=""),"",IF(KJ9=1,IF($L9<0,100+KN9,ABS($L9)+KN9),0)) | KN9: =IF(OR(KJ9="",KG9<>"VisDog"),"",IF($L9<0,ABS($L9),100)) | KO9: =IF(OR(KJ9="",KG9<>"VisFave"),"",IF(KJ9=1,100+KP9,0)) | KP9: =IF(OR(KJ9="",KG9<>"VisFave"),"",ABS($L9)) | KQ9: =IF(OR(KG9<>"HomDog",KJ9=""),"",IF(KJ9=1,IF($S9<0,100+KR9,ABS($S9)+KR9),0)) -> 0 | KR9: =IF(OR(KJ9="",KG9<>"HomDog"),"",IF($S9<0,ABS($S9),100)) -> 103 | KX9: =$S9 -> -103 | KY9: =IF(OR($S9<OPL_MIN,$S9>OPL_MAX),"",VLOOKUP($F9,CleanseResults!$HN$3:$HR$1772,5,FALSE)) -> 0.45 | KZ9: =IF(KY9="","",IF($W9=1,IF(KY9>=HWinThresh,"HomFave","VisDog"),IF(KY9<HWinThresh,"VisFave","HomDog"))) -> VisFave | LA9: =IF(KZ9="","",IF(KY9=0.5,100,IF($W9=1,IF(KY9>0.5,KY9/(1-KY9)*-100, (1-KY9)/KY9*100),IF(KY9>0.5,(1-(1-KY9))/(1-KY9)*100,(1-KY9)/(1-(1-KY9))*-100)))) -> -122.22222 | LB9: =IF(LA9="","",ABS(LA9)) -> 122.22222 | LC9: =IF(LB9="","",IF(KZ9=$AI9,1,-1)) -> 1 | LD9: =IF(OR(LC9="",KZ9<>"HomFave"),"",IF(LC9=1,100+LE9,0)) | LE9: =IF(OR(LC9="",KZ9<>"HomFave"),"",ABS($S9)) | LF9: =IF(OR(KZ9<>"VisDog",LC9=""),"",IF(LC9=1,IF($L9<0,100+LG9,ABS($L9)+LG9),0)) | LG9: =IF(OR(LC9="",KZ9<>"VisDog"),"",IF($L9<0,ABS($L9),100)) | LH9: =IF(OR(LC9="",KZ9<>"VisFave"),"",IF(LC9=1,100+LI9,0)) -> 205 | LI9: =IF(OR(LC9="",KZ9<>"VisFave"),"",ABS($L9)) -> 105 | LJ9: =IF(OR(KZ9<>"HomDog",LC9=""),"",IF(LC9=1,IF($S9<0,100+LK9,ABS($S9)+LK9),0)) | LK9: =IF(OR(LC9="",KZ9<>"HomDog"),"",IF($S9<0,ABS($S9),100)) | LS9: =IF(LX9="","",U9) -> 0.49764316 | LT9: =COUNTIFS($AT9,"=HomFave",$AW9,"=1")+COUNTIFS($AT9,"=HomFave",$AW9,"=-1")+COUNTIFS($BM9,"=HomFave",$BP9,"=1")+COUNTIFS($BM9,"=HomFave",$BP9,"=-1")+COUNTIFS($CF9,"=HomFave",$CI9,"=1")+COUNTIFS($CF9,"=HomFave",$CI9,"=-1")+COUNTIFS($CY9,"=HomFave",$DB9,"=1")+COUNTIFS($CY9,"=HomFave",$DB9,"=-1")+COUNTIFS($DR9,"=HomFave",$DU9,"=1")+COUNTIFS($DR9,"=HomFave",$DU9,"=-1")+COUNTIFS($EK9,"=HomFave",$EN9,"=1")+COUNTIFS($EK9,"=HomFave",$EN9,"=-1")+COUNTIFS($FD9,"=HomFave",$FG9,"=1")+COUNTIFS($FD9,"=HomFave",$FG9,"=-1")+COUNTIFS($FW9,"=HomFave",$FZ9,"=1")+COUNTIFS($FW9,"=HomFave",$FZ9,"=-1")+COUNTIFS($GP9,"=HomFave",$GS9,"=1")+COUNTIFS($GP9,"=HomFave",$GS9,"=-1") +COUNTIFS($HI9,"=HomFave",$HL9,"=1")+COUNTIFS($HI9,"=HomFave",$HL9,"=-1")+COUNTIFS($IB9,"=HomFave",$IE9,"=1")+COUNTIFS($IB9,"=HomFave",$IE9,"=-1")+COUNTIFS($IU9,"=HomFave",$IX9,"=1")+COUNTIFS($IU9,"=HomFave",$IX9,"=-1")+COUNTIFS($JN9,"=HomFave",$JQ9,"=1")+COUNTIFS($JN9,"=HomFave",$JQ9,"=-1")+COUNTIFS($KG9,"=HomFave",$KJ9,"=1")+COUNTIFS($KG9,"=HomFave",$KJ9,"=-1")+COUNTIFS($KZ9,"=HomFave",$LC9,"=1")+COUNTIFS($KZ9,"=HomFave",$LC9,"=-1") -> 0 | LU9: =COUNTIFS($AT9,"=VisDog",$AW9,"=1")+COUNTIFS($AT9,"=VisDog",$AW9,"=-1")+COUNTIFS($BM9,"=VisDog",$BP9,"=1")+COUNTIFS($BM9,"=VisDog",$BP9,"=-1")+COUNTIFS($CF9,"=VisDog",$CI9,"=1")+COUNTIFS($CF9,"=VisDog",$CI9,"=-1")+COUNTIFS($CY9,"=VisDog",$DB9,"=1")+COUNTIFS($CY9,"=VisDog",$DB9,"=-1")+COUNTIFS($DR9,"=VisDog",$DU9,"=1")+COUNTIFS($DR9,"=VisDog",$DU9,"=-1")+COUNTIFS($EK9,"=VisDog",$EN9,"=1")+COUNTIFS($EK9,"=VisDog",$EN9,"=-1")+COUNTIFS($FD9,"=VisDog",$FG9,"=1")+COUNTIFS($FD9,"=VisDog",$FG9,"=-1")+COUNTIFS($FW9,"=VisDog",$FZ9,"=1")+COUNTIFS($FW9,"=VisDog",$FZ9,"=-1")+COUNTIFS($GP9,"=VisDog",$GS9,"=1")+COUNTIFS($GP9,"=VisDog",$GS9,"=-1") +COUNTIFS($HI9,"=VisDog",$HL9,"=1")+COUNTIFS($HI9,"=VisDog",$HL9,"=-1")+COUNTIFS($IB9,"=VisDog",$IE9,"=1")+COUNTIFS($IB9,"=VisDog",$IE9,"=-1")+COUNTIFS($IU9,"=VisDog",$IX9,"=1")+COUNTIFS($IU9,"=VisDog",$IX9,"=-1")+COUNTIFS($JN9,"=VisDog",$JQ9,"=1")+COUNTIFS($JN9,"=VisDog",$JQ9,"=-1")+COUNTIFS($KG9,"=VisDog",$KJ9,"=1")+COUNTIFS($KG9,"=VisDog",$KJ9,"=-1")+COUNTIFS($KZ9,"=VisDog",$LC9,"=1")+COUNTIFS($KZ9,"=VisDog",$LC9,"=-1") -> 0 | LV9: =COUNTIFS($AT9,"=VisFave",$AW9,"=1")+COUNTIFS($AT9,"=VisFave",$AW9,"=-1")+COUNTIFS($BM9,"=VisFave",$BP9,"=1")+COUNTIFS($BM9,"=VisFave",$BP9,"=-1")+COUNTIFS($CF9,"=VisFave",$CI9,"=1")+COUNTIFS($CF9,"=VisFave",$CI9,"=-1")+COUNTIFS($CY9,"=VisFave",$DB9,"=1")+COUNTIFS($CY9,"=VisFave",$DB9,"=-1")+COUNTIFS($DR9,"=VisFave",$DU9,"=1")+COUNTIFS($DR9,"=VisFave",$DU9,"=-1")+COUNTIFS($EK9,"=VisFave",$EN9,"=1")+COUNTIFS($EK9,"=VisFave",$EN9,"=-1")+COUNTIFS($FD9,"=VisFave",$FG9,"=1")+COUNTIFS($FD9,"=VisFave",$FG9,"=-1")+COUNTIFS($FW9,"=VisFave",$FZ9,"=1")+COUNTIFS($FW9,"=VisFave",$FZ9,"=-1")+COUNTIFS($GP9,"=VisFave",$GS9,"=1")+COUNTIFS($GP9,"=VisFave",$GS9,"=-1") +COUNTIFS($HI9,"=VisFave",$HL9,"=1")+COUNTIFS($HI9,"=VisFave",$HL9,"=-1")+COUNTIFS($IB9,"=VisFave",$IE9,"=1")+COUNTIFS($IB9,"=VisFave",$IE9,"=-1")+COUNTIFS($IU9,"=VisFave",$IX9,"=1")+COUNTIFS($IU9,"=VisFave",$IX9,"=-1")+COUNTIFS($JN9,"=VisFave",$JQ9,"=1")+COUNTIFS($JN9,"=VisFave",$JQ9,"=-1")+COUNTIFS($KG9,"=VisFave",$KJ9,"=1")+COUNTIFS($KG9,"=VisFave",$KJ9,"=-1")+COUNTIFS($KZ9,"=VisFave",$LC9,"=1")+COUNTIFS($KZ9,"=VisFave",$LC9,"=-1") -> 9 | LW9: =COUNTIFS($AT9,"=HomDog",$AW9,"=1")+COUNTIFS($AT9,"=HomDog",$AW9,"=-1")+COUNTIFS($BM9,"=HomDog",$BP9,"=1")+COUNTIFS($BM9,"=HomDog",$BP9,"=-1")+COUNTIFS($CF9,"=HomDog",$CI9,"=1")+COUNTIFS($CF9,"=HomDog",$CI9,"=-1")+COUNTIFS($CY9,"=HomDog",$DB9,"=1")+COUNTIFS($CY9,"=HomDog",$DB9,"=-1")+COUNTIFS($DR9,"=HomDog",$DU9,"=1")+COUNTIFS($DR9,"=HomDog",$DU9,"=-1")+COUNTIFS($EK9,"=HomDog",$EN9,"=1")+COUNTIFS($EK9,"=HomDog",$EN9,"=-1")+COUNTIFS($FD9,"=HomDog",$FG9,"=1")+COUNTIFS($FD9,"=HomDog",$FG9,"=-1")+COUNTIFS($FW9,"=HomDog",$FZ9,"=1")+COUNTIFS($FW9,"=HomDog",$FZ9,"=-1")+COUNTIFS($GP9,"=HomDog",$GS9,"=1")+COUNTIFS($GP9,"=HomDog",$GS9,"=-1") +COUNTIFS($HI9,"=HomDog",$HL9,"=1")+COUNTIFS($HI9,"=HomDog",$HL9,"=-1")+COUNTIFS($IB9,"=HomDog",$IE9,"=1")+COUNTIFS($IB9,"=HomDog",$IE9,"=-1")+COUNTIFS($IU9,"=HomDog",$IX9,"=1")+COUNTIFS($IU9,"=HomDog",$IX9,"=-1")+COUNTIFS($JN9,"=HomDog",$JQ9,"=1")+COUNTIFS($JN9,"=HomDog",$JQ9,"=-1")+COUNTIFS($KG9,"=HomDog",$KJ9,"=1")+COUNTIFS($KG9,"=HomDog",$KJ9,"=-1")+COUNTIFS($KZ9,"=HomDog",$LC9,"=1")+COUNTIFS($KZ9,"=HomDog",$LC9,"=-1") -> 6 | LX9: =IF($S9<$L9,IF(LT9>LU9,IF((ens1NumVoters-SUM(LT9,LU9))>LT9,"",IF((LT9/(LT9+LU9))>=ens1VoteAgreement,"HomFave","")),IF((ens1NumVoters-SUM(LT9,LU9))>LU9,"",IF((LU9/(LT9+LU9))>=ens1VoteAgreement,"VisDog",""))),IF(LV9>LW9,IF((ens1NumVoters-SUM(LV9,LW9))>LV9,"",IF((LV9/(LV9+LW9))>=ens1VoteAgreement,"VisFave","")),IF((ens1NumVoters-SUM(LV9,LW9))>LW9,"",IF((LW9/(LV9+LW9))>=ens1VoteAgreement,"HomDog","")))) -> VisFave | LY9: =IF(MC9="","",IF(LX9="HomFave",(LT9/$LS$2)*100,IF(LX9="VisDog",(LU9/$LS$2)*100,IF(LX9="VisFave",(LV9/$LS$2)*100,(LW9/$LS$2)*100)))) -> 60 | LZ9: =IF(LX9="","",NM9) -> 0.47 | MA9: =IF(LX9="","",LZ9-$U9) -> -0.027643156 | MB9: =IF(LZ9="","",IF(LZ9=0.5,100,IF($W9=1,IF(LZ9>0.5,LZ9/(1-LZ9)*-100,(1-LZ9)/LZ9*100), IF(LZ9<0.5,(1-LZ9)/LZ9*100,LZ9/(1-LZ9)*-100)))) -> 112.76596 | MC9: =IF(LX9="","", IF(edge_pp=0, LX9, IF(OR(LX9="HomFave",LX9="HomDog"), IF(MA9 >= edge_pp, LX9, ""), IF(MA9 <= -edge_pp, LX9, "")))) -> VisFave | MD9: =IF(OR(MB9<MODELPRICE_MIN,MB9>MODELPRICE_MAX),"",IF(OR(MC9="VisFave",MC9=""),"",IF(MC9=$AI9,1,-1))) | ME9: =IF(OR(MP9="",MP9=0),"",IF(MC9=$AI9,1,-1)) | MF9: =IF(OR(ME9="",MC9<>"HomFave"),"",IF(ME9=1,MP9*(1+MO9),0)) | MG9: =IF(OR(ME9="",MC9<>"HomFave"),"",MP9) | MH9: =IF(OR(MC9<>"VisDog",ME9=""),"",IF(ME9=1,MP9*(1+MO9),0)) | MI9: =IF(OR(ME9="",MC9<>"VisDog"),"",MP9) | MJ9: =IF(OR(ME9="",MC9<>"VisFave"),"",IF(ME9=1,MP9*(1+MO9),0)) | MK9: =IF(OR(ME9="",MC9<>"VisFave"),"",MP9) | ML9: =IF(OR(MC9<>"HomDog",ME9=""),"",IF(ME9=1,MP9*(1+MO9),0)) | MM9: =IF(OR(ME9="",MC9<>"HomDog"),"",MP9) | MO9: =IF($MD9="","",IF(OR($MC9="HomFave",$MC9="HomDog"),IF($S9<0,100/ABS($S9),$S9/100),IF($L9<0,100/ABS($L9),$L9/100))) | MP9: =IF($MD9="","", IF(stakeMode=1, 1, IF(OR($MC9="HomFave",$MC9="HomDog"), kellyFraction*MAX(0, $LZ9 - (1-$LZ9)/$MO9), kellyFraction*MAX(0, (1-$LZ9) - $LZ9/$MO9)))) | MS9: =IF($ME9="","",MP9) | MT9: =IF($ME9="","",IF(ME9=1,MP9*(1+MO9),0)) | MU9: =IF($ME9="","",IF(ME9=1,MP9*MO9,-1*MP9)) | MV9: =IF($ME9="","",IF(MS9=0,0,MU9/MS9)) | MX9: =IF($LX9="","",AS9) -> 0.5 | MY9: =IF($LX9="","",BL9) -> 0.36 | MZ9: =IF($LX9="","",CE9) -> 0.6 | NA9: =IF($LX9="","",CX9) -> 0.47 | NB9: =IF($LX9="","",DQ9) -> 0.33 | NC9: =IF($LX9="","",EJ9) -> 0.49 | ND9: =IF($LX9="","",FC9) -> 0.5 | NE9: =IF($LX9="","",FV9) -> 0.46 | NF9: =IF($LX9="","",GO9) -> 0.47 | NG9: =IF($LX9="","",HH9) -> 0.47 | NH9: =IF($LX9="","",IA9) -> 0.51 | NI9: =IF($LX9="","",IT9) -> 0.52 | NJ9: =IF($LX9="","",JM9) -> 0.47 | NK9: =IF($LX9="","",KF9) -> 0.52 | NL9: =IF($LX9="","",KY9) -> 0.45 | NM9: =MEDIAN(MX9:NL9) -> 0.47
