Workbook

Sheet LineStatsOnly
A1: G_Id | B1: G_Date | C1: G_H_Id | D1: HNAME | E1: G_V_Id | F1: VNAME | G1: H_Bookie_Bet_Price | H1: V_Bookie_Bet_Price | I1: LineStatsOnlyPosition | J1: LineStatsOnlyPlay | K1: Scion_Side_Play_Position | L1: Scion_H_ProbabilityEdge | M1: Scion_Side_Stars | N1: Scion_Side_Play_Confidence | O1: PlayByAgreement | P1: G_Bookie_TotalOver | Q1: G_PH_Win | R1: G_H_Runs | S1: G_V_Runs | T1: G_Actual_Runs_Diff | U1: Winning_Position | V1: WinBet? | W1: Invest | X1: Return | Y1: Proft | Z1: %ROI | AA1: Comments
A2: 824915 | B2: =VLOOKUP($A2,ScionOutput!$A$3:$BL$215,3,FALSE) -> 46179 | C2: =VLOOKUP($A2,ScionOutput!$A$3:$BL$215,22,FALSE) -> 0 | D2: =VLOOKUP($A2,ScionOutput!$A$3:$BL$215,23,FALSE) -> ATL | E2: =VLOOKUP($A2,ScionOutput!$A$3:$BL$215,6,FALSE) -> 22 | F2: =VLOOKUP($A2,ScionOutput!$A$3:$BL$215,7,FALSE) -> PIT | G2: =VLOOKUP($A2,ScionOutput!$A$3:$BL$215,26,FALSE) -> -110 | H2: =VLOOKUP($A2,ScionOutput!$A$3:$BL$215,10,FALSE) -> 100 | I2: =VLOOKUP($A2,ScionOutput!$A$3:$BL$215,45,FALSE) -> HomFave | J2: =VLOOKUP($A2,ScionOutput!$A$3:$BL$215,46,FALSE) -> 1 | K2: =VLOOKUP($A2,ScionOutput!$A$3:$BL$215,58,FALSE) -> HomFave | L2: =VLOOKUP($A2,ScionOutput!$A$3:$BL$215,59,FALSE) -> 0.01837 | M2: =VLOOKUP($A2,ScionOutput!$A$3:$BL$215,62,FALSE) -> 1 | N2: =VLOOKUP($A2,ScionOutput!$A$3:$BL$215,63,FALSE) -> 0.93 | O2: =ISNUMBER(SEARCH("Play determined by LineStatEns and StatOnlyEns agreement", AA2)) -> TRUE | P2: =VLOOKUP($A2,Outcomes!$B$3:$I$209,8,FALSE) -> 9 | Q2: =IF(R2>S2,1,IF(R2<S2,-1,0)) -> 1 | R2: =VLOOKUP($A2,Outcomes!$B$3:$I$209,5,FALSE) -> 6 | S2: =VLOOKUP($A2,Outcomes!$B$3:$I$209,6,FALSE) -> 3 | T2: =VLOOKUP($A2,Outcomes!$B$3:$I$209,7,FALSE) -> -3 | U2: =IF(T2=0,"Push",IF(G2<H2,IF(T2<0,"HomFave","VisDog"),IF(T2>0,"VisFave","HomDog"))) -> HomFave | V2: =IF(OR(T2=0,I2="No Play",J2<>1),"",IF(U2=I2,1,0)) -> 1 | W2: =IF(V2="","",IF(G2<H2,IF(K2="HomFave",ABS(G2),IF(H2<0,ABS(H2),100)),IF(K2="VisFave",ABS(H2),IF(G2<0,ABS(G2),100)))) -> 110 | X2: =IF(V2="","",IF(V2=0,0,IF(G2<H2,IF(K2="HomFave",W2+100,IF(H2<0,100+W2,W2+ABS(H2))),IF(K2="VisFave",W2+100,IF(G2<0,100+W2,W2+ABS(G2)))))) -> 210 | Y2: =IF(V2="","",X2-W2) -> 100 | Z2: =IF(V2="","",Y2/W2) -> 0.90909091 | AA2: =VLOOKUP($A2,ScionOutput!$A$3:$BL$215,64,FALSE) -> 824915. Play determined by LineStatEns and StatOnlyEns agreement.
A3: 825075 | B3: =VLOOKUP($A3,ScionOutput!$A$3:$BL$215,3,FALSE) -> 46179 | C3: =VLOOKUP($A3,ScionOutput!$A$3:$BL$215,22,FALSE) -> 1 | D3: =VLOOKUP($A3,ScionOutput!$A$3:$BL$215,23,FALSE) -> ARZ | E3: =VLOOKUP($A3,ScionOutput!$A$3:$BL$215,6,FALSE) -> 16 | F3: =VLOOKUP($A3,ScionOutput!$A$3:$BL$215,7,FALSE) -> WAS | G3: =VLOOKUP($A3,ScionOutput!$A$3:$BL$215,26,FALSE) -> -155 | H3: =VLOOKUP($A3,ScionOutput!$A$3:$BL$215,10,FALSE) -> 140 | I3: =VLOOKUP($A3,ScionOutput!$A$3:$BL$215,45,FALSE) -> HomFave | J3: =VLOOKUP($A3,ScionOutput!$A$3:$BL$215,46,FALSE) -> 0 | K3: =VLOOKUP($A3,ScionOutput!$A$3:$BL$215,58,FALSE) -> No Play | L3: =VLOOKUP($A3,ScionOutput!$A$3:$BL$215,59,FALSE) -> 0 | M3: =VLOOKUP($A3,ScionOutput!$A$3:$BL$215,62,FALSE) -> 0 | N3: =VLOOKUP($A3,ScionOutput!$A$3:$BL$215,63,FALSE) -> 0 | O3: =ISNUMBER(SEARCH("Play determined by LineStatEns and StatOnlyEns agreement", AA3)) -> FALSE | P3: =VLOOKUP($A3,Outcomes!$B$3:$I$209,8,FALSE) -> 7 | Q3: =IF(R3>S3,1,IF(R3<S3,-1,0)) -> -1 | R3: =VLOOKUP($A3,Outcomes!$B$3:$I$209,5,FALSE) -> 1 | S3: =VLOOKUP($A3,Outcomes!$B$3:$I$209,6,FALSE) -> 6 | T3: =VLOOKUP($A3,Outcomes!$B$3:$I$209,7,FALSE) -> 5 | U3: =IF(T3=0,"Push",IF(G3<H3,IF(T3<0,"HomFave","VisDog"),IF(T3>0,"VisFave","HomDog"))) -> VisDog | V3: =IF(OR(T3=0,I3="No Play",J3<>1),"",IF(U3=I3,1,0)) | W3: =IF(V3="","",IF(G3<H3,IF(K3="HomFave",ABS(G3),IF(H3<0,ABS(H3),100)),IF(K3="VisFave",ABS(H3),IF(G3<0,ABS(G3),100)))) | X3: =IF(V3="","",IF(V3=0,0,IF(G3<H3,IF(K3="HomFave",W3+100,IF(H3<0,100+W3,W3+ABS(H3))),IF(K3="VisFave",W3+100,IF(G3<0,100+W3,W3+ABS(G3)))))) | Y3: =IF(V3="","",X3-W3) | Z3: =IF(V3="","",Y3/W3) | AA3: =VLOOKUP($A3,ScionOutput!$A$3:$BL$215,64,FALSE) -> 825075. LineStatEns is NoPlay as bookie-line outside range. StatOnlyEns is NoPlay as bookie-line outside range. No play due to strategy constraints.
A4: 824669 | B4: =VLOOKUP($A4,ScionOutput!$A$3:$BL$215,3,FALSE) -> 46179 | C4: =VLOOKUP($A4,ScionOutput!$A$3:$BL$215,22,FALSE) -> 5 | D4: =VLOOKUP($A4,ScionOutput!$A$3:$BL$215,23,FALSE) -> CHC | E4: =VLOOKUP($A4,ScionOutput!$A$3:$BL$215,6,FALSE) -> 25 | F4: =VLOOKUP($A4,ScionOutput!$A$3:$BL$215,7,FALSE) -> SF | G4: =VLOOKUP($A4,ScionOutput!$A$3:$BL$215,26,FALSE) -> -140 | H4: =VLOOKUP($A4,ScionOutput!$A$3:$BL$215,10,FALSE) -> 127 | I4: =VLOOKUP($A4,ScionOutput!$A$3:$BL$215,45,FALSE) -> HomFave | J4: =VLOOKUP($A4,ScionOutput!$A$3:$BL$215,46,FALSE) -> 0 | K4: =VLOOKUP($A4,ScionOutput!$A$3:$BL$215,58,FALSE) -> No Play | L4: =VLOOKUP($A4,ScionOutput!$A$3:$BL$215,59,FALSE) -> 0 | M4: =VLOOKUP($A4,ScionOutput!$A$3:$BL$215,62,FALSE) -> 0 | N4: =VLOOKUP($A4,ScionOutput!$A$3:$BL$215,63,FALSE) -> 0 | O4: =ISNUMBER(SEARCH("Play determined by LineStatEns and StatOnlyEns agreement", AA4)) -> FALSE | P4: =VLOOKUP($A4,Outcomes!$B$3:$I$209,8,FALSE) -> 5 | Q4: =IF(R4>S4,1,IF(R4<S4,-1,0)) -> 1 | R4: =VLOOKUP($A4,Outcomes!$B$3:$I$209,5,FALSE) -> 3 | S4: =VLOOKUP($A4,Outcomes!$B$3:$I$209,6,FALSE) -> 2 | T4: =VLOOKUP($A4,Outcomes!$B$3:$I$209,7,FALSE) -> -1 | U4: =IF(T4=0,"Push",IF(G4<H4,IF(T4<0,"HomFave","VisDog"),IF(T4>0,"VisFave","HomDog"))) -> HomFave | V4: =IF(OR(T4=0,I4="No Play",J4<>1),"",IF(U4=I4,1,0)) | W4: =IF(V4="","",IF(G4<H4,IF(K4="HomFave",ABS(G4),IF(H4<0,ABS(H4),100)),IF(K4="VisFave",ABS(H4),IF(G4<0,ABS(G4),100)))) | X4: =IF(V4="","",IF(V4=0,0,IF(G4<H4,IF(K4="HomFave",W4+100,IF(H4<0,100+W4,W4+ABS(H4))),IF(K4="VisFave",W4+100,IF(G4<0,100+W4,W4+ABS(G4)))))) | Y4: =IF(V4="","",X4-W4) | Z4: =IF(V4="","",Y4/W4) | AA4: =VLOOKUP($A4,ScionOutput!$A$3:$BL$215,64,FALSE) -> 824669. LineStatEns probability points gap does not exceed threshold (no edge found)! StatOnlyEns probability points gap does not exceed threshold (no edge found)! No play due to strategy constraints.
A5: 824351 | B5: =VLOOKUP($A5,ScionOutput!$A$3:$BL$215,3,FALSE) -> 46179 | C5: =VLOOKUP($A5,ScionOutput!$A$3:$BL$215,22,FALSE) -> 8 | D5: =VLOOKUP($A5,ScionOutput!$A$3:$BL$215,23,FALSE) -> COL | E5: =VLOOKUP($A5,ScionOutput!$A$3:$BL$215,6,FALSE) -> 17 | F5: =VLOOKUP($A5,ScionOutput!$A$3:$BL$215,7,FALSE) -> MLW | G5: =VLOOKUP($A5,ScionOutput!$A$3:$BL$215,26,FALSE) -> 214 | H5: =VLOOKUP($A5,ScionOutput!$A$3:$BL$215,10,FALSE) -> -240 | I5: =VLOOKUP($A5,ScionOutput!$A$3:$BL$215,45,FALSE) -> VisFave | J5: =VLOOKUP($A5,ScionOutput!$A$3:$BL$215,46,FALSE) -> 0 | K5: =VLOOKUP($A5,ScionOutput!$A$3:$BL$215,58,FALSE) -> No Play | L5: =VLOOKUP($A5,ScionOutput!$A$3:$BL$215,59,FALSE) -> 0 | M5: =VLOOKUP($A5,ScionOutput!$A$3:$BL$215,62,FALSE) -> 0 | N5: =VLOOKUP($A5,ScionOutput!$A$3:$BL$215,63,FALSE) -> 0 | O5: =ISNUMBER(SEARCH("Play determined by LineStatEns and StatOnlyEns agreement", AA5)) -> FALSE | P5: =VLOOKUP($A5,Outcomes!$B$3:$I$209,8,FALSE) -> 8 | Q5: =IF(R5>S5,1,IF(R5<S5,-1,0)) -> -1 | R5: =VLOOKUP($A5,Outcomes!$B$3:$I$209,5,FALSE) -> 1 | S5: =VLOOKUP($A5,Outcomes!$B$3:$I$209,6,FALSE) -> 7 | T5: =VLOOKUP($A5,Outcomes!$B$3:$I$209,7,FALSE) -> 6 | U5: =IF(T5=0,"Push",IF(G5<H5,IF(T5<0,"HomFave","VisDog"),IF(T5>0,"VisFave","HomDog"))) -> VisFave | V5: =IF(OR(T5=0,I5="No Play",J5<>1),"",IF(U5=I5,1,0)) | W5: =IF(V5="","",IF(G5<H5,IF(K5="HomFave",ABS(G5),IF(H5<0,ABS(H5),100)),IF(K5="VisFave",ABS(H5),IF(G5<0,ABS(G5),100)))) | X5: =IF(V5="","",IF(V5=0,0,IF(G5<H5,IF(K5="HomFave",W5+100,IF(H5<0,100+W5,W5+ABS(H5))),IF(K5="VisFave",W5+100,IF(G5<0,100+W5,W5+ABS(G5)))))) | Y5: =IF(V5="","",X5-W5) | Z5: =IF(V5="","",Y5/W5) | AA5: =VLOOKUP($A5,ScionOutput!$A$3:$BL$215,64,FALSE) -> 824351. LineStatEns is NoPlay as bookie-line outside range. StatOnlyEns is NoPlay as bookie-line outside range. No play due to strategy constraints.
A6: 824269 | B6: =VLOOKUP($A6,ScionOutput!$A$3:$BL$215,3,FALSE) -> 46179 | C6: =VLOOKUP($A6,ScionOutput!$A$3:$BL$215,22,FALSE) -> 10 | D6: =VLOOKUP($A6,ScionOutput!$A$3:$BL$215,23,FALSE) -> DET | E6: =VLOOKUP($A6,ScionOutput!$A$3:$BL$215,6,FALSE) -> 24 | F6: =VLOOKUP($A6,ScionOutput!$A$3:$BL$215,7,FALSE) -> SEA | G6: =VLOOKUP($A6,ScionOutput!$A$3:$BL$215,26,FALSE) -> 116 | H6: =VLOOKUP($A6,ScionOutput!$A$3:$BL$215,10,FALSE) -> -128 | I6: =VLOOKUP($A6,ScionOutput!$A$3:$BL$215,45,FALSE) -> VisFave | J6: =VLOOKUP($A6,ScionOutput!$A$3:$BL$215,46,FALSE) -> 0 | K6: =VLOOKUP($A6,ScionOutput!$A$3:$BL$215,58,FALSE) -> No Play | L6: =VLOOKUP($A6,ScionOutput!$A$3:$BL$215,59,FALSE) -> 0 | M6: =VLOOKUP($A6,ScionOutput!$A$3:$BL$215,62,FALSE) -> 0 | N6: =VLOOKUP($A6,ScionOutput!$A$3:$BL$215,63,FALSE) -> 0 | O6: =ISNUMBER(SEARCH("Play determined by LineStatEns and StatOnlyEns agreement", AA6)) -> FALSE | P6: =VLOOKUP($A6,Outcomes!$B$3:$I$209,8,FALSE) -> 4 | Q6: =IF(R6>S6,1,IF(R6<S6,-1,0)) -> -1 | R6: =VLOOKUP($A6,Outcomes!$B$3:$I$209,5,FALSE) -> 0 | S6: =VLOOKUP($A6,Outcomes!$B$3:$I$209,6,FALSE) -> 4 | T6: =VLOOKUP($A6,Outcomes!$B$3:$I$209,7,FALSE) -> 4 | U6: =IF(T6=0,"Push",IF(G6<H6,IF(T6<0,"HomFave","VisDog"),IF(T6>0,"VisFave","HomDog"))) -> VisFave | V6: =IF(OR(T6=0,I6="No Play",J6<>1),"",IF(U6=I6,1,0)) | W6: =IF(V6="","",IF(G6<H6,IF(K6="HomFave",ABS(G6),IF(H6<0,ABS(H6),100)),IF(K6="VisFave",ABS(H6),IF(G6<0,ABS(G6),100)))) | X6: =IF(V6="","",IF(V6=0,0,IF(G6<H6,IF(K6="HomFave",W6+100,IF(H6<0,100+W6,W6+ABS(H6))),IF(K6="VisFave",W6+100,IF(G6<0,100+W6,W6+ABS(G6)))))) | Y6: =IF(V6="","",X6-W6) | Z6: =IF(V6="","",Y6/W6) | AA6: =VLOOKUP($A6,ScionOutput!$A$3:$BL$215,64,FALSE) -> 824269. VF plays are disallowed. No play due to strategy constraints.
A7: 823859 | B7: =VLOOKUP($A7,ScionOutput!$A$3:$BL$215,3,FALSE) -> 46179 | C7: =VLOOKUP($A7,ScionOutput!$A$3:$BL$215,22,FALSE) -> 11 | D7: =VLOOKUP($A7,ScionOutput!$A$3:$BL$215,23,FALSE) -> FLO | E7: =VLOOKUP($A7,ScionOutput!$A$3:$BL$215,6,FALSE) -> 27 | F7: =VLOOKUP($A7,ScionOutput!$A$3:$BL$215,7,FALSE) -> TB | G7: =VLOOKUP($A7,ScionOutput!$A$3:$BL$215,26,FALSE) -> 117 | H7: =VLOOKUP($A7,ScionOutput!$A$3:$BL$215,10,FALSE) -> -129 | I7: =VLOOKUP($A7,ScionOutput!$A$3:$BL$215,45,FALSE) -> VisFave | J7: =VLOOKUP($A7,ScionOutput!$A$3:$BL$215,46,FALSE) -> 0 | K7: =VLOOKUP($A7,ScionOutput!$A$3:$BL$215,58,FALSE) -> No Play | L7: =VLOOKUP($A7,ScionOutput!$A$3:$BL$215,59,FALSE) -> 0 | M7: =VLOOKUP($A7,ScionOutput!$A$3:$BL$215,62,FALSE) -> 0 | N7: =VLOOKUP($A7,ScionOutput!$A$3:$BL$215,63,FALSE) -> 0 | O7: =ISNUMBER(SEARCH("Play determined by LineStatEns and StatOnlyEns agreement", AA7)) -> FALSE | P7: =VLOOKUP($A7,Outcomes!$B$3:$I$209,8,FALSE) -> 7 | Q7: =IF(R7>S7,1,IF(R7<S7,-1,0)) -> 1 | R7: =VLOOKUP($A7,Outcomes!$B$3:$I$209,5,FALSE) -> 4 | S7: =VLOOKUP($A7,Outcomes!$B$3:$I$209,6,FALSE) -> 3 | T7: =VLOOKUP($A7,Outcomes!$B$3:$I$209,7,FALSE) -> -1 | U7: =IF(T7=0,"Push",IF(G7<H7,IF(T7<0,"HomFave","VisDog"),IF(T7>0,"VisFave","HomDog"))) -> HomDog | V7: =IF(OR(T7=0,I7="No Play",J7<>1),"",IF(U7=I7,1,0)) | W7: =IF(V7="","",IF(G7<H7,IF(K7="HomFave",ABS(G7),IF(H7<0,ABS(H7),100)),IF(K7="VisFave",ABS(H7),IF(G7<0,ABS(G7),100)))) | X7: =IF(V7="","",IF(V7=0,0,IF(G7<H7,IF(K7="HomFave",W7+100,IF(H7<0,100+W7,W7+ABS(H7))),IF(K7="VisFave",W7+100,IF(G7<0,100+W7,W7+ABS(G7)))))) | Y7: =IF(V7="","",X7-W7) | Z7: =IF(V7="","",Y7/W7) | AA7: =VLOOKUP($A7,ScionOutput!$A$3:$BL$215,64,FALSE) -> 823859. VF plays are disallowed. No play due to strategy constraints.
A8: 824184 | B8: =VLOOKUP($A8,ScionOutput!$A$3:$BL$215,3,FALSE) -> 46179 | C8: =VLOOKUP($A8,ScionOutput!$A$3:$BL$215,22,FALSE) -> 12 | D8: =VLOOKUP($A8,ScionOutput!$A$3:$BL$215,23,FALSE) -> HOU | E8: =VLOOKUP($A8,ScionOutput!$A$3:$BL$215,6,FALSE) -> 20 | F8: =VLOOKUP($A8,ScionOutput!$A$3:$BL$215,7,FALSE) -> OAK | G8: =VLOOKUP($A8,ScionOutput!$A$3:$BL$215,26,FALSE) -> -107 | H8: =VLOOKUP($A8,ScionOutput!$A$3:$BL$215,10,FALSE) -> -103 | I8: =VLOOKUP($A8,ScionOutput!$A$3:$BL$215,45,FALSE) -> VisDog | J8: =VLOOKUP($A8,ScionOutput!$A$3:$BL$215,46,FALSE) -> 0 | K8: =VLOOKUP($A8,ScionOutput!$A$3:$BL$215,58,FALSE) -> No Play | L8: =VLOOKUP($A8,ScionOutput!$A$3:$BL$215,59,FALSE) -> 0 | M8: =VLOOKUP($A8,ScionOutput!$A$3:$BL$215,62,FALSE) -> 0 | N8: =VLOOKUP($A8,ScionOutput!$A$3:$BL$215,63,FALSE) -> 0 | O8: =ISNUMBER(SEARCH("Play determined by LineStatEns and StatOnlyEns agreement", AA8)) -> FALSE | P8: =VLOOKUP($A8,Outcomes!$B$3:$I$209,8,FALSE) -> 15 | Q8: =IF(R8>S8,1,IF(R8<S8,-1,0)) -> 1 | R8: =VLOOKUP($A8,Outcomes!$B$3:$I$209,5,FALSE) -> 13 | S8: =VLOOKUP($A8,Outcomes!$B$3:$I$209,6,FALSE) -> 2 | T8: =VLOOKUP($A8,Outcomes!$B$3:$I$209,7,FALSE) -> -11 | U8: =IF(T8=0,"Push",IF(G8<H8,IF(T8<0,"HomFave","VisDog"),IF(T8>0,"VisFave","HomDog"))) -> HomFave | V8: =IF(OR(T8=0,I8="No Play",J8<>1),"",IF(U8=I8,1,0)) | W8: =IF(V8="","",IF(G8<H8,IF(K8="HomFave",ABS(G8),IF(H8<0,ABS(H8),100)),IF(K8="VisFave",ABS(H8),IF(G8<0,ABS(G8),100)))) | X8: =IF(V8="","",IF(V8=0,0,IF(G8<H8,IF(K8="HomFave",W8+100,IF(H8<0,100+W8,W8+ABS(H8))),IF(K8="VisFave",W8+100,IF(G8<0,100+W8,W8+ABS(G8)))))) | Y8: =IF(V8="","",X8-W8) | Z8: =IF(V8="","",Y8/W8) | AA8: =VLOOKUP($A8,ScionOutput!$A$3:$BL$215,64,FALSE) -> 824184. V_SP is Null, team-based avg used. NoPlay as V_SP is Null.
A9: 823942 | B9: =VLOOKUP($A9,ScionOutput!$A$3:$BL$215,3,FALSE) -> 46179 | C9: =VLOOKUP($A9,ScionOutput!$A$3:$BL$215,22,FALSE) -> 14 | D9: =VLOOKUP($A9,ScionOutput!$A$3:$BL$215,23,FALSE) -> LA | E9: =VLOOKUP($A9,ScionOutput!$A$3:$BL$215,6,FALSE) -> 4 | F9: =VLOOKUP($A9,ScionOutput!$A$3:$BL$215,7,FALSE) -> LAA | G9: =VLOOKUP($A9,ScionOutput!$A$3:$BL$215,26,FALSE) -> -312 | H9: =VLOOKUP($A9,ScionOutput!$A$3:$BL$215,10,FALSE) -> 275 | I9: =VLOOKUP($A9,ScionOutput!$A$3:$BL$215,45,FALSE) -> HomFave | J9: =VLOOKUP($A9,ScionOutput!$A$3:$BL$215,46,FALSE) -> 0 | K9: =VLOOKUP($A9,ScionOutput!$A$3:$BL$215,58,FALSE) -> No Play | L9: =VLOOKUP($A9,ScionOutput!$A$3:$BL$215,59,FALSE) -> 0 | M9: =VLOOKUP($A9,ScionOutput!$A$3:$BL$215,62,FALSE) -> 0 | N9: =VLOOKUP($A9,ScionOutput!$A$3:$BL$215,63,FALSE) -> 0 | O9: =ISNUMBER(SEARCH("Play determined by LineStatEns and StatOnlyEns agreement", AA9)) -> FALSE | P9: =VLOOKUP($A9,Outcomes!$B$3:$I$209,8,FALSE) -> 11 | Q9: =IF(R9>S9,1,IF(R9<S9,-1,0)) -> 1 | R9: =VLOOKUP($A9,Outcomes!$B$3:$I$209,5,FALSE) -> 9 | S9: =VLOOKUP($A9,Outcomes!$B$3:$I$209,6,FALSE) -> 2 | T9: =VLOOKUP($A9,Outcomes!$B$3:$I$209,7,FALSE) -> -7 | U9: =IF(T9=0,"Push",IF(G9<H9,IF(T9<0,"HomFave","VisDog"),IF(T9>0,"VisFave","HomDog"))) -> HomFave | V9: =IF(OR(T9=0,I9="No Play",J9<>1),"",IF(U9=I9,1,0)) | W9: =IF(V9="","",IF(G9<H9,IF(K9="HomFave",ABS(G9),IF(H9<0,ABS(H9),100)),IF(K9="VisFave",ABS(H9),IF(G9<0,ABS(G9),100)))) | X9: =IF(V9="","",IF(V9=0,0,IF(G9<H9,IF(K9="HomFave",W9+100,IF(H9<0,100+W9,W9+ABS(H9))),IF(K9="VisFave",W9+100,IF(G9<0,100+W9,W9+ABS(G9)))))) | Y9: =IF(V9="","",X9-W9) | Z9: =IF(V9="","",Y9/W9) | AA9: =VLOOKUP($A9,ScionOutput!$A$3:$BL$215,64,FALSE) -> 823942. LineStatEns is NoPlay as bookie-line outside range. StatOnlyEns is NoPlay as bookie-line outside range. No play due to strategy constraints.
A10: 823697 | B10: =VLOOKUP($A10,ScionOutput!$A$3:$BL$215,3,FALSE) -> 46179 | C10: =VLOOKUP($A10,ScionOutput!$A$3:$BL$215,22,FALSE) -> 15 | D10: =VLOOKUP($A10,ScionOutput!$A$3:$BL$215,23,FALSE) -> MIN | E10: =VLOOKUP($A10,ScionOutput!$A$3:$BL$215,6,FALSE) -> 13 | F10: =VLOOKUP($A10,ScionOutput!$A$3:$BL$215,7,FALSE) -> KC | G10: =VLOOKUP($A10,ScionOutput!$A$3:$BL$215,26,FALSE) -> -145 | H10: =VLOOKUP($A10,ScionOutput!$A$3:$BL$215,10,FALSE) -> 131 | I10: =VLOOKUP($A10,ScionOutput!$A$3:$BL$215,45,FALSE) -> HomFave | J10: =VLOOKUP($A10,ScionOutput!$A$3:$BL$215,46,FALSE) -> 0 | K10: =VLOOKUP($A10,ScionOutput!$A$3:$BL$215,58,FALSE) -> No Play | L10: =VLOOKUP($A10,ScionOutput!$A$3:$BL$215,59,FALSE) -> 0 | M10: =VLOOKUP($A10,ScionOutput!$A$3:$BL$215,62,FALSE) -> 0 | N10: =VLOOKUP($A10,ScionOutput!$A$3:$BL$215,63,FALSE) -> 0 | O10: =ISNUMBER(SEARCH("Play determined by LineStatEns and StatOnlyEns agreement", AA10)) -> FALSE | P10: =VLOOKUP($A10,Outcomes!$B$3:$I$209,8,FALSE) -> 5 | Q10: =IF(R10>S10,1,IF(R10<S10,-1,0)) -> -1 | R10: =VLOOKUP($A10,Outcomes!$B$3:$I$209,5,FALSE) -> 2 | S10: =VLOOKUP($A10,Outcomes!$B$3:$I$209,6,FALSE) -> 3 | T10: =VLOOKUP($A10,Outcomes!$B$3:$I$209,7,FALSE) -> 1 | U10: =IF(T10=0,"Push",IF(G10<H10,IF(T10<0,"HomFave","VisDog"),IF(T10>0,"VisFave","HomDog"))) -> VisDog | V10: =IF(OR(T10=0,I10="No Play",J10<>1),"",IF(U10=I10,1,0)) | W10: =IF(V10="","",IF(G10<H10,IF(K10="HomFave",ABS(G10),IF(H10<0,ABS(H10),100)),IF(K10="VisFave",ABS(H10),IF(G10<0,ABS(G10),100)))) | X10: =IF(V10="","",IF(V10=0,0,IF(G10<H10,IF(K10="HomFave",W10+100,IF(H10<0,100+W10,W10+ABS(H10))),IF(K10="VisFave",W10+100,IF(G10<0,100+W10,W10+ABS(G10)))))) | Y10: =IF(V10="","",X10-W10) | Z10: =IF(V10="","",Y10/W10) | AA10: =VLOOKUP($A10,ScionOutput!$A$3:$BL$215,64,FALSE) -> 823697. LineStatEns probability points gap does not exceed threshold (no edge found)! StatOnlyEns probability points gap does not exceed threshold (no edge found)! No play due to strategy constraints.
A11: 823454 | B11: =VLOOKUP($A11,ScionOutput!$A$3:$BL$215,3,FALSE) -> 46179 | C11: =VLOOKUP($A11,ScionOutput!$A$3:$BL$215,22,FALSE) -> 21 | D11: =VLOOKUP($A11,ScionOutput!$A$3:$BL$215,23,FALSE) -> PHI | E11: =VLOOKUP($A11,ScionOutput!$A$3:$BL$215,6,FALSE) -> 9 | F11: =VLOOKUP($A11,ScionOutput!$A$3:$BL$215,7,FALSE) -> CWS | G11: =VLOOKUP($A11,ScionOutput!$A$3:$BL$215,26,FALSE) -> -123 | H11: =VLOOKUP($A11,ScionOutput!$A$3:$BL$215,10,FALSE) -> 112 | I11: =VLOOKUP($A11,ScionOutput!$A$3:$BL$215,45,FALSE) -> HomFave | J11: =VLOOKUP($A11,ScionOutput!$A$3:$BL$215,46,FALSE) -> 0 | K11: =VLOOKUP($A11,ScionOutput!$A$3:$BL$215,58,FALSE) -> No Play | L11: =VLOOKUP($A11,ScionOutput!$A$3:$BL$215,59,FALSE) -> 0 | M11: =VLOOKUP($A11,ScionOutput!$A$3:$BL$215,62,FALSE) -> 0 | N11: =VLOOKUP($A11,ScionOutput!$A$3:$BL$215,63,FALSE) -> 0 | O11: =ISNUMBER(SEARCH("Play determined by LineStatEns and StatOnlyEns agreement", AA11)) -> FALSE | P11: =VLOOKUP($A11,Outcomes!$B$3:$I$209,8,FALSE) -> 9 | Q11: =IF(R11>S11,1,IF(R11<S11,-1,0)) -> -1 | R11: =VLOOKUP($A11,Outcomes!$B$3:$I$209,5,FALSE) -> 3 | S11: =VLOOKUP($A11,Outcomes!$B$3:$I$209,6,FALSE) -> 6 | T11: =VLOOKUP($A11,Outcomes!$B$3:$I$209,7,FALSE) -> 3 | U11: =IF(T11=0,"Push",IF(G11<H11,IF(T11<0,"HomFave","VisDog"),IF(T11>0,"VisFave","HomDog"))) -> VisDog | V11: =IF(OR(T11=0,I11="No Play",J11<>1),"",IF(U11=I11,1,0)) | W11: =IF(V11="","",IF(G11<H11,IF(K11="HomFave",ABS(G11),IF(H11<0,ABS(H11),100)),IF(K11="VisFave",ABS(H11),IF(G11<0,ABS(G11),100)))) | X11: =IF(V11="","",IF(V11=0,0,IF(G11<H11,IF(K11="HomFave",W11+100,IF(H11<0,100+W11,W11+ABS(H11))),IF(K11="VisFave",W11+100,IF(G11<0,100+W11,W11+ABS(G11)))))) | Y11: =IF(V11="","",X11-W11) | Z11: =IF(V11="","",Y11/W11) | AA11: =VLOOKUP($A11,ScionOutput!$A$3:$BL$215,64,FALSE) -> 823454. LineStatEns probability points gap does not exceed threshold (no edge found)! No play due to strategy constraints.
A12: 823292 | B12: =VLOOKUP($A12,ScionOutput!$A$3:$BL$215,3,FALSE) -> 46179 | C12: =VLOOKUP($A12,ScionOutput!$A$3:$BL$215,22,FALSE) -> 23 | D12: =VLOOKUP($A12,ScionOutput!$A$3:$BL$215,23,FALSE) -> SD | E12: =VLOOKUP($A12,ScionOutput!$A$3:$BL$215,6,FALSE) -> 18 | F12: =VLOOKUP($A12,ScionOutput!$A$3:$BL$215,7,FALSE) -> NYM | G12: =VLOOKUP($A12,ScionOutput!$A$3:$BL$215,26,FALSE) -> 104 | H12: =VLOOKUP($A12,ScionOutput!$A$3:$BL$215,10,FALSE) -> -115 | I12: =VLOOKUP($A12,ScionOutput!$A$3:$BL$215,45,FALSE) -> VisFave | J12: =VLOOKUP($A12,ScionOutput!$A$3:$BL$215,46,FALSE) -> 0 | K12: =VLOOKUP($A12,ScionOutput!$A$3:$BL$215,58,FALSE) -> No Play | L12: =VLOOKUP($A12,ScionOutput!$A$3:$BL$215,59,FALSE) -> 0 | M12: =VLOOKUP($A12,ScionOutput!$A$3:$BL$215,62,FALSE) -> 0 | N12: =VLOOKUP($A12,ScionOutput!$A$3:$BL$215,63,FALSE) -> 0 | O12: =ISNUMBER(SEARCH("Play determined by LineStatEns and StatOnlyEns agreement", AA12)) -> FALSE | P12: =VLOOKUP($A12,Outcomes!$B$3:$I$209,8,FALSE) -> 5 | Q12: =IF(R12>S12,1,IF(R12<S12,-1,0)) -> 1 | R12: =VLOOKUP($A12,Outcomes!$B$3:$I$209,5,FALSE) -> 3 | S12: =VLOOKUP($A12,Outcomes!$B$3:$I$209,6,FALSE) -> 2 | T12: =VLOOKUP($A12,Outcomes!$B$3:$I$209,7,FALSE) -> -1 | U12: =IF(T12=0,"Push",IF(G12<H12,IF(T12<0,"HomFave","VisDog"),IF(T12>0,"VisFave","HomDog"))) -> HomDog | V12: =IF(OR(T12=0,I12="No Play",J12<>1),"",IF(U12=I12,1,0)) | W12: =IF(V12="","",IF(G12<H12,IF(K12="HomFave",ABS(G12),IF(H12<0,ABS(H12),100)),IF(K12="VisFave",ABS(H12),IF(G12<0,ABS(G12),100)))) | X12: =IF(V12="","",IF(V12=0,0,IF(G12<H12,IF(K12="HomFave",W12+100,IF(H12<0,100+W12,W12+ABS(H12))),IF(K12="VisFave",W12+100,IF(G12<0,100+W12,W12+ABS(G12)))))) | Y12: =IF(V12="","",X12-W12) | Z12: =IF(V12="","",Y12/W12) | AA12: =VLOOKUP($A12,ScionOutput!$A$3:$BL$215,64,FALSE) -> 823292. VF plays are disallowed. No play due to strategy constraints.
A13: 823048 | B13: =VLOOKUP($A13,ScionOutput!$A$3:$BL$215,3,FALSE) -> 46179 | C13: =VLOOKUP($A13,ScionOutput!$A$3:$BL$215,22,FALSE) -> 26 | D13: =VLOOKUP($A13,ScionOutput!$A$3:$BL$215,23,FALSE) -> STL | E13: =VLOOKUP($A13,ScionOutput!$A$3:$BL$215,6,FALSE) -> 6 | F13: =VLOOKUP($A13,ScionOutput!$A$3:$BL$215,7,FALSE) -> CIN | G13: =VLOOKUP($A13,ScionOutput!$A$3:$BL$215,26,FALSE) -> -125 | H13: =VLOOKUP($A13,ScionOutput!$A$3:$BL$215,10,FALSE) -> 113 | I13: =VLOOKUP($A13,ScionOutput!$A$3:$BL$215,45,FALSE) -> HomFave | J13: =VLOOKUP($A13,ScionOutput!$A$3:$BL$215,46,FALSE) -> 0 | K13: =VLOOKUP($A13,ScionOutput!$A$3:$BL$215,58,FALSE) -> No Play | L13: =VLOOKUP($A13,ScionOutput!$A$3:$BL$215,59,FALSE) -> 0 | M13: =VLOOKUP($A13,ScionOutput!$A$3:$BL$215,62,FALSE) -> 0 | N13: =VLOOKUP($A13,ScionOutput!$A$3:$BL$215,63,FALSE) -> 0 | O13: =ISNUMBER(SEARCH("Play determined by LineStatEns and StatOnlyEns agreement", AA13)) -> FALSE | P13: =VLOOKUP($A13,Outcomes!$B$3:$I$209,8,FALSE) -> 11 | Q13: =IF(R13>S13,1,IF(R13<S13,-1,0)) -> 1 | R13: =VLOOKUP($A13,Outcomes!$B$3:$I$209,5,FALSE) -> 6 | S13: =VLOOKUP($A13,Outcomes!$B$3:$I$209,6,FALSE) -> 5 | T13: =VLOOKUP($A13,Outcomes!$B$3:$I$209,7,FALSE) -> -1 | U13: =IF(T13=0,"Push",IF(G13<H13,IF(T13<0,"HomFave","VisDog"),IF(T13>0,"VisFave","HomDog"))) -> HomFave | V13: =IF(OR(T13=0,I13="No Play",J13<>1),"",IF(U13=I13,1,0)) | W13: =IF(V13="","",IF(G13<H13,IF(K13="HomFave",ABS(G13),IF(H13<0,ABS(H13),100)),IF(K13="VisFave",ABS(H13),IF(G13<0,ABS(G13),100)))) | X13: =IF(V13="","",IF(V13=0,0,IF(G13<H13,IF(K13="HomFave",W13+100,IF(H13<0,100+W13,W13+ABS(H13))),IF(K13="VisFave",W13+100,IF(G13<0,100+W13,W13+ABS(G13)))))) | Y13: =IF(V13="","",X13-W13) | Z13: =IF(V13="","",Y13/W13) | AA13: =VLOOKUP($A13,ScionOutput!$A$3:$BL$215,64,FALSE) -> 823048. LineStatEns probability points gap does not exceed threshold (no edge found)! StatOnlyEns probability points gap does not exceed threshold (no edge found)! No play due to strategy constraints.
... A209: 822883 | B209: =VLOOKUP($A209,ScionOutput!$A$3:$BL$215,3,FALSE) -> 46194 | C209: =VLOOKUP($A209,ScionOutput!$A$3:$BL$215,22,FALSE) -> 28 | D209: =VLOOKUP($A209,ScionOutput!$A$3:$BL$215,23,FALSE) -> TEX | E209: =VLOOKUP($A209,ScionOutput!$A$3:$BL$215,6,FALSE) -> 23 | F209: =VLOOKUP($A209,ScionOutput!$A$3:$BL$215,7,FALSE) -> SD | G209: =VLOOKUP($A209,ScionOutput!$A$3:$BL$215,26,FALSE) -> -160 | H209: =VLOOKUP($A209,ScionOutput!$A$3:$BL$215,10,FALSE) -> 147 | I209: =VLOOKUP($A209,ScionOutput!$A$3:$BL$215,45,FALSE) -> HomFave | J209: =VLOOKUP($A209,ScionOutput!$A$3:$BL$215,46,FALSE) -> 0 | K209: =VLOOKUP($A209,ScionOutput!$A$3:$BL$215,58,FALSE) -> No Play | L209: =VLOOKUP($A209,ScionOutput!$A$3:$BL$215,59,FALSE) -> 0 | M209: =VLOOKUP($A209,ScionOutput!$A$3:$BL$215,62,FALSE) -> 0 | N209: =VLOOKUP($A209,ScionOutput!$A$3:$BL$215,63,FALSE) -> 0 | O209: =ISNUMBER(SEARCH("Play determined by LineStatEns and StatOnlyEns agreement", AA209)) -> FALSE | P209: =VLOOKUP($A209,Outcomes!$B$3:$I$209,8,FALSE) -> 7 | Q209: =IF(R209>S209,1,IF(R209<S209,-1,0)) -> 1 | R209: =VLOOKUP($A209,Outcomes!$B$3:$I$209,5,FALSE) -> 4 | S209: =VLOOKUP($A209,Outcomes!$B$3:$I$209,6,FALSE) -> 3 | T209: =VLOOKUP($A209,Outcomes!$B$3:$I$209,7,FALSE) -> -1 | U209: =IF(T209=0,"Push",IF(G209<H209,IF(T209<0,"HomFave","VisDog"),IF(T209>0,"VisFave","HomDog"))) -> HomFave | V209: =IF(OR(T209=0,I209="No Play",J209<>1),"",IF(U209=I209,1,0)) | W209: =IF(V209="","",IF(G209<H209,IF(K209="HomFave",ABS(G209),IF(H209<0,ABS(H209),100)),IF(K209="VisFave",ABS(H209),IF(G209<0,ABS(G209),100)))) | X209: =IF(V209="","",IF(V209=0,0,IF(G209<H209,IF(K209="HomFave",W209+100,IF(H209<0,100+W209,W209+ABS(H209))),IF(K209="VisFave",W209+100,IF(G209<0,100+W209,W209+ABS(G209)))))) | Y209: =IF(V209="","",X209-W209) | Z209: =IF(V209="","",Y209/W209) | AA209: =VLOOKUP($A209,ScionOutput!$A$3:$BL$215,64,FALSE) -> 822883. LineStatEns is NoPlay as bookie-line outside range. StatOnlyEns is NoPlay as bookie-line outside range. No play due to strategy constraints.
D210: x | F210: x | G210: x | H210: x | I210: x | J210: x | K210: x | L210: x | M210: x | N210: x | O210: x | V210: x | W210: =SUM(W2:W209) -> 3606 | X210: =SUM(X2:X209) -> 3100 | Y210: =SUM(Y2:Y209) -> -506 | Z210: =IF(V210="","",Y210/W210) -> -0.14032169 | AA210: x
U211: #Games | V211: =COUNT(T2:T209) -> 208
U212: #Plays | V212: =COUNT(V2:V209) -> 34
U213: %Games | V213: =V212/V211 -> 0.16346154
U214: #Win | V214: =SUM(V2:V209) -> 15
U215: %WinRate | V215: =V214/V212 -> 0.44117647
U216: invest | V216: =W210 -> 3606
U217: return | V217: =X210 -> 3100
U218: profit | V218: =Y210 -> -506
U219: %ROI | V219: =IF(V216=0,0,V218/V216) -> -0.14032169
T221: HF | U221: plays | V221: =COUNTIFS($K$2:$K$209,"HomFave",$V$2:$V$209,"1")+COUNTIFS($K$2:$K$209,"HomFave",$V$2:$V$209,"0") -> 14 | X221: VD | Y221: plays | Z221: =COUNTIFS($K$2:$K$209,"VisDog",$V$2:$V$209,"1")+COUNTIFS($K$2:$K$209,"VisDog",$V$2:$V$209,"0") -> 16
U222: wins | V222: =COUNTIFS($K$2:$K$209,"HomFave",$V$2:$V$209,"1") -> 7 | Y222: wins | Z222: =COUNTIFS($K$2:$K$209,"VisDog",$V$2:$V$209,"1") -> 7
U223: %WR | V223: =IF(V221=0,0,V222/V221) -> 0.5 | Y223: %WR | Z223: =IF(Z221=0,0,Z222/Z221) -> 0.4375
U224: invest | V224: =SUMIFS($W$2:$W$209,$K$2:$K$209,"HomFave") -> 1593 | Y224: invest | Z224: =SUMIFS($W$2:$W$209,$K$2:$K$209,"VisDog") -> 1610
U225: return | V225: =SUMIFS($X$2:$X$209,$K$2:$K$209,"HomFave") -> 1467 | Y225: return | Z225: =SUMIFS($X$2:$X$209,$K$2:$K$209,"VisDog") -> 1431
U226: profit | V226: =V225-V224 -> -126 | Y226: profit | Z226: =Z225-Z224 -> -179
U227: %ROI | V227: =IF(V224=0,0,V226/V224) -> -0.079096045 | Y227: %ROI | Z227: =IF(Z224=0,0,Z226/Z224) -> -0.11118012
T229: VF | U229: plays | V229: =COUNTIFS($K$2:$K$209,"VisFave",$V$2:$V$209,"1")+COUNTIFS($K$2:$K$209,"VisFave",$V$2:$V$209,"0") -> 0 | X229: HD | Y229: plays | Z229: =COUNTIFS($K$2:$K$209,"HomDog",$V$2:$V$209,"1")+COUNTIFS($K$2:$K$209,"HomDog",$V$2:$V$209,"0") -> 4
U230: wins | V230: =COUNTIFS($K$2:$K$209,"VisFave",$V$2:$V$209,"1") -> 0 | Y230: wins | Z230: =COUNTIFS($K$2:$K$209,"HomDog",$V$2:$V$209,"1") -> 1
U231: %WR | V231: =IF(V229=0,0,V230/V229) -> 0 | Y231: %WR | Z231: =IF(Z229=0,0,Z230/Z229) -> 0.25
U232: invest | V232: =SUMIFS($W$2:$W$209,$K$2:$K$209,"VisFave") -> 0 | Y232: invest | Z232: =SUMIFS($W$2:$W$209,$K$2:$K$209,"HomDog") -> 403
U233: return | V233: =SUMIFS($X$2:$X$209,$K$2:$K$209,"VisFave") -> 0 | Y233: return | Z233: =SUMIFS($X$2:$X$209,$K$2:$K$209,"HomDog") -> 202
U234: profit | V234: =V233-V232 -> 0 | Y234: profit | Z234: =Z233-Z232 -> -201
U235: %ROI | V235: =IF(V232=0,0,V234/V232) -> 0 | Y235: %ROI | Z235: =IF(Z232=0,0,Z234/Z232) -> -0.49875931

Sheet StatsOnly
A1: G_Id | B1: G_Date | C1: G_H_Id | D1: HNAME | E1: G_V_Id | F1: VNAME | G1: H_Bookie_Bet_Price | H1: V_Bookie_Bet_Price | I1: StatsOnlyPosition | J1: StatsOnlyPlay | K1: Scion_Side_Play_Position | L1: Scion_H_ProbabilityEdge | M1: Scion_Side_Stars | N1: Scion_Side_Play_Confidence | O1: PlayByAgreement | P1: G_Bookie_TotalOver | Q1: G_PH_Win | R1: G_H_Runs | S1: G_V_Runs | T1: G_Actual_Runs_Diff | U1: Winning_Position | V1: WinBet? | W1: Invest | X1: Return | Y1: Proft | Z1: %ROI | AA1: Comments
A2: 824915 | B2: =VLOOKUP($A2,ScionOutput!$A$3:$BL$215,3,FALSE) -> 46179 | C2: =VLOOKUP($A2,ScionOutput!$A$3:$BL$215,22,FALSE) -> 0 | D2: =VLOOKUP($A2,ScionOutput!$A$3:$BL$215,23,FALSE) -> ATL | E2: =VLOOKUP($A2,ScionOutput!$A$3:$BL$215,6,FALSE) -> 22 | F2: =VLOOKUP($A2,ScionOutput!$A$3:$BL$215,7,FALSE) -> PIT | G2: =VLOOKUP($A2,ScionOutput!$A$3:$BL$215,26,FALSE) -> -110 | H2: =VLOOKUP($A2,ScionOutput!$A$3:$BL$215,10,FALSE) -> 100 | I2: =VLOOKUP($A2,ScionOutput!$A$3:$BL$215,55,FALSE) -> HomFave | J2: =VLOOKUP($A2,ScionOutput!$A$3:$BL$215,56,FALSE) -> 1 | K2: =VLOOKUP($A2,ScionOutput!$A$3:$BL$215,58,FALSE) -> HomFave | L2: =VLOOKUP($A2,ScionOutput!$A$3:$BL$215,59,FALSE) -> 0.01837 | M2: =VLOOKUP($A2,ScionOutput!$A$3:$BL$215,62,FALSE) -> 1 | N2: =VLOOKUP($A2,ScionOutput!$A$3:$BL$215,63,FALSE) -> 0.93 | O2: =ISNUMBER(SEARCH("Play determined by LineStatEns and StatOnlyEns agreement", AA2)) -> TRUE | P2: =VLOOKUP($A2,Outcomes!$B$3:$I$209,8,FALSE) -> 9 | Q2: =IF(R2>S2,1,IF(R2<S2,-1,0)) -> 1 | R2: =VLOOKUP($A2,Outcomes!$B$3:$I$209,5,FALSE) -> 6 | S2: =VLOOKUP($A2,Outcomes!$B$3:$I$209,6,FALSE) -> 3 | T2: =VLOOKUP($A2,Outcomes!$B$3:$I$209,7,FALSE) -> -3 | U2: =IF(T2=0,"Push",IF(G2<H2,IF(T2<0,"HomFave","VisDog"),IF(T2>0,"VisFave","HomDog"))) -> HomFave | V2: =IF(OR(T2=0,I2="No Play",J2<>1),"",IF(U2=I2,1,0)) -> 1 | W2: =IF(V2="","",IF(G2<H2,IF(K2="HomFave",ABS(G2),IF(H2<0,ABS(H2),100)),IF(K2="VisFave",ABS(H2),IF(G2<0,ABS(G2),100)))) -> 110 | X2: =IF(V2="","",IF(V2=0,0,IF(G2<H2,IF(K2="HomFave",W2+100,IF(H2<0,100+W2,W2+ABS(H2))),IF(K2="VisFave",W2+100,IF(G2<0,100+W2,W2+ABS(G2)))))) -> 210 | Y2: =IF(V2="","",X2-W2) -> 100 | Z2: =IF(V2="","",Y2/W2) -> 0.90909091 | AA2: =VLOOKUP($A2,ScionOutput!$A$3:$BL$215,64,FALSE) -> 824915. Play determined by LineStatEns and StatOnlyEns agreement.
A3: 825075 | B3: =VLOOKUP($A3,ScionOutput!$A$3:$BL$215,3,FALSE) -> 46179 | C3: =VLOOKUP($A3,ScionOutput!$A$3:$BL$215,22,FALSE) -> 1 | D3: =VLOOKUP($A3,ScionOutput!$A$3:$BL$215,23,FALSE) -> ARZ | E3: =VLOOKUP($A3,ScionOutput!$A$3:$BL$215,6,FALSE) -> 16 | F3: =VLOOKUP($A3,ScionOutput!$A$3:$BL$215,7,FALSE) -> WAS | G3: =VLOOKUP($A3,ScionOutput!$A$3:$BL$215,26,FALSE) -> -155 | H3: =VLOOKUP($A3,ScionOutput!$A$3:$BL$215,10,FALSE) -> 140 | I3: =VLOOKUP($A3,ScionOutput!$A$3:$BL$215,55,FALSE) -> HomFave | J3: =VLOOKUP($A3,ScionOutput!$A$3:$BL$215,56,FALSE) -> 0 | K3: =VLOOKUP($A3,ScionOutput!$A$3:$BL$215,58,FALSE) -> No Play | L3: =VLOOKUP($A3,ScionOutput!$A$3:$BL$215,59,FALSE) -> 0 | M3: =VLOOKUP($A3,ScionOutput!$A$3:$BL$215,62,FALSE) -> 0 | N3: =VLOOKUP($A3,ScionOutput!$A$3:$BL$215,63,FALSE) -> 0 | O3: =ISNUMBER(SEARCH("Play determined by LineStatEns and StatOnlyEns agreement", AA3)) -> FALSE | P3: =VLOOKUP($A3,Outcomes!$B$3:$I$209,8,FALSE) -> 7 | Q3: =IF(R3>S3,1,IF(R3<S3,-1,0)) -> -1 | R3: =VLOOKUP($A3,Outcomes!$B$3:$I$209,5,FALSE) -> 1 | S3: =VLOOKUP($A3,Outcomes!$B$3:$I$209,6,FALSE) -> 6 | T3: =VLOOKUP($A3,Outcomes!$B$3:$I$209,7,FALSE) -> 5 | U3: =IF(T3=0,"Push",IF(G3<H3,IF(T3<0,"HomFave","VisDog"),IF(T3>0,"VisFave","HomDog"))) -> VisDog | V3: =IF(OR(T3=0,I3="No Play",J3<>1),"",IF(U3=I3,1,0)) | W3: =IF(V3="","",IF(G3<H3,IF(K3="HomFave",ABS(G3),IF(H3<0,ABS(H3),100)),IF(K3="VisFave",ABS(H3),IF(G3<0,ABS(G3),100)))) | X3: =IF(V3="","",IF(V3=0,0,IF(G3<H3,IF(K3="HomFave",W3+100,IF(H3<0,100+W3,W3+ABS(H3))),IF(K3="VisFave",W3+100,IF(G3<0,100+W3,W3+ABS(G3)))))) | Y3: =IF(V3="","",X3-W3) | Z3: =IF(V3="","",Y3/W3) | AA3: =VLOOKUP($A3,ScionOutput!$A$3:$BL$215,64,FALSE) -> 825075. LineStatEns is NoPlay as bookie-line outside range. StatOnlyEns is NoPlay as bookie-line outside range. No play due to strategy constraints.
A4: 824669 | B4: =VLOOKUP($A4,ScionOutput!$A$3:$BL$215,3,FALSE) -> 46179 | C4: =VLOOKUP($A4,ScionOutput!$A$3:$BL$215,22,FALSE) -> 5 | D4: =VLOOKUP($A4,ScionOutput!$A$3:$BL$215,23,FALSE) -> CHC | E4: =VLOOKUP($A4,ScionOutput!$A$3:$BL$215,6,FALSE) -> 25 | F4: =VLOOKUP($A4,ScionOutput!$A$3:$BL$215,7,FALSE) -> SF | G4: =VLOOKUP($A4,ScionOutput!$A$3:$BL$215,26,FALSE) -> -140 | H4: =VLOOKUP($A4,ScionOutput!$A$3:$BL$215,10,FALSE) -> 127 | I4: =VLOOKUP($A4,ScionOutput!$A$3:$BL$215,55,FALSE) -> HomFave | J4: =VLOOKUP($A4,ScionOutput!$A$3:$BL$215,56,FALSE) -> 0 | K4: =VLOOKUP($A4,ScionOutput!$A$3:$BL$215,58,FALSE) -> No Play | L4: =VLOOKUP($A4,ScionOutput!$A$3:$BL$215,59,FALSE) -> 0 | M4: =VLOOKUP($A4,ScionOutput!$A$3:$BL$215,62,FALSE) -> 0 | N4: =VLOOKUP($A4,ScionOutput!$A$3:$BL$215,63,FALSE) -> 0 | O4: =ISNUMBER(SEARCH("Play determined by LineStatEns and StatOnlyEns agreement", AA4)) -> FALSE | P4: =VLOOKUP($A4,Outcomes!$B$3:$I$209,8,FALSE) -> 5 | Q4: =IF(R4>S4,1,IF(R4<S4,-1,0)) -> 1 | R4: =VLOOKUP($A4,Outcomes!$B$3:$I$209,5,FALSE) -> 3 | S4: =VLOOKUP($A4,Outcomes!$B$3:$I$209,6,FALSE) -> 2 | T4: =VLOOKUP($A4,Outcomes!$B$3:$I$209,7,FALSE) -> -1 | U4: =IF(T4=0,"Push",IF(G4<H4,IF(T4<0,"HomFave","VisDog"),IF(T4>0,"VisFave","HomDog"))) -> HomFave | V4: =IF(OR(T4=0,I4="No Play",J4<>1),"",IF(U4=I4,1,0)) | W4: =IF(V4="","",IF(G4<H4,IF(K4="HomFave",ABS(G4),IF(H4<0,ABS(H4),100)),IF(K4="VisFave",ABS(H4),IF(G4<0,ABS(G4),100)))) | X4: =IF(V4="","",IF(V4=0,0,IF(G4<H4,IF(K4="HomFave",W4+100,IF(H4<0,100+W4,W4+ABS(H4))),IF(K4="VisFave",W4+100,IF(G4<0,100+W4,W4+ABS(G4)))))) | Y4: =IF(V4="","",X4-W4) | Z4: =IF(V4="","",Y4/W4) | AA4: =VLOOKUP($A4,ScionOutput!$A$3:$BL$215,64,FALSE) -> 824669. LineStatEns probability points gap does not exceed threshold (no edge found)! StatOnlyEns probability points gap does not exceed threshold (no edge found)! No play due to strategy constraints.
A5: 824351 | B5: =VLOOKUP($A5,ScionOutput!$A$3:$BL$215,3,FALSE) -> 46179 | C5: =VLOOKUP($A5,ScionOutput!$A$3:$BL$215,22,FALSE) -> 8 | D5: =VLOOKUP($A5,ScionOutput!$A$3:$BL$215,23,FALSE) -> COL | E5: =VLOOKUP($A5,ScionOutput!$A$3:$BL$215,6,FALSE) -> 17 | F5: =VLOOKUP($A5,ScionOutput!$A$3:$BL$215,7,FALSE) -> MLW | G5: =VLOOKUP($A5,ScionOutput!$A$3:$BL$215,26,FALSE) -> 214 | H5: =VLOOKUP($A5,ScionOutput!$A$3:$BL$215,10,FALSE) -> -240 | I5: =VLOOKUP($A5,ScionOutput!$A$3:$BL$215,55,FALSE) -> VisFave | J5: =VLOOKUP($A5,ScionOutput!$A$3:$BL$215,56,FALSE) -> 0 | K5: =VLOOKUP($A5,ScionOutput!$A$3:$BL$215,58,FALSE) -> No Play | L5: =VLOOKUP($A5,ScionOutput!$A$3:$BL$215,59,FALSE) -> 0 | M5: =VLOOKUP($A5,ScionOutput!$A$3:$BL$215,62,FALSE) -> 0 | N5: =VLOOKUP($A5,ScionOutput!$A$3:$BL$215,63,FALSE) -> 0 | O5: =ISNUMBER(SEARCH("Play determined by LineStatEns and StatOnlyEns agreement", AA5)) -> FALSE | P5: =VLOOKUP($A5,Outcomes!$B$3:$I$209,8,FALSE) -> 8 | Q5: =IF(R5>S5,1,IF(R5<S5,-1,0)) -> -1 | R5: =VLOOKUP($A5,Outcomes!$B$3:$I$209,5,FALSE) -> 1 | S5: =VLOOKUP($A5,Outcomes!$B$3:$I$209,6,FALSE) -> 7 | T5: =VLOOKUP($A5,Outcomes!$B$3:$I$209,7,FALSE) -> 6 | U5: =IF(T5=0,"Push",IF(G5<H5,IF(T5<0,"HomFave","VisDog"),IF(T5>0,"VisFave","HomDog"))) -> VisFave | V5: =IF(OR(T5=0,I5="No Play",J5<>1),"",IF(U5=I5,1,0)) | W5: =IF(V5="","",IF(G5<H5,IF(K5="HomFave",ABS(G5),IF(H5<0,ABS(H5),100)),IF(K5="VisFave",ABS(H5),IF(G5<0,ABS(G5),100)))) | X5: =IF(V5="","",IF(V5=0,0,IF(G5<H5,IF(K5="HomFave",W5+100,IF(H5<0,100+W5,W5+ABS(H5))),IF(K5="VisFave",W5+100,IF(G5<0,100+W5,W5+ABS(G5)))))) | Y5: =IF(V5="","",X5-W5) | Z5: =IF(V5="","",Y5/W5) | AA5: =VLOOKUP($A5,ScionOutput!$A$3:$BL$215,64,FALSE) -> 824351. LineStatEns is NoPlay as bookie-line outside range. StatOnlyEns is NoPlay as bookie-line outside range. No play due to strategy constraints.
A6: 824269 | B6: =VLOOKUP($A6,ScionOutput!$A$3:$BL$215,3,FALSE) -> 46179 | C6: =VLOOKUP($A6,ScionOutput!$A$3:$BL$215,22,FALSE) -> 10 | D6: =VLOOKUP($A6,ScionOutput!$A$3:$BL$215,23,FALSE) -> DET | E6: =VLOOKUP($A6,ScionOutput!$A$3:$BL$215,6,FALSE) -> 24 | F6: =VLOOKUP($A6,ScionOutput!$A$3:$BL$215,7,FALSE) -> SEA | G6: =VLOOKUP($A6,ScionOutput!$A$3:$BL$215,26,FALSE) -> 116 | H6: =VLOOKUP($A6,ScionOutput!$A$3:$BL$215,10,FALSE) -> -128 | I6: =VLOOKUP($A6,ScionOutput!$A$3:$BL$215,55,FALSE) -> VisFave | J6: =VLOOKUP($A6,ScionOutput!$A$3:$BL$215,56,FALSE) -> 0 | K6: =VLOOKUP($A6,ScionOutput!$A$3:$BL$215,58,FALSE) -> No Play | L6: =VLOOKUP($A6,ScionOutput!$A$3:$BL$215,59,FALSE) -> 0 | M6: =VLOOKUP($A6,ScionOutput!$A$3:$BL$215,62,FALSE) -> 0 | N6: =VLOOKUP($A6,ScionOutput!$A$3:$BL$215,63,FALSE) -> 0 | O6: =ISNUMBER(SEARCH("Play determined by LineStatEns and StatOnlyEns agreement", AA6)) -> FALSE | P6: =VLOOKUP($A6,Outcomes!$B$3:$I$209,8,FALSE) -> 4 | Q6: =IF(R6>S6,1,IF(R6<S6,-1,0)) -> -1 | R6: =VLOOKUP($A6,Outcomes!$B$3:$I$209,5,FALSE) -> 0 | S6: =VLOOKUP($A6,Outcomes!$B$3:$I$209,6,FALSE) -> 4 | T6: =VLOOKUP($A6,Outcomes!$B$3:$I$209,7,FALSE) -> 4 | U6: =IF(T6=0,"Push",IF(G6<H6,IF(T6<0,"HomFave","VisDog"),IF(T6>0,"VisFave","HomDog"))) -> VisFave | V6: =IF(OR(T6=0,I6="No Play",J6<>1),"",IF(U6=I6,1,0)) | W6: =IF(V6="","",IF(G6<H6,IF(K6="HomFave",ABS(G6),IF(H6<0,ABS(H6),100)),IF(K6="VisFave",ABS(H6),IF(G6<0,ABS(G6),100)))) | X6: =IF(V6="","",IF(V6=0,0,IF(G6<H6,IF(K6="HomFave",W6+100,IF(H6<0,100+W6,W6+ABS(H6))),IF(K6="VisFave",W6+100,IF(G6<0,100+W6,W6+ABS(G6)))))) | Y6: =IF(V6="","",X6-W6) | Z6: =IF(V6="","",Y6/W6) | AA6: =VLOOKUP($A6,ScionOutput!$A$3:$BL$215,64,FALSE) -> 824269. VF plays are disallowed. No play due to strategy constraints.
A7: 823859 | B7: =VLOOKUP($A7,ScionOutput!$A$3:$BL$215,3,FALSE) -> 46179 | C7: =VLOOKUP($A7,ScionOutput!$A$3:$BL$215,22,FALSE) -> 11 | D7: =VLOOKUP($A7,ScionOutput!$A$3:$BL$215,23,FALSE) -> FLO | E7: =VLOOKUP($A7,ScionOutput!$A$3:$BL$215,6,FALSE) -> 27 | F7: =VLOOKUP($A7,ScionOutput!$A$3:$BL$215,7,FALSE) -> TB | G7: =VLOOKUP($A7,ScionOutput!$A$3:$BL$215,26,FALSE) -> 117 | H7: =VLOOKUP($A7,ScionOutput!$A$3:$BL$215,10,FALSE) -> -129 | I7: =VLOOKUP($A7,ScionOutput!$A$3:$BL$215,55,FALSE) -> VisFave | J7: =VLOOKUP($A7,ScionOutput!$A$3:$BL$215,56,FALSE) -> 0 | K7: =VLOOKUP($A7,ScionOutput!$A$3:$BL$215,58,FALSE) -> No Play | L7: =VLOOKUP($A7,ScionOutput!$A$3:$BL$215,59,FALSE) -> 0 | M7: =VLOOKUP($A7,ScionOutput!$A$3:$BL$215,62,FALSE) -> 0 | N7: =VLOOKUP($A7,ScionOutput!$A$3:$BL$215,63,FALSE) -> 0 | O7: =ISNUMBER(SEARCH("Play determined by LineStatEns and StatOnlyEns agreement", AA7)) -> FALSE | P7: =VLOOKUP($A7,Outcomes!$B$3:$I$209,8,FALSE) -> 7 | Q7: =IF(R7>S7,1,IF(R7<S7,-1,0)) -> 1 | R7: =VLOOKUP($A7,Outcomes!$B$3:$I$209,5,FALSE) -> 4 | S7: =VLOOKUP($A7,Outcomes!$B$3:$I$209,6,FALSE) -> 3 | T7: =VLOOKUP($A7,Outcomes!$B$3:$I$209,7,FALSE) -> -1 | U7: =IF(T7=0,"Push",IF(G7<H7,IF(T7<0,"HomFave","VisDog"),IF(T7>0,"VisFave","HomDog"))) -> HomDog | V7: =IF(OR(T7=0,I7="No Play",J7<>1),"",IF(U7=I7,1,0)) | W7: =IF(V7="","",IF(G7<H7,IF(K7="HomFave",ABS(G7),IF(H7<0,ABS(H7),100)),IF(K7="VisFave",ABS(H7),IF(G7<0,ABS(G7),100)))) | X7: =IF(V7="","",IF(V7=0,0,IF(G7<H7,IF(K7="HomFave",W7+100,IF(H7<0,100+W7,W7+ABS(H7))),IF(K7="VisFave",W7+100,IF(G7<0,100+W7,W7+ABS(G7)))))) | Y7: =IF(V7="","",X7-W7) | Z7: =IF(V7="","",Y7/W7) | AA7: =VLOOKUP($A7,ScionOutput!$A$3:$BL$215,64,FALSE) -> 823859. VF plays are disallowed. No play due to strategy constraints.
A8: 824184 | B8: =VLOOKUP($A8,ScionOutput!$A$3:$BL$215,3,FALSE) -> 46179 | C8: =VLOOKUP($A8,ScionOutput!$A$3:$BL$215,22,FALSE) -> 12 | D8: =VLOOKUP($A8,ScionOutput!$A$3:$BL$215,23,FALSE) -> HOU | E8: =VLOOKUP($A8,ScionOutput!$A$3:$BL$215,6,FALSE) -> 20 | F8: =VLOOKUP($A8,ScionOutput!$A$3:$BL$215,7,FALSE) -> OAK | G8: =VLOOKUP($A8,ScionOutput!$A$3:$BL$215,26,FALSE) -> -107 | H8: =VLOOKUP($A8,ScionOutput!$A$3:$BL$215,10,FALSE) -> -103 | I8: =VLOOKUP($A8,ScionOutput!$A$3:$BL$215,55,FALSE) -> VisDog | J8: =VLOOKUP($A8,ScionOutput!$A$3:$BL$215,56,FALSE) -> 0 | K8: =VLOOKUP($A8,ScionOutput!$A$3:$BL$215,58,FALSE) -> No Play | L8: =VLOOKUP($A8,ScionOutput!$A$3:$BL$215,59,FALSE) -> 0 | M8: =VLOOKUP($A8,ScionOutput!$A$3:$BL$215,62,FALSE) -> 0 | N8: =VLOOKUP($A8,ScionOutput!$A$3:$BL$215,63,FALSE) -> 0 | O8: =ISNUMBER(SEARCH("Play determined by LineStatEns and StatOnlyEns agreement", AA8)) -> FALSE | P8: =VLOOKUP($A8,Outcomes!$B$3:$I$209,8,FALSE) -> 15 | Q8: =IF(R8>S8,1,IF(R8<S8,-1,0)) -> 1 | R8: =VLOOKUP($A8,Outcomes!$B$3:$I$209,5,FALSE) -> 13 | S8: =VLOOKUP($A8,Outcomes!$B$3:$I$209,6,FALSE) -> 2 | T8: =VLOOKUP($A8,Outcomes!$B$3:$I$209,7,FALSE) -> -11 | U8: =IF(T8=0,"Push",IF(G8<H8,IF(T8<0,"HomFave","VisDog"),IF(T8>0,"VisFave","HomDog"))) -> HomFave | V8: =IF(OR(T8=0,I8="No Play",J8<>1),"",IF(U8=I8,1,0)) | W8: =IF(V8="","",IF(G8<H8,IF(K8="HomFave",ABS(G8),IF(H8<0,ABS(H8),100)),IF(K8="VisFave",ABS(H8),IF(G8<0,ABS(G8),100)))) | X8: =IF(V8="","",IF(V8=0,0,IF(G8<H8,IF(K8="HomFave",W8+100,IF(H8<0,100+W8,W8+ABS(H8))),IF(K8="VisFave",W8+100,IF(G8<0,100+W8,W8+ABS(G8)))))) | Y8: =IF(V8="","",X8-W8) | Z8: =IF(V8="","",Y8/W8) | AA8: =VLOOKUP($A8,ScionOutput!$A$3:$BL$215,64,FALSE) -> 824184. V_SP is Null, team-based avg used. NoPlay as V_SP is Null.
A9: 823942 | B9: =VLOOKUP($A9,ScionOutput!$A$3:$BL$215,3,FALSE) -> 46179 | C9: =VLOOKUP($A9,ScionOutput!$A$3:$BL$215,22,FALSE) -> 14 | D9: =VLOOKUP($A9,ScionOutput!$A$3:$BL$215,23,FALSE) -> LA | E9: =VLOOKUP($A9,ScionOutput!$A$3:$BL$215,6,FALSE) -> 4 | F9: =VLOOKUP($A9,ScionOutput!$A$3:$BL$215,7,FALSE) -> LAA | G9: =VLOOKUP($A9,ScionOutput!$A$3:$BL$215,26,FALSE) -> -312 | H9: =VLOOKUP($A9,ScionOutput!$A$3:$BL$215,10,FALSE) -> 275 | I9: =VLOOKUP($A9,ScionOutput!$A$3:$BL$215,55,FALSE) -> HomFave | J9: =VLOOKUP($A9,ScionOutput!$A$3:$BL$215,56,FALSE) -> 0 | K9: =VLOOKUP($A9,ScionOutput!$A$3:$BL$215,58,FALSE) -> No Play | L9: =VLOOKUP($A9,ScionOutput!$A$3:$BL$215,59,FALSE) -> 0 | M9: =VLOOKUP($A9,ScionOutput!$A$3:$BL$215,62,FALSE) -> 0 | N9: =VLOOKUP($A9,ScionOutput!$A$3:$BL$215,63,FALSE) -> 0 | O9: =ISNUMBER(SEARCH("Play determined by LineStatEns and StatOnlyEns agreement", AA9)) -> FALSE | P9: =VLOOKUP($A9,Outcomes!$B$3:$I$209,8,FALSE) -> 11 | Q9: =IF(R9>S9,1,IF(R9<S9,-1,0)) -> 1 | R9: =VLOOKUP($A9,Outcomes!$B$3:$I$209,5,FALSE) -> 9 | S9: =VLOOKUP($A9,Outcomes!$B$3:$I$209,6,FALSE) -> 2 | T9: =VLOOKUP($A9,Outcomes!$B$3:$I$209,7,FALSE) -> -7 | U9: =IF(T9=0,"Push",IF(G9<H9,IF(T9<0,"HomFave","VisDog"),IF(T9>0,"VisFave","HomDog"))) -> HomFave | V9: =IF(OR(T9=0,I9="No Play",J9<>1),"",IF(U9=I9,1,0)) | W9: =IF(V9="","",IF(G9<H9,IF(K9="HomFave",ABS(G9),IF(H9<0,ABS(H9),100)),IF(K9="VisFave",ABS(H9),IF(G9<0,ABS(G9),100)))) | X9: =IF(V9="","",IF(V9=0,0,IF(G9<H9,IF(K9="HomFave",W9+100,IF(H9<0,100+W9,W9+ABS(H9))),IF(K9="VisFave",W9+100,IF(G9<0,100+W9,W9+ABS(G9)))))) | Y9: =IF(V9="","",X9-W9) | Z9: =IF(V9="","",Y9/W9) | AA9: =VLOOKUP($A9,ScionOutput!$A$3:$BL$215,64,FALSE) -> 823942. LineStatEns is NoPlay as bookie-line outside range. StatOnlyEns is NoPlay as bookie-line outside range. No play due to strategy constraints.
A10: 823697 | B10: =VLOOKUP($A10,ScionOutput!$A$3:$BL$215,3,FALSE) -> 46179 | C10: =VLOOKUP($A10,ScionOutput!$A$3:$BL$215,22,FALSE) -> 15 | D10: =VLOOKUP($A10,ScionOutput!$A$3:$BL$215,23,FALSE) -> MIN | E10: =VLOOKUP($A10,ScionOutput!$A$3:$BL$215,6,FALSE) -> 13 | F10: =VLOOKUP($A10,ScionOutput!$A$3:$BL$215,7,FALSE) -> KC | G10: =VLOOKUP($A10,ScionOutput!$A$3:$BL$215,26,FALSE) -> -145 | H10: =VLOOKUP($A10,ScionOutput!$A$3:$BL$215,10,FALSE) -> 131 | I10: =VLOOKUP($A10,ScionOutput!$A$3:$BL$215,55,FALSE) -> HomFave | J10: =VLOOKUP($A10,ScionOutput!$A$3:$BL$215,56,FALSE) -> 0 | K10: =VLOOKUP($A10,ScionOutput!$A$3:$BL$215,58,FALSE) -> No Play | L10: =VLOOKUP($A10,ScionOutput!$A$3:$BL$215,59,FALSE) -> 0 | M10: =VLOOKUP($A10,ScionOutput!$A$3:$BL$215,62,FALSE) -> 0 | N10: =VLOOKUP($A10,ScionOutput!$A$3:$BL$215,63,FALSE) -> 0 | O10: =ISNUMBER(SEARCH("Play determined by LineStatEns and StatOnlyEns agreement", AA10)) -> FALSE | P10: =VLOOKUP($A10,Outcomes!$B$3:$I$209,8,FALSE) -> 5 | Q10: =IF(R10>S10,1,IF(R10<S10,-1,0)) -> -1 | R10: =VLOOKUP($A10,Outcomes!$B$3:$I$209,5,FALSE) -> 2 | S10: =VLOOKUP($A10,Outcomes!$B$3:$I$209,6,FALSE) -> 3 | T10: =VLOOKUP($A10,Outcomes!$B$3:$I$209,7,FALSE) -> 1 | U10: =IF(T10=0,"Push",IF(G10<H10,IF(T10<0,"HomFave","VisDog"),IF(T10>0,"VisFave","HomDog"))) -> VisDog | V10: =IF(OR(T10=0,I10="No Play",J10<>1),"",IF(U10=I10,1,0)) | W10: =IF(V10="","",IF(G10<H10,IF(K10="HomFave",ABS(G10),IF(H10<0,ABS(H10),100)),IF(K10="VisFave",ABS(H10),IF(G10<0,ABS(G10),100)))) | X10: =IF(V10="","",IF(V10=0,0,IF(G10<H10,IF(K10="HomFave",W10+100,IF(H10<0,100+W10,W10+ABS(H10))),IF(K10="VisFave",W10+100,IF(G10<0,100+W10,W10+ABS(G10)))))) | Y10: =IF(V10="","",X10-W10) | Z10: =IF(V10="","",Y10/W10) | AA10: =VLOOKUP($A10,ScionOutput!$A$3:$BL$215,64,FALSE) -> 823697. LineStatEns probability points gap does not exceed threshold (no edge found)! StatOnlyEns probability points gap does not exceed threshold (no edge found)! No play due to strategy constraints.
A11: 823454 | B11: =VLOOKUP($A11,ScionOutput!$A$3:$BL$215,3,FALSE) -> 46179 | C11: =VLOOKUP($A11,ScionOutput!$A$3:$BL$215,22,FALSE) -> 21 | D11: =VLOOKUP($A11,ScionOutput!$A$3:$BL$215,23,FALSE) -> PHI | E11: =VLOOKUP($A11,ScionOutput!$A$3:$BL$215,6,FALSE) -> 9 | F11: =VLOOKUP($A11,ScionOutput!$A$3:$BL$215,7,FALSE) -> CWS | G11: =VLOOKUP($A11,ScionOutput!$A$3:$BL$215,26,FALSE) -> -123 | H11: =VLOOKUP($A11,ScionOutput!$A$3:$BL$215,10,FALSE) -> 112 | I11: =VLOOKUP($A11,ScionOutput!$A$3:$BL$215,55,FALSE) -> HomFave | J11: =VLOOKUP($A11,ScionOutput!$A$3:$BL$215,56,FALSE) -> 1 | K11: =VLOOKUP($A11,ScionOutput!$A$3:$BL$215,58,FALSE) -> No Play | L11: =VLOOKUP($A11,ScionOutput!$A$3:$BL$215,59,FALSE) -> 0 | M11: =VLOOKUP($A11,ScionOutput!$A$3:$BL$215,62,FALSE) -> 0 | N11: =VLOOKUP($A11,ScionOutput!$A$3:$BL$215,63,FALSE) -> 0 | O11: =ISNUMBER(SEARCH("Play determined by LineStatEns and StatOnlyEns agreement", AA11)) -> FALSE | P11: =VLOOKUP($A11,Outcomes!$B$3:$I$209,8,FALSE) -> 9 | Q11: =IF(R11>S11,1,IF(R11<S11,-1,0)) -> -1 | R11: =VLOOKUP($A11,Outcomes!$B$3:$I$209,5,FALSE) -> 3 | S11: =VLOOKUP($A11,Outcomes!$B$3:$I$209,6,FALSE) -> 6 | T11: =VLOOKUP($A11,Outcomes!$B$3:$I$209,7,FALSE) -> 3 | U11: =IF(T11=0,"Push",IF(G11<H11,IF(T11<0,"HomFave","VisDog"),IF(T11>0,"VisFave","HomDog"))) -> VisDog | V11: =IF(OR(T11=0,I11="No Play",J11<>1),"",IF(U11=I11,1,0)) -> 0 | W11: =IF(V11="","",IF(G11<H11,IF(K11="HomFave",ABS(G11),IF(H11<0,ABS(H11),100)),IF(K11="VisFave",ABS(H11),IF(G11<0,ABS(G11),100)))) -> 100 | X11: =IF(V11="","",IF(V11=0,0,IF(G11<H11,IF(K11="HomFave",W11+100,IF(H11<0,100+W11,W11+ABS(H11))),IF(K11="VisFave",W11+100,IF(G11<0,100+W11,W11+ABS(G11)))))) -> 0 | Y11: =IF(V11="","",X11-W11) -> -100 | Z11: =IF(V11="","",Y11/W11) -> -1 | AA11: =VLOOKUP($A11,ScionOutput!$A$3:$BL$215,64,FALSE) -> 823454. LineStatEns probability points gap does not exceed threshold (no edge found)! No play due to strategy constraints.
A12: 823292 | B12: =VLOOKUP($A12,ScionOutput!$A$3:$BL$215,3,FALSE) -> 46179 | C12: =VLOOKUP($A12,ScionOutput!$A$3:$BL$215,22,FALSE) -> 23 | D12: =VLOOKUP($A12,ScionOutput!$A$3:$BL$215,23,FALSE) -> SD | E12: =VLOOKUP($A12,ScionOutput!$A$3:$BL$215,6,FALSE) -> 18 | F12: =VLOOKUP($A12,ScionOutput!$A$3:$BL$215,7,FALSE) -> NYM | G12: =VLOOKUP($A12,ScionOutput!$A$3:$BL$215,26,FALSE) -> 104 | H12: =VLOOKUP($A12,ScionOutput!$A$3:$BL$215,10,FALSE) -> -115 | I12: =VLOOKUP($A12,ScionOutput!$A$3:$BL$215,55,FALSE) -> VisFave | J12: =VLOOKUP($A12,ScionOutput!$A$3:$BL$215,56,FALSE) -> 0 | K12: =VLOOKUP($A12,ScionOutput!$A$3:$BL$215,58,FALSE) -> No Play | L12: =VLOOKUP($A12,ScionOutput!$A$3:$BL$215,59,FALSE) -> 0 | M12: =VLOOKUP($A12,ScionOutput!$A$3:$BL$215,62,FALSE) -> 0 | N12: =VLOOKUP($A12,ScionOutput!$A$3:$BL$215,63,FALSE) -> 0 | O12: =ISNUMBER(SEARCH("Play determined by LineStatEns and StatOnlyEns agreement", AA12)) -> FALSE | P12: =VLOOKUP($A12,Outcomes!$B$3:$I$209,8,FALSE) -> 5 | Q12: =IF(R12>S12,1,IF(R12<S12,-1,0)) -> 1 | R12: =VLOOKUP($A12,Outcomes!$B$3:$I$209,5,FALSE) -> 3 | S12: =VLOOKUP($A12,Outcomes!$B$3:$I$209,6,FALSE) -> 2 | T12: =VLOOKUP($A12,Outcomes!$B$3:$I$209,7,FALSE) -> -1 | U12: =IF(T12=0,"Push",IF(G12<H12,IF(T12<0,"HomFave","VisDog"),IF(T12>0,"VisFave","HomDog"))) -> HomDog | V12: =IF(OR(T12=0,I12="No Play",J12<>1),"",IF(U12=I12,1,0)) | W12: =IF(V12="","",IF(G12<H12,IF(K12="HomFave",ABS(G12),IF(H12<0,ABS(H12),100)),IF(K12="VisFave",ABS(H12),IF(G12<0,ABS(G12),100)))) | X12: =IF(V12="","",IF(V12=0,0,IF(G12<H12,IF(K12="HomFave",W12+100,IF(H12<0,100+W12,W12+ABS(H12))),IF(K12="VisFave",W12+100,IF(G12<0,100+W12,W12+ABS(G12)))))) | Y12: =IF(V12="","",X12-W12) | Z12: =IF(V12="","",Y12/W12) | AA12: =VLOOKUP($A12,ScionOutput!$A$3:$BL$215,64,FALSE) -> 823292. VF plays are disallowed. No play due to strategy constraints.
A13: 823048 | B13: =VLOOKUP($A13,ScionOutput!$A$3:$BL$215,3,FALSE) -> 46179 | C13: =VLOOKUP($A13,ScionOutput!$A$3:$BL$215,22,FALSE) -> 26 | D13: =VLOOKUP($A13,ScionOutput!$A$3:$BL$215,23,FALSE) -> STL | E13: =VLOOKUP($A13,ScionOutput!$A$3:$BL$215,6,FALSE) -> 6 | F13: =VLOOKUP($A13,ScionOutput!$A$3:$BL$215,7,FALSE) -> CIN | G13: =VLOOKUP($A13,ScionOutput!$A$3:$BL$215,26,FALSE) -> -125 | H13: =VLOOKUP($A13,ScionOutput!$A$3:$BL$215,10,FALSE) -> 113 | I13: =VLOOKUP($A13,ScionOutput!$A$3:$BL$215,55,FALSE) -> HomFave | J13: =VLOOKUP($A13,ScionOutput!$A$3:$BL$215,56,FALSE) -> 0 | K13: =VLOOKUP($A13,ScionOutput!$A$3:$BL$215,58,FALSE) -> No Play | L13: =VLOOKUP($A13,ScionOutput!$A$3:$BL$215,59,FALSE) -> 0 | M13: =VLOOKUP($A13,ScionOutput!$A$3:$BL$215,62,FALSE) -> 0 | N13: =VLOOKUP($A13,ScionOutput!$A$3:$BL$215,63,FALSE) -> 0 | O13: =ISNUMBER(SEARCH("Play determined by LineStatEns and StatOnlyEns agreement", AA13)) -> FALSE | P13: =VLOOKUP($A13,Outcomes!$B$3:$I$209,8,FALSE) -> 11 | Q13: =IF(R13>S13,1,IF(R13<S13,-1,0)) -> 1 | R13: =VLOOKUP($A13,Outcomes!$B$3:$I$209,5,FALSE) -> 6 | S13: =VLOOKUP($A13,Outcomes!$B$3:$I$209,6,FALSE) -> 5 | T13: =VLOOKUP($A13,Outcomes!$B$3:$I$209,7,FALSE) -> -1 | U13: =IF(T13=0,"Push",IF(G13<H13,IF(T13<0,"HomFave","VisDog"),IF(T13>0,"VisFave","HomDog"))) -> HomFave | V13: =IF(OR(T13=0,I13="No Play",J13<>1),"",IF(U13=I13,1,0)) | W13: =IF(V13="","",IF(G13<H13,IF(K13="HomFave",ABS(G13),IF(H13<0,ABS(H13),100)),IF(K13="VisFave",ABS(H13),IF(G13<0,ABS(G13),100)))) | X13: =IF(V13="","",IF(V13=0,0,IF(G13<H13,IF(K13="HomFave",W13+100,IF(H13<0,100+W13,W13+ABS(H13))),IF(K13="VisFave",W13+100,IF(G13<0,100+W13,W13+ABS(G13)))))) | Y13: =IF(V13="","",X13-W13) | Z13: =IF(V13="","",Y13/W13) | AA13: =VLOOKUP($A13,ScionOutput!$A$3:$BL$215,64,FALSE) -> 823048. LineStatEns probability points gap does not exceed threshold (no edge found)! StatOnlyEns probability points gap does not exceed threshold (no edge found)! No play due to strategy constraints.
... A209: 822883 | B209: =VLOOKUP($A209,ScionOutput!$A$3:$BL$215,3,FALSE) -> 46194 | C209: =VLOOKUP($A209,ScionOutput!$A$3:$BL$215,22,FALSE) -> 28 | D209: =VLOOKUP($A209,ScionOutput!$A$3:$BL$215,23,FALSE) -> TEX | E209: =VLOOKUP($A209,ScionOutput!$A$3:$BL$215,6,FALSE) -> 23 | F209: =VLOOKUP($A209,ScionOutput!$A$3:$BL$215,7,FALSE) -> SD | G209: =VLOOKUP($A209,ScionOutput!$A$3:$BL$215,26,FALSE) -> -160 | H209: =VLOOKUP($A209,ScionOutput!$A$3:$BL$215,10,FALSE) -> 147 | I209: =VLOOKUP($A209,ScionOutput!$A$3:$BL$215,55,FALSE) -> HomFave | J209: =VLOOKUP($A209,ScionOutput!$A$3:$BL$215,56,FALSE) -> 0 | K209: =VLOOKUP($A209,ScionOutput!$A$3:$BL$215,58,FALSE) -> No Play | L209: =VLOOKUP($A209,ScionOutput!$A$3:$BL$215,59,FALSE) -> 0 | M209: =VLOOKUP($A209,ScionOutput!$A$3:$BL$215,62,FALSE) -> 0 | N209: =VLOOKUP($A209,ScionOutput!$A$3:$BL$215,63,FALSE) -> 0 | O209: =ISNUMBER(SEARCH("Play determined by LineStatEns and StatOnlyEns agreement", AA209)) -> FALSE | P209: =VLOOKUP($A209,Outcomes!$B$3:$I$209,8,FALSE) -> 7 | Q209: =IF(R209>S209,1,IF(R209<S209,-1,0)) -> 1 | R209: =VLOOKUP($A209,Outcomes!$B$3:$I$209,5,FALSE) -> 4 | S209: =VLOOKUP($A209,Outcomes!$B$3:$I$209,6,FALSE) -> 3 | T209: =VLOOKUP($A209,Outcomes!$B$3:$I$209,7,FALSE) -> -1 | U209: =IF(T209=0,"Push",IF(G209<H209,IF(T209<0,"HomFave","VisDog"),IF(T209>0,"VisFave","HomDog"))) -> HomFave | V209: =IF(OR(T209=0,I209="No Play",J209<>1),"",IF(U209=I209,1,0)) | W209: =IF(V209="","",IF(G209<H209,IF(K209="HomFave",ABS(G209),IF(H209<0,ABS(H209),100)),IF(K209="VisFave",ABS(H209),IF(G209<0,ABS(G209),100)))) | X209: =IF(V209="","",IF(V209=0,0,IF(G209<H209,IF(K209="HomFave",W209+100,IF(H209<0,100+W209,W209+ABS(H209))),IF(K209="VisFave",W209+100,IF(G209<0,100+W209,W209+ABS(G209)))))) | Y209: =IF(V209="","",X209-W209) | Z209: =IF(V209="","",Y209/W209) | AA209: =VLOOKUP($A209,ScionOutput!$A$3:$BL$215,64,FALSE) -> 822883. LineStatEns is NoPlay as bookie-line outside range. StatOnlyEns is NoPlay as bookie-line outside range. No play due to strategy constraints.
D210: x | F210: x | G210: x | H210: x | I210: x | J210: x | K210: x | L210: x | M210: x | N210: x | O210: x | V210: x | W210: =SUM(W2:W209) -> 4809 | X210: =SUM(X2:X209) -> 5045 | Y210: =SUM(Y2:Y209) -> 236 | Z210: =IF(V210="","",Y210/W210) -> 0.049074652 | AA210: x
U211: #Games | V211: =COUNT(T2:T209) -> 208
U212: #Plays | V212: =COUNT(V2:V209) -> 47
U213: %Games | V213: =V212/V211 -> 0.22596154
U214: #Win | V214: =SUM(V2:V209) -> 24
U215: %WinRate | V215: =V214/V212 -> 0.5106383
U216: invest | V216: =W210 -> 4809
U217: return | V217: =X210 -> 5045
U218: profit | V218: =Y210 -> 236
U219: %ROI | V219: =IF(V216=0,0,V218/V216) -> 0.049074652
T221: HF | U221: plays | V221: =COUNTIFS($K$2:$K$209,"HomFave",$V$2:$V$209,"1")+COUNTIFS($K$2:$K$209,"HomFave",$V$2:$V$209,"0") -> 7 | X221: VD | Y221: plays | Z221: =COUNTIFS($K$2:$K$209,"VisDog",$V$2:$V$209,"1")+COUNTIFS($K$2:$K$209,"VisDog",$V$2:$V$209,"0") -> 10
U222: wins | V222: =COUNTIFS($K$2:$K$209,"HomFave",$V$2:$V$209,"1") -> 5 | Y222: wins | Z222: =COUNTIFS($K$2:$K$209,"VisDog",$V$2:$V$209,"1") -> 3
U223: %WR | V223: =IF(V221=0,0,V222/V221) -> 0.71428571 | Y223: %WR | Z223: =IF(Z221=0,0,Z222/Z221) -> 0.3
U224: invest | V224: =SUMIFS($W$2:$W$209,$K$2:$K$209,"HomFave") -> 787 | Y224: invest | Z224: =SUMIFS($W$2:$W$209,$K$2:$K$209,"VisDog") -> 1006
U225: return | V225: =SUMIFS($X$2:$X$209,$K$2:$K$209,"HomFave") -> 1053 | Y225: return | Z225: =SUMIFS($X$2:$X$209,$K$2:$K$209,"VisDog") -> 621
U226: profit | V226: =V225-V224 -> 266 | Y226: profit | Z226: =Z225-Z224 -> -385
U227: %ROI | V227: =IF(V224=0,0,V226/V224) -> 0.33799238 | Y227: %ROI | Z227: =IF(Z224=0,0,Z226/Z224) -> -0.38270378
T229: VF | U229: plays | V229: =COUNTIFS($K$2:$K$209,"VisFave",$V$2:$V$209,"1")+COUNTIFS($K$2:$K$209,"VisFave",$V$2:$V$209,"0") -> 0 | X229: HD | Y229: plays | Z229: =COUNTIFS($K$2:$K$209,"HomDog",$V$2:$V$209,"1")+COUNTIFS($K$2:$K$209,"HomDog",$V$2:$V$209,"0") -> 4
U230: wins | V230: =COUNTIFS($K$2:$K$209,"VisFave",$V$2:$V$209,"1") -> 0 | Y230: wins | Z230: =COUNTIFS($K$2:$K$209,"HomDog",$V$2:$V$209,"1") -> 1
U231: %WR | V231: =IF(V229=0,0,V230/V229) -> 0 | Y231: %WR | Z231: =IF(Z229=0,0,Z230/Z229) -> 0.25
U232: invest | V232: =SUMIFS($W$2:$W$209,$K$2:$K$209,"VisFave") -> 0 | Y232: invest | Z232: =SUMIFS($W$2:$W$209,$K$2:$K$209,"HomDog") -> 403
U233: return | V233: =SUMIFS($X$2:$X$209,$K$2:$K$209,"VisFave") -> 0 | Y233: return | Z233: =SUMIFS($X$2:$X$209,$K$2:$K$209,"HomDog") -> 202
U234: profit | V234: =V233-V232 -> 0 | Y234: profit | Z234: =Z233-Z232 -> -201
U235: %ROI | V235: =IF(V232=0,0,V234/V232) -> 0 | Y235: %ROI | Z235: =IF(Z232=0,0,Z234/Z232) -> -0.49875931

Sheet AgreeOnly
A1: G_Id | B1: G_Date | C1: G_H_Id | D1: HNAME | E1: G_V_Id | F1: VNAME | G1: H_Bookie_Bet_Price | H1: V_Bookie_Bet_Price | I1: Scion_Side_Play_Position | J1: Scion_H_ProbabilityEdge | K1: Scion_Side_Stars | L1: Scion_Side_Play_Confidence | M1: PlayByAgreement | N1: G_Bookie_TotalOver | O1: G_PH_Win | P1: G_H_Runs | Q1: G_V_Runs | R1: G_Actual_Runs_Diff | S1: Winning_Position | T1: WinBet? | U1: Invest | V1: Return | W1: Proft | X1: %ROI | Y1: Comments
A2: 824915 | B2: =VLOOKUP($A2,ScionOutput!$A$3:$BL$215,3,FALSE) -> 46179 | C2: =VLOOKUP($A2,ScionOutput!$A$3:$BL$215,22,FALSE) -> 0 | D2: =VLOOKUP($A2,ScionOutput!$A$3:$BL$215,23,FALSE) -> ATL | E2: =VLOOKUP($A2,ScionOutput!$A$3:$BL$215,6,FALSE) -> 22 | F2: =VLOOKUP($A2,ScionOutput!$A$3:$BL$215,7,FALSE) -> PIT | G2: =VLOOKUP($A2,ScionOutput!$A$3:$BL$215,26,FALSE) -> -110 | H2: =VLOOKUP($A2,ScionOutput!$A$3:$BL$215,10,FALSE) -> 100 | I2: =VLOOKUP($A2,ScionOutput!$A$3:$BL$215,58,FALSE) -> HomFave | J2: =VLOOKUP($A2,ScionOutput!$A$3:$BL$215,59,FALSE) -> 0.01837 | K2: =VLOOKUP($A2,ScionOutput!$A$3:$BL$215,62,FALSE) -> 1 | L2: =VLOOKUP($A2,ScionOutput!$A$3:$BL$215,63,FALSE) -> 0.93 | M2: =ISNUMBER(SEARCH("Play determined by LineStatEns and StatOnlyEns agreement", Y2)) -> TRUE | N2: =VLOOKUP($A2,Outcomes!$B$3:$I$209,8,FALSE) -> 9 | O2: =IF(P2>Q2,1,IF(P2<Q2,-1,0)) -> 1 | P2: =VLOOKUP($A2,Outcomes!$B$3:$I$209,5,FALSE) -> 6 | Q2: =VLOOKUP($A2,Outcomes!$B$3:$I$209,6,FALSE) -> 3 | R2: =VLOOKUP($A2,Outcomes!$B$3:$I$209,7,FALSE) -> -3 | S2: =IF(R2=0,"Push",IF(G2<H2,IF(R2<0,"HomFave","VisDog"),IF(R2>0,"VisFave","HomDog"))) -> HomFave | T2: =IF(OR(R2=0,I2="No Play",M2<>TRUE),"",IF(S2=I2,1,0)) -> 1 | U2: =IF(T2="","",IF(G2<H2,IF(I2="HomFave",ABS(G2),IF(H2<0,ABS(H2),100)),IF(I2="VisFave",ABS(H2),IF(G2<0,ABS(G2),100)))) -> 110 | V2: =IF(T2="","",IF(T2=0,0,IF(G2<H2,IF(I2="HomFave",U2+100,IF(H2<0,100+U2,U2+ABS(H2))),IF(I2="VisFave",U2+100,IF(G2<0,100+U2,U2+ABS(G2)))))) -> 210 | W2: =IF(T2="","",V2-U2) -> 100 | X2: =IF(T2="","",W2/U2) -> 0.90909091 | Y2: =VLOOKUP($A2,ScionOutput!$A$3:$BL$215,64,FALSE) -> 824915. Play determined by LineStatEns and StatOnlyEns agreement.
A3: 825075 | B3: =VLOOKUP($A3,ScionOutput!$A$3:$BL$215,3,FALSE) -> 46179 | C3: =VLOOKUP($A3,ScionOutput!$A$3:$BL$215,22,FALSE) -> 1 | D3: =VLOOKUP($A3,ScionOutput!$A$3:$BL$215,23,FALSE) -> ARZ | E3: =VLOOKUP($A3,ScionOutput!$A$3:$BL$215,6,FALSE) -> 16 | F3: =VLOOKUP($A3,ScionOutput!$A$3:$BL$215,7,FALSE) -> WAS | G3: =VLOOKUP($A3,ScionOutput!$A$3:$BL$215,26,FALSE) -> -155 | H3: =VLOOKUP($A3,ScionOutput!$A$3:$BL$215,10,FALSE) -> 140 | I3: =VLOOKUP($A3,ScionOutput!$A$3:$BL$215,58,FALSE) -> No Play | J3: =VLOOKUP($A3,ScionOutput!$A$3:$BL$215,59,FALSE) -> 0 | K3: =VLOOKUP($A3,ScionOutput!$A$3:$BL$215,62,FALSE) -> 0 | L3: =VLOOKUP($A3,ScionOutput!$A$3:$BL$215,63,FALSE) -> 0 | M3: =ISNUMBER(SEARCH("Play determined by LineStatEns and StatOnlyEns agreement", Y3)) -> FALSE | N3: =VLOOKUP($A3,Outcomes!$B$3:$I$209,8,FALSE) -> 7 | O3: =IF(P3>Q3,1,IF(P3<Q3,-1,0)) -> -1 | P3: =VLOOKUP($A3,Outcomes!$B$3:$I$209,5,FALSE) -> 1 | Q3: =VLOOKUP($A3,Outcomes!$B$3:$I$209,6,FALSE) -> 6 | R3: =VLOOKUP($A3,Outcomes!$B$3:$I$209,7,FALSE) -> 5 | S3: =IF(R3=0,"Push",IF(G3<H3,IF(R3<0,"HomFave","VisDog"),IF(R3>0,"VisFave","HomDog"))) -> VisDog | T3: =IF(OR(R3=0,I3="No Play",M3<>TRUE),"",IF(S3=I3,1,0)) | U3: =IF(T3="","",IF(G3<H3,IF(I3="HomFave",ABS(G3),IF(H3<0,ABS(H3),100)),IF(I3="VisFave",ABS(H3),IF(G3<0,ABS(G3),100)))) | V3: =IF(T3="","",IF(T3=0,0,IF(G3<H3,IF(I3="HomFave",U3+100,IF(H3<0,100+U3,U3+ABS(H3))),IF(I3="VisFave",U3+100,IF(G3<0,100+U3,U3+ABS(G3)))))) | W3: =IF(T3="","",V3-U3) | X3: =IF(T3="","",W3/U3) | Y3: =VLOOKUP($A3,ScionOutput!$A$3:$BL$215,64,FALSE) -> 825075. LineStatEns is NoPlay as bookie-line outside range. StatOnlyEns is NoPlay as bookie-line outside range. No play due to strategy constraints.
A4: 824669 | B4: =VLOOKUP($A4,ScionOutput!$A$3:$BL$215,3,FALSE) -> 46179 | C4: =VLOOKUP($A4,ScionOutput!$A$3:$BL$215,22,FALSE) -> 5 | D4: =VLOOKUP($A4,ScionOutput!$A$3:$BL$215,23,FALSE) -> CHC | E4: =VLOOKUP($A4,ScionOutput!$A$3:$BL$215,6,FALSE) -> 25 | F4: =VLOOKUP($A4,ScionOutput!$A$3:$BL$215,7,FALSE) -> SF | G4: =VLOOKUP($A4,ScionOutput!$A$3:$BL$215,26,FALSE) -> -140 | H4: =VLOOKUP($A4,ScionOutput!$A$3:$BL$215,10,FALSE) -> 127 | I4: =VLOOKUP($A4,ScionOutput!$A$3:$BL$215,58,FALSE) -> No Play | J4: =VLOOKUP($A4,ScionOutput!$A$3:$BL$215,59,FALSE) -> 0 | K4: =VLOOKUP($A4,ScionOutput!$A$3:$BL$215,62,FALSE) -> 0 | L4: =VLOOKUP($A4,ScionOutput!$A$3:$BL$215,63,FALSE) -> 0 | M4: =ISNUMBER(SEARCH("Play determined by LineStatEns and StatOnlyEns agreement", Y4)) -> FALSE | N4: =VLOOKUP($A4,Outcomes!$B$3:$I$209,8,FALSE) -> 5 | O4: =IF(P4>Q4,1,IF(P4<Q4,-1,0)) -> 1 | P4: =VLOOKUP($A4,Outcomes!$B$3:$I$209,5,FALSE) -> 3 | Q4: =VLOOKUP($A4,Outcomes!$B$3:$I$209,6,FALSE) -> 2 | R4: =VLOOKUP($A4,Outcomes!$B$3:$I$209,7,FALSE) -> -1 | S4: =IF(R4=0,"Push",IF(G4<H4,IF(R4<0,"HomFave","VisDog"),IF(R4>0,"VisFave","HomDog"))) -> HomFave | T4: =IF(OR(R4=0,I4="No Play",M4<>TRUE),"",IF(S4=I4,1,0)) | U4: =IF(T4="","",IF(G4<H4,IF(I4="HomFave",ABS(G4),IF(H4<0,ABS(H4),100)),IF(I4="VisFave",ABS(H4),IF(G4<0,ABS(G4),100)))) | V4: =IF(T4="","",IF(T4=0,0,IF(G4<H4,IF(I4="HomFave",U4+100,IF(H4<0,100+U4,U4+ABS(H4))),IF(I4="VisFave",U4+100,IF(G4<0,100+U4,U4+ABS(G4)))))) | W4: =IF(T4="","",V4-U4) | X4: =IF(T4="","",W4/U4) | Y4: =VLOOKUP($A4,ScionOutput!$A$3:$BL$215,64,FALSE) -> 824669. LineStatEns probability points gap does not exceed threshold (no edge found)! StatOnlyEns probability points gap does not exceed threshold (no edge found)! No play due to strategy constraints.
A5: 824351 | B5: =VLOOKUP($A5,ScionOutput!$A$3:$BL$215,3,FALSE) -> 46179 | C5: =VLOOKUP($A5,ScionOutput!$A$3:$BL$215,22,FALSE) -> 8 | D5: =VLOOKUP($A5,ScionOutput!$A$3:$BL$215,23,FALSE) -> COL | E5: =VLOOKUP($A5,ScionOutput!$A$3:$BL$215,6,FALSE) -> 17 | F5: =VLOOKUP($A5,ScionOutput!$A$3:$BL$215,7,FALSE) -> MLW | G5: =VLOOKUP($A5,ScionOutput!$A$3:$BL$215,26,FALSE) -> 214 | H5: =VLOOKUP($A5,ScionOutput!$A$3:$BL$215,10,FALSE) -> -240 | I5: =VLOOKUP($A5,ScionOutput!$A$3:$BL$215,58,FALSE) -> No Play | J5: =VLOOKUP($A5,ScionOutput!$A$3:$BL$215,59,FALSE) -> 0 | K5: =VLOOKUP($A5,ScionOutput!$A$3:$BL$215,62,FALSE) -> 0 | L5: =VLOOKUP($A5,ScionOutput!$A$3:$BL$215,63,FALSE) -> 0 | M5: =ISNUMBER(SEARCH("Play determined by LineStatEns and StatOnlyEns agreement", Y5)) -> FALSE | N5: =VLOOKUP($A5,Outcomes!$B$3:$I$209,8,FALSE) -> 8 | O5: =IF(P5>Q5,1,IF(P5<Q5,-1,0)) -> -1 | P5: =VLOOKUP($A5,Outcomes!$B$3:$I$209,5,FALSE) -> 1 | Q5: =VLOOKUP($A5,Outcomes!$B$3:$I$209,6,FALSE) -> 7 | R5: =VLOOKUP($A5,Outcomes!$B$3:$I$209,7,FALSE) -> 6 | S5: =IF(R5=0,"Push",IF(G5<H5,IF(R5<0,"HomFave","VisDog"),IF(R5>0,"VisFave","HomDog"))) -> VisFave | T5: =IF(OR(R5=0,I5="No Play",M5<>TRUE),"",IF(S5=I5,1,0)) | U5: =IF(T5="","",IF(G5<H5,IF(I5="HomFave",ABS(G5),IF(H5<0,ABS(H5),100)),IF(I5="VisFave",ABS(H5),IF(G5<0,ABS(G5),100)))) | V5: =IF(T5="","",IF(T5=0,0,IF(G5<H5,IF(I5="HomFave",U5+100,IF(H5<0,100+U5,U5+ABS(H5))),IF(I5="VisFave",U5+100,IF(G5<0,100+U5,U5+ABS(G5)))))) | W5: =IF(T5="","",V5-U5) | X5: =IF(T5="","",W5/U5) | Y5: =VLOOKUP($A5,ScionOutput!$A$3:$BL$215,64,FALSE) -> 824351. LineStatEns is NoPlay as bookie-line outside range. StatOnlyEns is NoPlay as bookie-line outside range. No play due to strategy constraints.
A6: 824269 | B6: =VLOOKUP($A6,ScionOutput!$A$3:$BL$215,3,FALSE) -> 46179 | C6: =VLOOKUP($A6,ScionOutput!$A$3:$BL$215,22,FALSE) -> 10 | D6: =VLOOKUP($A6,ScionOutput!$A$3:$BL$215,23,FALSE) -> DET | E6: =VLOOKUP($A6,ScionOutput!$A$3:$BL$215,6,FALSE) -> 24 | F6: =VLOOKUP($A6,ScionOutput!$A$3:$BL$215,7,FALSE) -> SEA | G6: =VLOOKUP($A6,ScionOutput!$A$3:$BL$215,26,FALSE) -> 116 | H6: =VLOOKUP($A6,ScionOutput!$A$3:$BL$215,10,FALSE) -> -128 | I6: =VLOOKUP($A6,ScionOutput!$A$3:$BL$215,58,FALSE) -> No Play | J6: =VLOOKUP($A6,ScionOutput!$A$3:$BL$215,59,FALSE) -> 0 | K6: =VLOOKUP($A6,ScionOutput!$A$3:$BL$215,62,FALSE) -> 0 | L6: =VLOOKUP($A6,ScionOutput!$A$3:$BL$215,63,FALSE) -> 0 | M6: =ISNUMBER(SEARCH("Play determined by LineStatEns and StatOnlyEns agreement", Y6)) -> FALSE | N6: =VLOOKUP($A6,Outcomes!$B$3:$I$209,8,FALSE) -> 4 | O6: =IF(P6>Q6,1,IF(P6<Q6,-1,0)) -> -1 | P6: =VLOOKUP($A6,Outcomes!$B$3:$I$209,5,FALSE) -> 0 | Q6: =VLOOKUP($A6,Outcomes!$B$3:$I$209,6,FALSE) -> 4 | R6: =VLOOKUP($A6,Outcomes!$B$3:$I$209,7,FALSE) -> 4 | S6: =IF(R6=0,"Push",IF(G6<H6,IF(R6<0,"HomFave","VisDog"),IF(R6>0,"VisFave","HomDog"))) -> VisFave | T6: =IF(OR(R6=0,I6="No Play",M6<>TRUE),"",IF(S6=I6,1,0)) | U6: =IF(T6="","",IF(G6<H6,IF(I6="HomFave",ABS(G6),IF(H6<0,ABS(H6),100)),IF(I6="VisFave",ABS(H6),IF(G6<0,ABS(G6),100)))) | V6: =IF(T6="","",IF(T6=0,0,IF(G6<H6,IF(I6="HomFave",U6+100,IF(H6<0,100+U6,U6+ABS(H6))),IF(I6="VisFave",U6+100,IF(G6<0,100+U6,U6+ABS(G6)))))) | W6: =IF(T6="","",V6-U6) | X6: =IF(T6="","",W6/U6) | Y6: =VLOOKUP($A6,ScionOutput!$A$3:$BL$215,64,FALSE) -> 824269. VF plays are disallowed. No play due to strategy constraints.
A7: 823859 | B7: =VLOOKUP($A7,ScionOutput!$A$3:$BL$215,3,FALSE) -> 46179 | C7: =VLOOKUP($A7,ScionOutput!$A$3:$BL$215,22,FALSE) -> 11 | D7: =VLOOKUP($A7,ScionOutput!$A$3:$BL$215,23,FALSE) -> FLO | E7: =VLOOKUP($A7,ScionOutput!$A$3:$BL$215,6,FALSE) -> 27 | F7: =VLOOKUP($A7,ScionOutput!$A$3:$BL$215,7,FALSE) -> TB | G7: =VLOOKUP($A7,ScionOutput!$A$3:$BL$215,26,FALSE) -> 117 | H7: =VLOOKUP($A7,ScionOutput!$A$3:$BL$215,10,FALSE) -> -129 | I7: =VLOOKUP($A7,ScionOutput!$A$3:$BL$215,58,FALSE) -> No Play | J7: =VLOOKUP($A7,ScionOutput!$A$3:$BL$215,59,FALSE) -> 0 | K7: =VLOOKUP($A7,ScionOutput!$A$3:$BL$215,62,FALSE) -> 0 | L7: =VLOOKUP($A7,ScionOutput!$A$3:$BL$215,63,FALSE) -> 0 | M7: =ISNUMBER(SEARCH("Play determined by LineStatEns and StatOnlyEns agreement", Y7)) -> FALSE | N7: =VLOOKUP($A7,Outcomes!$B$3:$I$209,8,FALSE) -> 7 | O7: =IF(P7>Q7,1,IF(P7<Q7,-1,0)) -> 1 | P7: =VLOOKUP($A7,Outcomes!$B$3:$I$209,5,FALSE) -> 4 | Q7: =VLOOKUP($A7,Outcomes!$B$3:$I$209,6,FALSE) -> 3 | R7: =VLOOKUP($A7,Outcomes!$B$3:$I$209,7,FALSE) -> -1 | S7: =IF(R7=0,"Push",IF(G7<H7,IF(R7<0,"HomFave","VisDog"),IF(R7>0,"VisFave","HomDog"))) -> HomDog | T7: =IF(OR(R7=0,I7="No Play",M7<>TRUE),"",IF(S7=I7,1,0)) | U7: =IF(T7="","",IF(G7<H7,IF(I7="HomFave",ABS(G7),IF(H7<0,ABS(H7),100)),IF(I7="VisFave",ABS(H7),IF(G7<0,ABS(G7),100)))) | V7: =IF(T7="","",IF(T7=0,0,IF(G7<H7,IF(I7="HomFave",U7+100,IF(H7<0,100+U7,U7+ABS(H7))),IF(I7="VisFave",U7+100,IF(G7<0,100+U7,U7+ABS(G7)))))) | W7: =IF(T7="","",V7-U7) | X7: =IF(T7="","",W7/U7) | Y7: =VLOOKUP($A7,ScionOutput!$A$3:$BL$215,64,FALSE) -> 823859. VF plays are disallowed. No play due to strategy constraints.
A8: 824184 | B8: =VLOOKUP($A8,ScionOutput!$A$3:$BL$215,3,FALSE) -> 46179 | C8: =VLOOKUP($A8,ScionOutput!$A$3:$BL$215,22,FALSE) -> 12 | D8: =VLOOKUP($A8,ScionOutput!$A$3:$BL$215,23,FALSE) -> HOU | E8: =VLOOKUP($A8,ScionOutput!$A$3:$BL$215,6,FALSE) -> 20 | F8: =VLOOKUP($A8,ScionOutput!$A$3:$BL$215,7,FALSE) -> OAK | G8: =VLOOKUP($A8,ScionOutput!$A$3:$BL$215,26,FALSE) -> -107 | H8: =VLOOKUP($A8,ScionOutput!$A$3:$BL$215,10,FALSE) -> -103 | I8: =VLOOKUP($A8,ScionOutput!$A$3:$BL$215,58,FALSE) -> No Play | J8: =VLOOKUP($A8,ScionOutput!$A$3:$BL$215,59,FALSE) -> 0 | K8: =VLOOKUP($A8,ScionOutput!$A$3:$BL$215,62,FALSE) -> 0 | L8: =VLOOKUP($A8,ScionOutput!$A$3:$BL$215,63,FALSE) -> 0 | M8: =ISNUMBER(SEARCH("Play determined by LineStatEns and StatOnlyEns agreement", Y8)) -> FALSE | N8: =VLOOKUP($A8,Outcomes!$B$3:$I$209,8,FALSE) -> 15 | O8: =IF(P8>Q8,1,IF(P8<Q8,-1,0)) -> 1 | P8: =VLOOKUP($A8,Outcomes!$B$3:$I$209,5,FALSE) -> 13 | Q8: =VLOOKUP($A8,Outcomes!$B$3:$I$209,6,FALSE) -> 2 | R8: =VLOOKUP($A8,Outcomes!$B$3:$I$209,7,FALSE) -> -11 | S8: =IF(R8=0,"Push",IF(G8<H8,IF(R8<0,"HomFave","VisDog"),IF(R8>0,"VisFave","HomDog"))) -> HomFave | T8: =IF(OR(R8=0,I8="No Play",M8<>TRUE),"",IF(S8=I8,1,0)) | U8: =IF(T8="","",IF(G8<H8,IF(I8="HomFave",ABS(G8),IF(H8<0,ABS(H8),100)),IF(I8="VisFave",ABS(H8),IF(G8<0,ABS(G8),100)))) | V8: =IF(T8="","",IF(T8=0,0,IF(G8<H8,IF(I8="HomFave",U8+100,IF(H8<0,100+U8,U8+ABS(H8))),IF(I8="VisFave",U8+100,IF(G8<0,100+U8,U8+ABS(G8)))))) | W8: =IF(T8="","",V8-U8) | X8: =IF(T8="","",W8/U8) | Y8: =VLOOKUP($A8,ScionOutput!$A$3:$BL$215,64,FALSE) -> 824184. V_SP is Null, team-based avg used. NoPlay as V_SP is Null.
A9: 823942 | B9: =VLOOKUP($A9,ScionOutput!$A$3:$BL$215,3,FALSE) -> 46179 | C9: =VLOOKUP($A9,ScionOutput!$A$3:$BL$215,22,FALSE) -> 14 | D9: =VLOOKUP($A9,ScionOutput!$A$3:$BL$215,23,FALSE) -> LA | E9: =VLOOKUP($A9,ScionOutput!$A$3:$BL$215,6,FALSE) -> 4 | F9: =VLOOKUP($A9,ScionOutput!$A$3:$BL$215,7,FALSE) -> LAA | G9: =VLOOKUP($A9,ScionOutput!$A$3:$BL$215,26,FALSE) -> -312 | H9: =VLOOKUP($A9,ScionOutput!$A$3:$BL$215,10,FALSE) -> 275 | I9: =VLOOKUP($A9,ScionOutput!$A$3:$BL$215,58,FALSE) -> No Play | J9: =VLOOKUP($A9,ScionOutput!$A$3:$BL$215,59,FALSE) -> 0 | K9: =VLOOKUP($A9,ScionOutput!$A$3:$BL$215,62,FALSE) -> 0 | L9: =VLOOKUP($A9,ScionOutput!$A$3:$BL$215,63,FALSE) -> 0 | M9: =ISNUMBER(SEARCH("Play determined by LineStatEns and StatOnlyEns agreement", Y9)) -> FALSE | N9: =VLOOKUP($A9,Outcomes!$B$3:$I$209,8,FALSE) -> 11 | O9: =IF(P9>Q9,1,IF(P9<Q9,-1,0)) -> 1 | P9: =VLOOKUP($A9,Outcomes!$B$3:$I$209,5,FALSE) -> 9 | Q9: =VLOOKUP($A9,Outcomes!$B$3:$I$209,6,FALSE) -> 2 | R9: =VLOOKUP($A9,Outcomes!$B$3:$I$209,7,FALSE) -> -7 | S9: =IF(R9=0,"Push",IF(G9<H9,IF(R9<0,"HomFave","VisDog"),IF(R9>0,"VisFave","HomDog"))) -> HomFave | T9: =IF(OR(R9=0,I9="No Play",M9<>TRUE),"",IF(S9=I9,1,0)) | U9: =IF(T9="","",IF(G9<H9,IF(I9="HomFave",ABS(G9),IF(H9<0,ABS(H9),100)),IF(I9="VisFave",ABS(H9),IF(G9<0,ABS(G9),100)))) | V9: =IF(T9="","",IF(T9=0,0,IF(G9<H9,IF(I9="HomFave",U9+100,IF(H9<0,100+U9,U9+ABS(H9))),IF(I9="VisFave",U9+100,IF(G9<0,100+U9,U9+ABS(G9)))))) | W9: =IF(T9="","",V9-U9) | X9: =IF(T9="","",W9/U9) | Y9: =VLOOKUP($A9,ScionOutput!$A$3:$BL$215,64,FALSE) -> 823942. LineStatEns is NoPlay as bookie-line outside range. StatOnlyEns is NoPlay as bookie-line outside range. No play due to strategy constraints.
A10: 823697 | B10: =VLOOKUP($A10,ScionOutput!$A$3:$BL$215,3,FALSE) -> 46179 | C10: =VLOOKUP($A10,ScionOutput!$A$3:$BL$215,22,FALSE) -> 15 | D10: =VLOOKUP($A10,ScionOutput!$A$3:$BL$215,23,FALSE) -> MIN | E10: =VLOOKUP($A10,ScionOutput!$A$3:$BL$215,6,FALSE) -> 13 | F10: =VLOOKUP($A10,ScionOutput!$A$3:$BL$215,7,FALSE) -> KC | G10: =VLOOKUP($A10,ScionOutput!$A$3:$BL$215,26,FALSE) -> -145 | H10: =VLOOKUP($A10,ScionOutput!$A$3:$BL$215,10,FALSE) -> 131 | I10: =VLOOKUP($A10,ScionOutput!$A$3:$BL$215,58,FALSE) -> No Play | J10: =VLOOKUP($A10,ScionOutput!$A$3:$BL$215,59,FALSE) -> 0 | K10: =VLOOKUP($A10,ScionOutput!$A$3:$BL$215,62,FALSE) -> 0 | L10: =VLOOKUP($A10,ScionOutput!$A$3:$BL$215,63,FALSE) -> 0 | M10: =ISNUMBER(SEARCH("Play determined by LineStatEns and StatOnlyEns agreement", Y10)) -> FALSE | N10: =VLOOKUP($A10,Outcomes!$B$3:$I$209,8,FALSE) -> 5 | O10: =IF(P10>Q10,1,IF(P10<Q10,-1,0)) -> -1 | P10: =VLOOKUP($A10,Outcomes!$B$3:$I$209,5,FALSE) -> 2 | Q10: =VLOOKUP($A10,Outcomes!$B$3:$I$209,6,FALSE) -> 3 | R10: =VLOOKUP($A10,Outcomes!$B$3:$I$209,7,FALSE) -> 1 | S10: =IF(R10=0,"Push",IF(G10<H10,IF(R10<0,"HomFave","VisDog"),IF(R10>0,"VisFave","HomDog"))) -> VisDog | T10: =IF(OR(R10=0,I10="No Play",M10<>TRUE),"",IF(S10=I10,1,0)) | U10: =IF(T10="","",IF(G10<H10,IF(I10="HomFave",ABS(G10),IF(H10<0,ABS(H10),100)),IF(I10="VisFave",ABS(H10),IF(G10<0,ABS(G10),100)))) | V10: =IF(T10="","",IF(T10=0,0,IF(G10<H10,IF(I10="HomFave",U10+100,IF(H10<0,100+U10,U10+ABS(H10))),IF(I10="VisFave",U10+100,IF(G10<0,100+U10,U10+ABS(G10)))))) | W10: =IF(T10="","",V10-U10) | X10: =IF(T10="","",W10/U10) | Y10: =VLOOKUP($A10,ScionOutput!$A$3:$BL$215,64,FALSE) -> 823697. LineStatEns probability points gap does not exceed threshold (no edge found)! StatOnlyEns probability points gap does not exceed threshold (no edge found)! No play due to strategy constraints.
A11: 823454 | B11: =VLOOKUP($A11,ScionOutput!$A$3:$BL$215,3,FALSE) -> 46179 | C11: =VLOOKUP($A11,ScionOutput!$A$3:$BL$215,22,FALSE) -> 21 | D11: =VLOOKUP($A11,ScionOutput!$A$3:$BL$215,23,FALSE) -> PHI | E11: =VLOOKUP($A11,ScionOutput!$A$3:$BL$215,6,FALSE) -> 9 | F11: =VLOOKUP($A11,ScionOutput!$A$3:$BL$215,7,FALSE) -> CWS | G11: =VLOOKUP($A11,ScionOutput!$A$3:$BL$215,26,FALSE) -> -123 | H11: =VLOOKUP($A11,ScionOutput!$A$3:$BL$215,10,FALSE) -> 112 | I11: =VLOOKUP($A11,ScionOutput!$A$3:$BL$215,58,FALSE) -> No Play | J11: =VLOOKUP($A11,ScionOutput!$A$3:$BL$215,59,FALSE) -> 0 | K11: =VLOOKUP($A11,ScionOutput!$A$3:$BL$215,62,FALSE) -> 0 | L11: =VLOOKUP($A11,ScionOutput!$A$3:$BL$215,63,FALSE) -> 0 | M11: =ISNUMBER(SEARCH("Play determined by LineStatEns and StatOnlyEns agreement", Y11)) -> FALSE | N11: =VLOOKUP($A11,Outcomes!$B$3:$I$209,8,FALSE) -> 9 | O11: =IF(P11>Q11,1,IF(P11<Q11,-1,0)) -> -1 | P11: =VLOOKUP($A11,Outcomes!$B$3:$I$209,5,FALSE) -> 3 | Q11: =VLOOKUP($A11,Outcomes!$B$3:$I$209,6,FALSE) -> 6 | R11: =VLOOKUP($A11,Outcomes!$B$3:$I$209,7,FALSE) -> 3 | S11: =IF(R11=0,"Push",IF(G11<H11,IF(R11<0,"HomFave","VisDog"),IF(R11>0,"VisFave","HomDog"))) -> VisDog | T11: =IF(OR(R11=0,I11="No Play",M11<>TRUE),"",IF(S11=I11,1,0)) | U11: =IF(T11="","",IF(G11<H11,IF(I11="HomFave",ABS(G11),IF(H11<0,ABS(H11),100)),IF(I11="VisFave",ABS(H11),IF(G11<0,ABS(G11),100)))) | V11: =IF(T11="","",IF(T11=0,0,IF(G11<H11,IF(I11="HomFave",U11+100,IF(H11<0,100+U11,U11+ABS(H11))),IF(I11="VisFave",U11+100,IF(G11<0,100+U11,U11+ABS(G11)))))) | W11: =IF(T11="","",V11-U11) | X11: =IF(T11="","",W11/U11) | Y11: =VLOOKUP($A11,ScionOutput!$A$3:$BL$215,64,FALSE) -> 823454. LineStatEns probability points gap does not exceed threshold (no edge found)! No play due to strategy constraints.
A12: 823292 | B12: =VLOOKUP($A12,ScionOutput!$A$3:$BL$215,3,FALSE) -> 46179 | C12: =VLOOKUP($A12,ScionOutput!$A$3:$BL$215,22,FALSE) -> 23 | D12: =VLOOKUP($A12,ScionOutput!$A$3:$BL$215,23,FALSE) -> SD | E12: =VLOOKUP($A12,ScionOutput!$A$3:$BL$215,6,FALSE) -> 18 | F12: =VLOOKUP($A12,ScionOutput!$A$3:$BL$215,7,FALSE) -> NYM | G12: =VLOOKUP($A12,ScionOutput!$A$3:$BL$215,26,FALSE) -> 104 | H12: =VLOOKUP($A12,ScionOutput!$A$3:$BL$215,10,FALSE) -> -115 | I12: =VLOOKUP($A12,ScionOutput!$A$3:$BL$215,58,FALSE) -> No Play | J12: =VLOOKUP($A12,ScionOutput!$A$3:$BL$215,59,FALSE) -> 0 | K12: =VLOOKUP($A12,ScionOutput!$A$3:$BL$215,62,FALSE) -> 0 | L12: =VLOOKUP($A12,ScionOutput!$A$3:$BL$215,63,FALSE) -> 0 | M12: =ISNUMBER(SEARCH("Play determined by LineStatEns and StatOnlyEns agreement", Y12)) -> FALSE | N12: =VLOOKUP($A12,Outcomes!$B$3:$I$209,8,FALSE) -> 5 | O12: =IF(P12>Q12,1,IF(P12<Q12,-1,0)) -> 1 | P12: =VLOOKUP($A12,Outcomes!$B$3:$I$209,5,FALSE) -> 3 | Q12: =VLOOKUP($A12,Outcomes!$B$3:$I$209,6,FALSE) -> 2 | R12: =VLOOKUP($A12,Outcomes!$B$3:$I$209,7,FALSE) -> -1 | S12: =IF(R12=0,"Push",IF(G12<H12,IF(R12<0,"HomFave","VisDog"),IF(R12>0,"VisFave","HomDog"))) -> HomDog | T12: =IF(OR(R12=0,I12="No Play",M12<>TRUE),"",IF(S12=I12,1,0)) | U12: =IF(T12="","",IF(G12<H12,IF(I12="HomFave",ABS(G12),IF(H12<0,ABS(H12),100)),IF(I12="VisFave",ABS(H12),IF(G12<0,ABS(G12),100)))) | V12: =IF(T12="","",IF(T12=0,0,IF(G12<H12,IF(I12="HomFave",U12+100,IF(H12<0,100+U12,U12+ABS(H12))),IF(I12="VisFave",U12+100,IF(G12<0,100+U12,U12+ABS(G12)))))) | W12: =IF(T12="","",V12-U12) | X12: =IF(T12="","",W12/U12) | Y12: =VLOOKUP($A12,ScionOutput!$A$3:$BL$215,64,FALSE) -> 823292. VF plays are disallowed. No play due to strategy constraints.
A13: 823048 | B13: =VLOOKUP($A13,ScionOutput!$A$3:$BL$215,3,FALSE) -> 46179 | C13: =VLOOKUP($A13,ScionOutput!$A$3:$BL$215,22,FALSE) -> 26 | D13: =VLOOKUP($A13,ScionOutput!$A$3:$BL$215,23,FALSE) -> STL | E13: =VLOOKUP($A13,ScionOutput!$A$3:$BL$215,6,FALSE) -> 6 | F13: =VLOOKUP($A13,ScionOutput!$A$3:$BL$215,7,FALSE) -> CIN | G13: =VLOOKUP($A13,ScionOutput!$A$3:$BL$215,26,FALSE) -> -125 | H13: =VLOOKUP($A13,ScionOutput!$A$3:$BL$215,10,FALSE) -> 113 | I13: =VLOOKUP($A13,ScionOutput!$A$3:$BL$215,58,FALSE) -> No Play | J13: =VLOOKUP($A13,ScionOutput!$A$3:$BL$215,59,FALSE) -> 0 | K13: =VLOOKUP($A13,ScionOutput!$A$3:$BL$215,62,FALSE) -> 0 | L13: =VLOOKUP($A13,ScionOutput!$A$3:$BL$215,63,FALSE) -> 0 | M13: =ISNUMBER(SEARCH("Play determined by LineStatEns and StatOnlyEns agreement", Y13)) -> FALSE | N13: =VLOOKUP($A13,Outcomes!$B$3:$I$209,8,FALSE) -> 11 | O13: =IF(P13>Q13,1,IF(P13<Q13,-1,0)) -> 1 | P13: =VLOOKUP($A13,Outcomes!$B$3:$I$209,5,FALSE) -> 6 | Q13: =VLOOKUP($A13,Outcomes!$B$3:$I$209,6,FALSE) -> 5 | R13: =VLOOKUP($A13,Outcomes!$B$3:$I$209,7,FALSE) -> -1 | S13: =IF(R13=0,"Push",IF(G13<H13,IF(R13<0,"HomFave","VisDog"),IF(R13>0,"VisFave","HomDog"))) -> HomFave | T13: =IF(OR(R13=0,I13="No Play",M13<>TRUE),"",IF(S13=I13,1,0)) | U13: =IF(T13="","",IF(G13<H13,IF(I13="HomFave",ABS(G13),IF(H13<0,ABS(H13),100)),IF(I13="VisFave",ABS(H13),IF(G13<0,ABS(G13),100)))) | V13: =IF(T13="","",IF(T13=0,0,IF(G13<H13,IF(I13="HomFave",U13+100,IF(H13<0,100+U13,U13+ABS(H13))),IF(I13="VisFave",U13+100,IF(G13<0,100+U13,U13+ABS(G13)))))) | W13: =IF(T13="","",V13-U13) | X13: =IF(T13="","",W13/U13) | Y13: =VLOOKUP($A13,ScionOutput!$A$3:$BL$215,64,FALSE) -> 823048. LineStatEns probability points gap does not exceed threshold (no edge found)! StatOnlyEns probability points gap does not exceed threshold (no edge found)! No play due to strategy constraints.
... A209: 822883 | B209: =VLOOKUP($A209,ScionOutput!$A$3:$BL$215,3,FALSE) -> 46194 | C209: =VLOOKUP($A209,ScionOutput!$A$3:$BL$215,22,FALSE) -> 28 | D209: =VLOOKUP($A209,ScionOutput!$A$3:$BL$215,23,FALSE) -> TEX | E209: =VLOOKUP($A209,ScionOutput!$A$3:$BL$215,6,FALSE) -> 23 | F209: =VLOOKUP($A209,ScionOutput!$A$3:$BL$215,7,FALSE) -> SD | G209: =VLOOKUP($A209,ScionOutput!$A$3:$BL$215,26,FALSE) -> -160 | H209: =VLOOKUP($A209,ScionOutput!$A$3:$BL$215,10,FALSE) -> 147 | I209: =VLOOKUP($A209,ScionOutput!$A$3:$BL$215,58,FALSE) -> No Play | J209: =VLOOKUP($A209,ScionOutput!$A$3:$BL$215,59,FALSE) -> 0 | K209: =VLOOKUP($A209,ScionOutput!$A$3:$BL$215,62,FALSE) -> 0 | L209: =VLOOKUP($A209,ScionOutput!$A$3:$BL$215,63,FALSE) -> 0 | M209: =ISNUMBER(SEARCH("Play determined by LineStatEns and StatOnlyEns agreement", Y209)) -> FALSE | N209: =VLOOKUP($A209,Outcomes!$B$3:$I$209,8,FALSE) -> 7 | O209: =IF(P209>Q209,1,IF(P209<Q209,-1,0)) -> 1 | P209: =VLOOKUP($A209,Outcomes!$B$3:$I$209,5,FALSE) -> 4 | Q209: =VLOOKUP($A209,Outcomes!$B$3:$I$209,6,FALSE) -> 3 | R209: =VLOOKUP($A209,Outcomes!$B$3:$I$209,7,FALSE) -> -1 | S209: =IF(R209=0,"Push",IF(G209<H209,IF(R209<0,"HomFave","VisDog"),IF(R209>0,"VisFave","HomDog"))) -> HomFave | T209: =IF(OR(R209=0,I209="No Play",M209<>TRUE),"",IF(S209=I209,1,0)) | U209: =IF(T209="","",IF(G209<H209,IF(I209="HomFave",ABS(G209),IF(H209<0,ABS(H209),100)),IF(I209="VisFave",ABS(H209),IF(G209<0,ABS(G209),100)))) | V209: =IF(T209="","",IF(T209=0,0,IF(G209<H209,IF(I209="HomFave",U209+100,IF(H209<0,100+U209,U209+ABS(H209))),IF(I209="VisFave",U209+100,IF(G209<0,100+U209,U209+ABS(G209)))))) | W209: =IF(T209="","",V209-U209) | X209: =IF(T209="","",W209/U209) | Y209: =VLOOKUP($A209,ScionOutput!$A$3:$BL$215,64,FALSE) -> 822883. LineStatEns is NoPlay as bookie-line outside range. StatOnlyEns is NoPlay as bookie-line outside range. No play due to strategy constraints.
D210: x | F210: x | G210: x | H210: x | I210: x | J210: x | K210: x | L210: x | M210: x | T210: x | U210: =SUM(U2:U209) -> 1871 | V210: =SUM(V2:V209) -> 1662 | W210: =SUM(W2:W209) -> -209 | X210: =IF(T210="","",W210/U210) -> -0.11170497 | Y210: x
S211: #Games | T211: =COUNT(R2:R209) -> 208
S212: #Plays | T212: =COUNT(T2:T209) -> 18
S213: %Games | T213: =T212/T211 -> 0.086538462
S214: #Win | T214: =SUM(T2:T209) -> 8
S215: %WinRate | T215: =T214/T212 -> 0.44444444
S216: invest | T216: =U210 -> 1871
S217: return | T217: =V210 -> 1662
S218: profit | T218: =W210 -> -209
S219: %ROI | T219: =IF(T216=0,0,T218/T216) -> -0.11170497
R221: HF | S221: plays | T221: =COUNTIFS($I$2:$I$209,"HomFave",$T$2:$T$209,"1")+COUNTIFS($I$2:$I$209,"HomFave",$T$2:$T$209,"0") -> 5 | V221: VD | W221: plays | X221: =COUNTIFS($I$2:$I$209,"VisDog",$T$2:$T$209,"1")+COUNTIFS($I$2:$I$209,"VisDog",$T$2:$T$209,"0") -> 9
S222: wins | T222: =COUNTIFS($I$2:$I$209,"HomFave",$T$2:$T$209,"1") -> 4 | W222: wins | X222: =COUNTIFS($I$2:$I$209,"VisDog",$T$2:$T$209,"1") -> 3
S223: %WR | T223: =IF(T221=0,0,T222/T221) -> 0.8 | W223: %WR | X223: =IF(X221=0,0,X222/X221) -> 0.33333333
S224: invest | T224: =SUMIFS($U$2:$U$209,$I$2:$I$209,"HomFave") -> 565 | W224: invest | X224: =SUMIFS($U$2:$U$209,$I$2:$I$209,"VisDog") -> 903
S225: return | T225: =SUMIFS($V$2:$V$209,$I$2:$I$209,"HomFave") -> 839 | W225: return | X225: =SUMIFS($V$2:$V$209,$I$2:$I$209,"VisDog") -> 621
S226: profit | T226: =T225-T224 -> 274 | W226: profit | X226: =X225-X224 -> -282
S227: %ROI | T227: =IF(T224=0,0,T226/T224) -> 0.48495575 | W227: %ROI | X227: =IF(X224=0,0,X226/X224) -> -0.31229236
R229: VF | S229: plays | T229: =COUNTIFS($I$2:$I$209,"VisFave",$T$2:$T$209,"1")+COUNTIFS($I$2:$I$209,"VisFave",$T$2:$T$209,"0") -> 0 | V229: HD | W229: plays | X229: =COUNTIFS($I$2:$I$209,"HomDog",$T$2:$T$209,"1")+COUNTIFS($I$2:$I$209,"HomDog",$T$2:$T$209,"0") -> 4
S230: wins | T230: =COUNTIFS($I$2:$I$209,"VisFave",$T$2:$T$209,"1") -> 0 | W230: wins | X230: =COUNTIFS($I$2:$I$209,"HomDog",$T$2:$T$209,"1") -> 1
S231: %WR | T231: =IF(T229=0,0,T230/T229) -> 0 | W231: %WR | X231: =IF(X229=0,0,X230/X229) -> 0.25
S232: invest | T232: =SUMIFS($U$2:$U$209,$I$2:$I$209,"VisFave") -> 0 | W232: invest | X232: =SUMIFS($U$2:$U$209,$I$2:$I$209,"HomDog") -> 403
S233: return | T233: =SUMIFS($V$2:$V$209,$I$2:$I$209,"VisFave") -> 0 | W233: return | X233: =SUMIFS($V$2:$V$209,$I$2:$I$209,"HomDog") -> 202
S234: profit | T234: =T233-T232 -> 0 | W234: profit | X234: =X233-X232 -> -201
S235: %ROI | T235: =IF(T232=0,0,T234/T232) -> 0 | W235: %ROI | X235: =IF(X232=0,0,X234/X232) -> -0.49875931

Sheet 1Star
A1: G_Id | B1: G_Date | C1: G_H_Id | D1: HNAME | E1: G_V_Id | F1: VNAME | G1: H_Bookie_Bet_Price | H1: V_Bookie_Bet_Price | I1: Scion_Side_Play_Position | J1: Scion_H_ProbabilityEdge | K1: Scion_Side_Stars | L1: Scion_Side_Play_Confidence | M1: PlayByAgreement | N1: G_Bookie_TotalOver | O1: G_PH_Win | P1: G_H_Runs | Q1: G_V_Runs | R1: G_Actual_Runs_Diff | S1: Winning_Position | T1: WinBet? | U1: Invest | V1: Return | W1: Proft | X1: %ROI | Y1: Comments
A2: 824915 | B2: =VLOOKUP($A2,ScionOutput!$A$3:$BL$215,3,FALSE) -> 46179 | C2: =VLOOKUP($A2,ScionOutput!$A$3:$BL$215,22,FALSE) -> 0 | D2: =VLOOKUP($A2,ScionOutput!$A$3:$BL$215,23,FALSE) -> ATL | E2: =VLOOKUP($A2,ScionOutput!$A$3:$BL$215,6,FALSE) -> 22 | F2: =VLOOKUP($A2,ScionOutput!$A$3:$BL$215,7,FALSE) -> PIT | G2: =VLOOKUP($A2,ScionOutput!$A$3:$BL$215,26,FALSE) -> -110 | H2: =VLOOKUP($A2,ScionOutput!$A$3:$BL$215,10,FALSE) -> 100 | I2: =VLOOKUP($A2,ScionOutput!$A$3:$BL$215,58,FALSE) -> HomFave | J2: =VLOOKUP($A2,ScionOutput!$A$3:$BL$215,59,FALSE) -> 0.01837 | K2: =VLOOKUP($A2,ScionOutput!$A$3:$BL$215,62,FALSE) -> 1 | L2: =VLOOKUP($A2,ScionOutput!$A$3:$BL$215,63,FALSE) -> 0.93 | M2: =ISNUMBER(SEARCH("Play determined by LineStatEns and StatOnlyEns agreement", Y2)) -> TRUE | N2: =VLOOKUP($A2,Outcomes!$B$3:$I$209,8,FALSE) -> 9 | O2: =IF(P2>Q2,1,IF(P2<Q2,-1,0)) -> 1 | P2: =VLOOKUP($A2,Outcomes!$B$3:$I$209,5,FALSE) -> 6 | Q2: =VLOOKUP($A2,Outcomes!$B$3:$I$209,6,FALSE) -> 3 | R2: =VLOOKUP($A2,Outcomes!$B$3:$I$209,7,FALSE) -> -3 | S2: =IF(R2=0,"Push",IF(G2<H2,IF(R2<0,"HomFave","VisDog"),IF(R2>0,"VisFave","HomDog"))) -> HomFave | T2: =IF(OR(R2=0,I2="No Play",K2<>1),"",IF(S2=I2,1,0)) -> 1 | U2: =IF(T2="","",IF(G2<H2,IF(I2="HomFave",ABS(G2),IF(H2<0,ABS(H2),100)),IF(I2="VisFave",ABS(H2),IF(G2<0,ABS(G2),100)))) -> 110 | V2: =IF(T2="","",IF(T2=0,0,IF(G2<H2,IF(I2="HomFave",U2+100,IF(H2<0,100+U2,U2+ABS(H2))),IF(I2="VisFave",U2+100,IF(G2<0,100+U2,U2+ABS(G2)))))) -> 210 | W2: =IF(T2="","",V2-U2) -> 100 | X2: =IF(T2="","",W2/U2) -> 0.90909091 | Y2: =VLOOKUP($A2,ScionOutput!$A$3:$BL$215,64,FALSE) -> 824915. Play determined by LineStatEns and StatOnlyEns agreement.
A3: 825075 | B3: =VLOOKUP($A3,ScionOutput!$A$3:$BL$215,3,FALSE) -> 46179 | C3: =VLOOKUP($A3,ScionOutput!$A$3:$BL$215,22,FALSE) -> 1 | D3: =VLOOKUP($A3,ScionOutput!$A$3:$BL$215,23,FALSE) -> ARZ | E3: =VLOOKUP($A3,ScionOutput!$A$3:$BL$215,6,FALSE) -> 16 | F3: =VLOOKUP($A3,ScionOutput!$A$3:$BL$215,7,FALSE) -> WAS | G3: =VLOOKUP($A3,ScionOutput!$A$3:$BL$215,26,FALSE) -> -155 | H3: =VLOOKUP($A3,ScionOutput!$A$3:$BL$215,10,FALSE) -> 140 | I3: =VLOOKUP($A3,ScionOutput!$A$3:$BL$215,58,FALSE) -> No Play | J3: =VLOOKUP($A3,ScionOutput!$A$3:$BL$215,59,FALSE) -> 0 | K3: =VLOOKUP($A3,ScionOutput!$A$3:$BL$215,62,FALSE) -> 0 | L3: =VLOOKUP($A3,ScionOutput!$A$3:$BL$215,63,FALSE) -> 0 | M3: =ISNUMBER(SEARCH("Play determined by LineStatEns and StatOnlyEns agreement", Y3)) -> FALSE | N3: =VLOOKUP($A3,Outcomes!$B$3:$I$209,8,FALSE) -> 7 | O3: =IF(P3>Q3,1,IF(P3<Q3,-1,0)) -> -1 | P3: =VLOOKUP($A3,Outcomes!$B$3:$I$209,5,FALSE) -> 1 | Q3: =VLOOKUP($A3,Outcomes!$B$3:$I$209,6,FALSE) -> 6 | R3: =VLOOKUP($A3,Outcomes!$B$3:$I$209,7,FALSE) -> 5 | S3: =IF(R3=0,"Push",IF(G3<H3,IF(R3<0,"HomFave","VisDog"),IF(R3>0,"VisFave","HomDog"))) -> VisDog | T3: =IF(OR(R3=0,I3="No Play",K3<>1),"",IF(S3=I3,1,0)) | U3: =IF(T3="","",IF(G3<H3,IF(I3="HomFave",ABS(G3),IF(H3<0,ABS(H3),100)),IF(I3="VisFave",ABS(H3),IF(G3<0,ABS(G3),100)))) | V3: =IF(T3="","",IF(T3=0,0,IF(G3<H3,IF(I3="HomFave",U3+100,IF(H3<0,100+U3,U3+ABS(H3))),IF(I3="VisFave",U3+100,IF(G3<0,100+U3,U3+ABS(G3)))))) | W3: =IF(T3="","",V3-U3) | X3: =IF(T3="","",W3/U3) | Y3: =VLOOKUP($A3,ScionOutput!$A$3:$BL$215,64,FALSE) -> 825075. LineStatEns is NoPlay as bookie-line outside range. StatOnlyEns is NoPlay as bookie-line outside range. No play due to strategy constraints.
A4: 824669 | B4: =VLOOKUP($A4,ScionOutput!$A$3:$BL$215,3,FALSE) -> 46179 | C4: =VLOOKUP($A4,ScionOutput!$A$3:$BL$215,22,FALSE) -> 5 | D4: =VLOOKUP($A4,ScionOutput!$A$3:$BL$215,23,FALSE) -> CHC | E4: =VLOOKUP($A4,ScionOutput!$A$3:$BL$215,6,FALSE) -> 25 | F4: =VLOOKUP($A4,ScionOutput!$A$3:$BL$215,7,FALSE) -> SF | G4: =VLOOKUP($A4,ScionOutput!$A$3:$BL$215,26,FALSE) -> -140 | H4: =VLOOKUP($A4,ScionOutput!$A$3:$BL$215,10,FALSE) -> 127 | I4: =VLOOKUP($A4,ScionOutput!$A$3:$BL$215,58,FALSE) -> No Play | J4: =VLOOKUP($A4,ScionOutput!$A$3:$BL$215,59,FALSE) -> 0 | K4: =VLOOKUP($A4,ScionOutput!$A$3:$BL$215,62,FALSE) -> 0 | L4: =VLOOKUP($A4,ScionOutput!$A$3:$BL$215,63,FALSE) -> 0 | M4: =ISNUMBER(SEARCH("Play determined by LineStatEns and StatOnlyEns agreement", Y4)) -> FALSE | N4: =VLOOKUP($A4,Outcomes!$B$3:$I$209,8,FALSE) -> 5 | O4: =IF(P4>Q4,1,IF(P4<Q4,-1,0)) -> 1 | P4: =VLOOKUP($A4,Outcomes!$B$3:$I$209,5,FALSE) -> 3 | Q4: =VLOOKUP($A4,Outcomes!$B$3:$I$209,6,FALSE) -> 2 | R4: =VLOOKUP($A4,Outcomes!$B$3:$I$209,7,FALSE) -> -1 | S4: =IF(R4=0,"Push",IF(G4<H4,IF(R4<0,"HomFave","VisDog"),IF(R4>0,"VisFave","HomDog"))) -> HomFave | T4: =IF(OR(R4=0,I4="No Play",K4<>1),"",IF(S4=I4,1,0)) | U4: =IF(T4="","",IF(G4<H4,IF(I4="HomFave",ABS(G4),IF(H4<0,ABS(H4),100)),IF(I4="VisFave",ABS(H4),IF(G4<0,ABS(G4),100)))) | V4: =IF(T4="","",IF(T4=0,0,IF(G4<H4,IF(I4="HomFave",U4+100,IF(H4<0,100+U4,U4+ABS(H4))),IF(I4="VisFave",U4+100,IF(G4<0,100+U4,U4+ABS(G4)))))) | W4: =IF(T4="","",V4-U4) | X4: =IF(T4="","",W4/U4) | Y4: =VLOOKUP($A4,ScionOutput!$A$3:$BL$215,64,FALSE) -> 824669. LineStatEns probability points gap does not exceed threshold (no edge found)! StatOnlyEns probability points gap does not exceed threshold (no edge found)! No play due to strategy constraints.
A5: 824351 | B5: =VLOOKUP($A5,ScionOutput!$A$3:$BL$215,3,FALSE) -> 46179 | C5: =VLOOKUP($A5,ScionOutput!$A$3:$BL$215,22,FALSE) -> 8 | D5: =VLOOKUP($A5,ScionOutput!$A$3:$BL$215,23,FALSE) -> COL | E5: =VLOOKUP($A5,ScionOutput!$A$3:$BL$215,6,FALSE) -> 17 | F5: =VLOOKUP($A5,ScionOutput!$A$3:$BL$215,7,FALSE) -> MLW | G5: =VLOOKUP($A5,ScionOutput!$A$3:$BL$215,26,FALSE) -> 214 | H5: =VLOOKUP($A5,ScionOutput!$A$3:$BL$215,10,FALSE) -> -240 | I5: =VLOOKUP($A5,ScionOutput!$A$3:$BL$215,58,FALSE) -> No Play | J5: =VLOOKUP($A5,ScionOutput!$A$3:$BL$215,59,FALSE) -> 0 | K5: =VLOOKUP($A5,ScionOutput!$A$3:$BL$215,62,FALSE) -> 0 | L5: =VLOOKUP($A5,ScionOutput!$A$3:$BL$215,63,FALSE) -> 0 | M5: =ISNUMBER(SEARCH("Play determined by LineStatEns and StatOnlyEns agreement", Y5)) -> FALSE | N5: =VLOOKUP($A5,Outcomes!$B$3:$I$209,8,FALSE) -> 8 | O5: =IF(P5>Q5,1,IF(P5<Q5,-1,0)) -> -1 | P5: =VLOOKUP($A5,Outcomes!$B$3:$I$209,5,FALSE) -> 1 | Q5: =VLOOKUP($A5,Outcomes!$B$3:$I$209,6,FALSE) -> 7 | R5: =VLOOKUP($A5,Outcomes!$B$3:$I$209,7,FALSE) -> 6 | S5: =IF(R5=0,"Push",IF(G5<H5,IF(R5<0,"HomFave","VisDog"),IF(R5>0,"VisFave","HomDog"))) -> VisFave | T5: =IF(OR(R5=0,I5="No Play",K5<>1),"",IF(S5=I5,1,0)) | U5: =IF(T5="","",IF(G5<H5,IF(I5="HomFave",ABS(G5),IF(H5<0,ABS(H5),100)),IF(I5="VisFave",ABS(H5),IF(G5<0,ABS(G5),100)))) | V5: =IF(T5="","",IF(T5=0,0,IF(G5<H5,IF(I5="HomFave",U5+100,IF(H5<0,100+U5,U5+ABS(H5))),IF(I5="VisFave",U5+100,IF(G5<0,100+U5,U5+ABS(G5)))))) | W5: =IF(T5="","",V5-U5) | X5: =IF(T5="","",W5/U5) | Y5: =VLOOKUP($A5,ScionOutput!$A$3:$BL$215,64,FALSE) -> 824351. LineStatEns is NoPlay as bookie-line outside range. StatOnlyEns is NoPlay as bookie-line outside range. No play due to strategy constraints.
A6: 824269 | B6: =VLOOKUP($A6,ScionOutput!$A$3:$BL$215,3,FALSE) -> 46179 | C6: =VLOOKUP($A6,ScionOutput!$A$3:$BL$215,22,FALSE) -> 10 | D6: =VLOOKUP($A6,ScionOutput!$A$3:$BL$215,23,FALSE) -> DET | E6: =VLOOKUP($A6,ScionOutput!$A$3:$BL$215,6,FALSE) -> 24 | F6: =VLOOKUP($A6,ScionOutput!$A$3:$BL$215,7,FALSE) -> SEA | G6: =VLOOKUP($A6,ScionOutput!$A$3:$BL$215,26,FALSE) -> 116 | H6: =VLOOKUP($A6,ScionOutput!$A$3:$BL$215,10,FALSE) -> -128 | I6: =VLOOKUP($A6,ScionOutput!$A$3:$BL$215,58,FALSE) -> No Play | J6: =VLOOKUP($A6,ScionOutput!$A$3:$BL$215,59,FALSE) -> 0 | K6: =VLOOKUP($A6,ScionOutput!$A$3:$BL$215,62,FALSE) -> 0 | L6: =VLOOKUP($A6,ScionOutput!$A$3:$BL$215,63,FALSE) -> 0 | M6: =ISNUMBER(SEARCH("Play determined by LineStatEns and StatOnlyEns agreement", Y6)) -> FALSE | N6: =VLOOKUP($A6,Outcomes!$B$3:$I$209,8,FALSE) -> 4 | O6: =IF(P6>Q6,1,IF(P6<Q6,-1,0)) -> -1 | P6: =VLOOKUP($A6,Outcomes!$B$3:$I$209,5,FALSE) -> 0 | Q6: =VLOOKUP($A6,Outcomes!$B$3:$I$209,6,FALSE) -> 4 | R6: =VLOOKUP($A6,Outcomes!$B$3:$I$209,7,FALSE) -> 4 | S6: =IF(R6=0,"Push",IF(G6<H6,IF(R6<0,"HomFave","VisDog"),IF(R6>0,"VisFave","HomDog"))) -> VisFave | T6: =IF(OR(R6=0,I6="No Play",K6<>1),"",IF(S6=I6,1,0)) | U6: =IF(T6="","",IF(G6<H6,IF(I6="HomFave",ABS(G6),IF(H6<0,ABS(H6),100)),IF(I6="VisFave",ABS(H6),IF(G6<0,ABS(G6),100)))) | V6: =IF(T6="","",IF(T6=0,0,IF(G6<H6,IF(I6="HomFave",U6+100,IF(H6<0,100+U6,U6+ABS(H6))),IF(I6="VisFave",U6+100,IF(G6<0,100+U6,U6+ABS(G6)))))) | W6: =IF(T6="","",V6-U6) | X6: =IF(T6="","",W6/U6) | Y6: =VLOOKUP($A6,ScionOutput!$A$3:$BL$215,64,FALSE) -> 824269. VF plays are disallowed. No play due to strategy constraints.
A7: 823859 | B7: =VLOOKUP($A7,ScionOutput!$A$3:$BL$215,3,FALSE) -> 46179 | C7: =VLOOKUP($A7,ScionOutput!$A$3:$BL$215,22,FALSE) -> 11 | D7: =VLOOKUP($A7,ScionOutput!$A$3:$BL$215,23,FALSE) -> FLO | E7: =VLOOKUP($A7,ScionOutput!$A$3:$BL$215,6,FALSE) -> 27 | F7: =VLOOKUP($A7,ScionOutput!$A$3:$BL$215,7,FALSE) -> TB | G7: =VLOOKUP($A7,ScionOutput!$A$3:$BL$215,26,FALSE) -> 117 | H7: =VLOOKUP($A7,ScionOutput!$A$3:$BL$215,10,FALSE) -> -129 | I7: =VLOOKUP($A7,ScionOutput!$A$3:$BL$215,58,FALSE) -> No Play | J7: =VLOOKUP($A7,ScionOutput!$A$3:$BL$215,59,FALSE) -> 0 | K7: =VLOOKUP($A7,ScionOutput!$A$3:$BL$215,62,FALSE) -> 0 | L7: =VLOOKUP($A7,ScionOutput!$A$3:$BL$215,63,FALSE) -> 0 | M7: =ISNUMBER(SEARCH("Play determined by LineStatEns and StatOnlyEns agreement", Y7)) -> FALSE | N7: =VLOOKUP($A7,Outcomes!$B$3:$I$209,8,FALSE) -> 7 | O7: =IF(P7>Q7,1,IF(P7<Q7,-1,0)) -> 1 | P7: =VLOOKUP($A7,Outcomes!$B$3:$I$209,5,FALSE) -> 4 | Q7: =VLOOKUP($A7,Outcomes!$B$3:$I$209,6,FALSE) -> 3 | R7: =VLOOKUP($A7,Outcomes!$B$3:$I$209,7,FALSE) -> -1 | S7: =IF(R7=0,"Push",IF(G7<H7,IF(R7<0,"HomFave","VisDog"),IF(R7>0,"VisFave","HomDog"))) -> HomDog | T7: =IF(OR(R7=0,I7="No Play",K7<>1),"",IF(S7=I7,1,0)) | U7: =IF(T7="","",IF(G7<H7,IF(I7="HomFave",ABS(G7),IF(H7<0,ABS(H7),100)),IF(I7="VisFave",ABS(H7),IF(G7<0,ABS(G7),100)))) | V7: =IF(T7="","",IF(T7=0,0,IF(G7<H7,IF(I7="HomFave",U7+100,IF(H7<0,100+U7,U7+ABS(H7))),IF(I7="VisFave",U7+100,IF(G7<0,100+U7,U7+ABS(G7)))))) | W7: =IF(T7="","",V7-U7) | X7: =IF(T7="","",W7/U7) | Y7: =VLOOKUP($A7,ScionOutput!$A$3:$BL$215,64,FALSE) -> 823859. VF plays are disallowed. No play due to strategy constraints.
A8: 824184 | B8: =VLOOKUP($A8,ScionOutput!$A$3:$BL$215,3,FALSE) -> 46179 | C8: =VLOOKUP($A8,ScionOutput!$A$3:$BL$215,22,FALSE) -> 12 | D8: =VLOOKUP($A8,ScionOutput!$A$3:$BL$215,23,FALSE) -> HOU | E8: =VLOOKUP($A8,ScionOutput!$A$3:$BL$215,6,FALSE) -> 20 | F8: =VLOOKUP($A8,ScionOutput!$A$3:$BL$215,7,FALSE) -> OAK | G8: =VLOOKUP($A8,ScionOutput!$A$3:$BL$215,26,FALSE) -> -107 | H8: =VLOOKUP($A8,ScionOutput!$A$3:$BL$215,10,FALSE) -> -103 | I8: =VLOOKUP($A8,ScionOutput!$A$3:$BL$215,58,FALSE) -> No Play | J8: =VLOOKUP($A8,ScionOutput!$A$3:$BL$215,59,FALSE) -> 0 | K8: =VLOOKUP($A8,ScionOutput!$A$3:$BL$215,62,FALSE) -> 0 | L8: =VLOOKUP($A8,ScionOutput!$A$3:$BL$215,63,FALSE) -> 0 | M8: =ISNUMBER(SEARCH("Play determined by LineStatEns and StatOnlyEns agreement", Y8)) -> FALSE | N8: =VLOOKUP($A8,Outcomes!$B$3:$I$209,8,FALSE) -> 15 | O8: =IF(P8>Q8,1,IF(P8<Q8,-1,0)) -> 1 | P8: =VLOOKUP($A8,Outcomes!$B$3:$I$209,5,FALSE) -> 13 | Q8: =VLOOKUP($A8,Outcomes!$B$3:$I$209,6,FALSE) -> 2 | R8: =VLOOKUP($A8,Outcomes!$B$3:$I$209,7,FALSE) -> -11 | S8: =IF(R8=0,"Push",IF(G8<H8,IF(R8<0,"HomFave","VisDog"),IF(R8>0,"VisFave","HomDog"))) -> HomFave | T8: =IF(OR(R8=0,I8="No Play",K8<>1),"",IF(S8=I8,1,0)) | U8: =IF(T8="","",IF(G8<H8,IF(I8="HomFave",ABS(G8),IF(H8<0,ABS(H8),100)),IF(I8="VisFave",ABS(H8),IF(G8<0,ABS(G8),100)))) | V8: =IF(T8="","",IF(T8=0,0,IF(G8<H8,IF(I8="HomFave",U8+100,IF(H8<0,100+U8,U8+ABS(H8))),IF(I8="VisFave",U8+100,IF(G8<0,100+U8,U8+ABS(G8)))))) | W8: =IF(T8="","",V8-U8) | X8: =IF(T8="","",W8/U8) | Y8: =VLOOKUP($A8,ScionOutput!$A$3:$BL$215,64,FALSE) -> 824184. V_SP is Null, team-based avg used. NoPlay as V_SP is Null.
A9: 823942 | B9: =VLOOKUP($A9,ScionOutput!$A$3:$BL$215,3,FALSE) -> 46179 | C9: =VLOOKUP($A9,ScionOutput!$A$3:$BL$215,22,FALSE) -> 14 | D9: =VLOOKUP($A9,ScionOutput!$A$3:$BL$215,23,FALSE) -> LA | E9: =VLOOKUP($A9,ScionOutput!$A$3:$BL$215,6,FALSE) -> 4 | F9: =VLOOKUP($A9,ScionOutput!$A$3:$BL$215,7,FALSE) -> LAA | G9: =VLOOKUP($A9,ScionOutput!$A$3:$BL$215,26,FALSE) -> -312 | H9: =VLOOKUP($A9,ScionOutput!$A$3:$BL$215,10,FALSE) -> 275 | I9: =VLOOKUP($A9,ScionOutput!$A$3:$BL$215,58,FALSE) -> No Play | J9: =VLOOKUP($A9,ScionOutput!$A$3:$BL$215,59,FALSE) -> 0 | K9: =VLOOKUP($A9,ScionOutput!$A$3:$BL$215,62,FALSE) -> 0 | L9: =VLOOKUP($A9,ScionOutput!$A$3:$BL$215,63,FALSE) -> 0 | M9: =ISNUMBER(SEARCH("Play determined by LineStatEns and StatOnlyEns agreement", Y9)) -> FALSE | N9: =VLOOKUP($A9,Outcomes!$B$3:$I$209,8,FALSE) -> 11 | O9: =IF(P9>Q9,1,IF(P9<Q9,-1,0)) -> 1 | P9: =VLOOKUP($A9,Outcomes!$B$3:$I$209,5,FALSE) -> 9 | Q9: =VLOOKUP($A9,Outcomes!$B$3:$I$209,6,FALSE) -> 2 | R9: =VLOOKUP($A9,Outcomes!$B$3:$I$209,7,FALSE) -> -7 | S9: =IF(R9=0,"Push",IF(G9<H9,IF(R9<0,"HomFave","VisDog"),IF(R9>0,"VisFave","HomDog"))) -> HomFave | T9: =IF(OR(R9=0,I9="No Play",K9<>1),"",IF(S9=I9,1,0)) | U9: =IF(T9="","",IF(G9<H9,IF(I9="HomFave",ABS(G9),IF(H9<0,ABS(H9),100)),IF(I9="VisFave",ABS(H9),IF(G9<0,ABS(G9),100)))) | V9: =IF(T9="","",IF(T9=0,0,IF(G9<H9,IF(I9="HomFave",U9+100,IF(H9<0,100+U9,U9+ABS(H9))),IF(I9="VisFave",U9+100,IF(G9<0,100+U9,U9+ABS(G9)))))) | W9: =IF(T9="","",V9-U9) | X9: =IF(T9="","",W9/U9) | Y9: =VLOOKUP($A9,ScionOutput!$A$3:$BL$215,64,FALSE) -> 823942. LineStatEns is NoPlay as bookie-line outside range. StatOnlyEns is NoPlay as bookie-line outside range. No play due to strategy constraints.
A10: 823697 | B10: =VLOOKUP($A10,ScionOutput!$A$3:$BL$215,3,FALSE) -> 46179 | C10: =VLOOKUP($A10,ScionOutput!$A$3:$BL$215,22,FALSE) -> 15 | D10: =VLOOKUP($A10,ScionOutput!$A$3:$BL$215,23,FALSE) -> MIN | E10: =VLOOKUP($A10,ScionOutput!$A$3:$BL$215,6,FALSE) -> 13 | F10: =VLOOKUP($A10,ScionOutput!$A$3:$BL$215,7,FALSE) -> KC | G10: =VLOOKUP($A10,ScionOutput!$A$3:$BL$215,26,FALSE) -> -145 | H10: =VLOOKUP($A10,ScionOutput!$A$3:$BL$215,10,FALSE) -> 131 | I10: =VLOOKUP($A10,ScionOutput!$A$3:$BL$215,58,FALSE) -> No Play | J10: =VLOOKUP($A10,ScionOutput!$A$3:$BL$215,59,FALSE) -> 0 | K10: =VLOOKUP($A10,ScionOutput!$A$3:$BL$215,62,FALSE) -> 0 | L10: =VLOOKUP($A10,ScionOutput!$A$3:$BL$215,63,FALSE) -> 0 | M10: =ISNUMBER(SEARCH("Play determined by LineStatEns and StatOnlyEns agreement", Y10)) -> FALSE | N10: =VLOOKUP($A10,Outcomes!$B$3:$I$209,8,FALSE) -> 5 | O10: =IF(P10>Q10,1,IF(P10<Q10,-1,0)) -> -1 | P10: =VLOOKUP($A10,Outcomes!$B$3:$I$209,5,FALSE) -> 2 | Q10: =VLOOKUP($A10,Outcomes!$B$3:$I$209,6,FALSE) -> 3 | R10: =VLOOKUP($A10,Outcomes!$B$3:$I$209,7,FALSE) -> 1 | S10: =IF(R10=0,"Push",IF(G10<H10,IF(R10<0,"HomFave","VisDog"),IF(R10>0,"VisFave","HomDog"))) -> VisDog | T10: =IF(OR(R10=0,I10="No Play",K10<>1),"",IF(S10=I10,1,0)) | U10: =IF(T10="","",IF(G10<H10,IF(I10="HomFave",ABS(G10),IF(H10<0,ABS(H10),100)),IF(I10="VisFave",ABS(H10),IF(G10<0,ABS(G10),100)))) | V10: =IF(T10="","",IF(T10=0,0,IF(G10<H10,IF(I10="HomFave",U10+100,IF(H10<0,100+U10,U10+ABS(H10))),IF(I10="VisFave",U10+100,IF(G10<0,100+U10,U10+ABS(G10)))))) | W10: =IF(T10="","",V10-U10) | X10: =IF(T10="","",W10/U10) | Y10: =VLOOKUP($A10,ScionOutput!$A$3:$BL$215,64,FALSE) -> 823697. LineStatEns probability points gap does not exceed threshold (no edge found)! StatOnlyEns probability points gap does not exceed threshold (no edge found)! No play due to strategy constraints.
A11: 823454 | B11: =VLOOKUP($A11,ScionOutput!$A$3:$BL$215,3,FALSE) -> 46179 | C11: =VLOOKUP($A11,ScionOutput!$A$3:$BL$215,22,FALSE) -> 21 | D11: =VLOOKUP($A11,ScionOutput!$A$3:$BL$215,23,FALSE) -> PHI | E11: =VLOOKUP($A11,ScionOutput!$A$3:$BL$215,6,FALSE) -> 9 | F11: =VLOOKUP($A11,ScionOutput!$A$3:$BL$215,7,FALSE) -> CWS | G11: =VLOOKUP($A11,ScionOutput!$A$3:$BL$215,26,FALSE) -> -123 | H11: =VLOOKUP($A11,ScionOutput!$A$3:$BL$215,10,FALSE) -> 112 | I11: =VLOOKUP($A11,ScionOutput!$A$3:$BL$215,58,FALSE) -> No Play | J11: =VLOOKUP($A11,ScionOutput!$A$3:$BL$215,59,FALSE) -> 0 | K11: =VLOOKUP($A11,ScionOutput!$A$3:$BL$215,62,FALSE) -> 0 | L11: =VLOOKUP($A11,ScionOutput!$A$3:$BL$215,63,FALSE) -> 0 | M11: =ISNUMBER(SEARCH("Play determined by LineStatEns and StatOnlyEns agreement", Y11)) -> FALSE | N11: =VLOOKUP($A11,Outcomes!$B$3:$I$209,8,FALSE) -> 9 | O11: =IF(P11>Q11,1,IF(P11<Q11,-1,0)) -> -1 | P11: =VLOOKUP($A11,Outcomes!$B$3:$I$209,5,FALSE) -> 3 | Q11: =VLOOKUP($A11,Outcomes!$B$3:$I$209,6,FALSE) -> 6 | R11: =VLOOKUP($A11,Outcomes!$B$3:$I$209,7,FALSE) -> 3 | S11: =IF(R11=0,"Push",IF(G11<H11,IF(R11<0,"HomFave","VisDog"),IF(R11>0,"VisFave","HomDog"))) -> VisDog | T11: =IF(OR(R11=0,I11="No Play",K11<>1),"",IF(S11=I11,1,0)) | U11: =IF(T11="","",IF(G11<H11,IF(I11="HomFave",ABS(G11),IF(H11<0,ABS(H11),100)),IF(I11="VisFave",ABS(H11),IF(G11<0,ABS(G11),100)))) | V11: =IF(T11="","",IF(T11=0,0,IF(G11<H11,IF(I11="HomFave",U11+100,IF(H11<0,100+U11,U11+ABS(H11))),IF(I11="VisFave",U11+100,IF(G11<0,100+U11,U11+ABS(G11)))))) | W11: =IF(T11="","",V11-U11) | X11: =IF(T11="","",W11/U11) | Y11: =VLOOKUP($A11,ScionOutput!$A$3:$BL$215,64,FALSE) -> 823454. LineStatEns probability points gap does not exceed threshold (no edge found)! No play due to strategy constraints.
A12: 823292 | B12: =VLOOKUP($A12,ScionOutput!$A$3:$BL$215,3,FALSE) -> 46179 | C12: =VLOOKUP($A12,ScionOutput!$A$3:$BL$215,22,FALSE) -> 23 | D12: =VLOOKUP($A12,ScionOutput!$A$3:$BL$215,23,FALSE) -> SD | E12: =VLOOKUP($A12,ScionOutput!$A$3:$BL$215,6,FALSE) -> 18 | F12: =VLOOKUP($A12,ScionOutput!$A$3:$BL$215,7,FALSE) -> NYM | G12: =VLOOKUP($A12,ScionOutput!$A$3:$BL$215,26,FALSE) -> 104 | H12: =VLOOKUP($A12,ScionOutput!$A$3:$BL$215,10,FALSE) -> -115 | I12: =VLOOKUP($A12,ScionOutput!$A$3:$BL$215,58,FALSE) -> No Play | J12: =VLOOKUP($A12,ScionOutput!$A$3:$BL$215,59,FALSE) -> 0 | K12: =VLOOKUP($A12,ScionOutput!$A$3:$BL$215,62,FALSE) -> 0 | L12: =VLOOKUP($A12,ScionOutput!$A$3:$BL$215,63,FALSE) -> 0 | M12: =ISNUMBER(SEARCH("Play determined by LineStatEns and StatOnlyEns agreement", Y12)) -> FALSE | N12: =VLOOKUP($A12,Outcomes!$B$3:$I$209,8,FALSE) -> 5 | O12: =IF(P12>Q12,1,IF(P12<Q12,-1,0)) -> 1 | P12: =VLOOKUP($A12,Outcomes!$B$3:$I$209,5,FALSE) -> 3 | Q12: =VLOOKUP($A12,Outcomes!$B$3:$I$209,6,FALSE) -> 2 | R12: =VLOOKUP($A12,Outcomes!$B$3:$I$209,7,FALSE) -> -1 | S12: =IF(R12=0,"Push",IF(G12<H12,IF(R12<0,"HomFave","VisDog"),IF(R12>0,"VisFave","HomDog"))) -> HomDog | T12: =IF(OR(R12=0,I12="No Play",K12<>1),"",IF(S12=I12,1,0)) | U12: =IF(T12="","",IF(G12<H12,IF(I12="HomFave",ABS(G12),IF(H12<0,ABS(H12),100)),IF(I12="VisFave",ABS(H12),IF(G12<0,ABS(G12),100)))) | V12: =IF(T12="","",IF(T12=0,0,IF(G12<H12,IF(I12="HomFave",U12+100,IF(H12<0,100+U12,U12+ABS(H12))),IF(I12="VisFave",U12+100,IF(G12<0,100+U12,U12+ABS(G12)))))) | W12: =IF(T12="","",V12-U12) | X12: =IF(T12="","",W12/U12) | Y12: =VLOOKUP($A12,ScionOutput!$A$3:$BL$215,64,FALSE) -> 823292. VF plays are disallowed. No play due to strategy constraints.
A13: 823048 | B13: =VLOOKUP($A13,ScionOutput!$A$3:$BL$215,3,FALSE) -> 46179 | C13: =VLOOKUP($A13,ScionOutput!$A$3:$BL$215,22,FALSE) -> 26 | D13: =VLOOKUP($A13,ScionOutput!$A$3:$BL$215,23,FALSE) -> STL | E13: =VLOOKUP($A13,ScionOutput!$A$3:$BL$215,6,FALSE) -> 6 | F13: =VLOOKUP($A13,ScionOutput!$A$3:$BL$215,7,FALSE) -> CIN | G13: =VLOOKUP($A13,ScionOutput!$A$3:$BL$215,26,FALSE) -> -125 | H13: =VLOOKUP($A13,ScionOutput!$A$3:$BL$215,10,FALSE) -> 113 | I13: =VLOOKUP($A13,ScionOutput!$A$3:$BL$215,58,FALSE) -> No Play | J13: =VLOOKUP($A13,ScionOutput!$A$3:$BL$215,59,FALSE) -> 0 | K13: =VLOOKUP($A13,ScionOutput!$A$3:$BL$215,62,FALSE) -> 0 | L13: =VLOOKUP($A13,ScionOutput!$A$3:$BL$215,63,FALSE) -> 0 | M13: =ISNUMBER(SEARCH("Play determined by LineStatEns and StatOnlyEns agreement", Y13)) -> FALSE | N13: =VLOOKUP($A13,Outcomes!$B$3:$I$209,8,FALSE) -> 11 | O13: =IF(P13>Q13,1,IF(P13<Q13,-1,0)) -> 1 | P13: =VLOOKUP($A13,Outcomes!$B$3:$I$209,5,FALSE) -> 6 | Q13: =VLOOKUP($A13,Outcomes!$B$3:$I$209,6,FALSE) -> 5 | R13: =VLOOKUP($A13,Outcomes!$B$3:$I$209,7,FALSE) -> -1 | S13: =IF(R13=0,"Push",IF(G13<H13,IF(R13<0,"HomFave","VisDog"),IF(R13>0,"VisFave","HomDog"))) -> HomFave | T13: =IF(OR(R13=0,I13="No Play",K13<>1),"",IF(S13=I13,1,0)) | U13: =IF(T13="","",IF(G13<H13,IF(I13="HomFave",ABS(G13),IF(H13<0,ABS(H13),100)),IF(I13="VisFave",ABS(H13),IF(G13<0,ABS(G13),100)))) | V13: =IF(T13="","",IF(T13=0,0,IF(G13<H13,IF(I13="HomFave",U13+100,IF(H13<0,100+U13,U13+ABS(H13))),IF(I13="VisFave",U13+100,IF(G13<0,100+U13,U13+ABS(G13)))))) | W13: =IF(T13="","",V13-U13) | X13: =IF(T13="","",W13/U13) | Y13: =VLOOKUP($A13,ScionOutput!$A$3:$BL$215,64,FALSE) -> 823048. LineStatEns probability points gap does not exceed threshold (no edge found)! StatOnlyEns probability points gap does not exceed threshold (no edge found)! No play due to strategy constraints.
... A209: 822883 | B209: =VLOOKUP($A209,ScionOutput!$A$3:$BL$215,3,FALSE) -> 46194 | C209: =VLOOKUP($A209,ScionOutput!$A$3:$BL$215,22,FALSE) -> 28 | D209: =VLOOKUP($A209,ScionOutput!$A$3:$BL$215,23,FALSE) -> TEX | E209: =VLOOKUP($A209,ScionOutput!$A$3:$BL$215,6,FALSE) -> 23 | F209: =VLOOKUP($A209,ScionOutput!$A$3:$BL$215,7,FALSE) -> SD | G209: =VLOOKUP($A209,ScionOutput!$A$3:$BL$215,26,FALSE) -> -160 | H209: =VLOOKUP($A209,ScionOutput!$A$3:$BL$215,10,FALSE) -> 147 | I209: =VLOOKUP($A209,ScionOutput!$A$3:$BL$215,58,FALSE) -> No Play | J209: =VLOOKUP($A209,ScionOutput!$A$3:$BL$215,59,FALSE) -> 0 | K209: =VLOOKUP($A209,ScionOutput!$A$3:$BL$215,62,FALSE) -> 0 | L209: =VLOOKUP($A209,ScionOutput!$A$3:$BL$215,63,FALSE) -> 0 | M209: =ISNUMBER(SEARCH("Play determined by LineStatEns and StatOnlyEns agreement", Y209)) -> FALSE | N209: =VLOOKUP($A209,Outcomes!$B$3:$I$209,8,FALSE) -> 7 | O209: =IF(P209>Q209,1,IF(P209<Q209,-1,0)) -> 1 | P209: =VLOOKUP($A209,Outcomes!$B$3:$I$209,5,FALSE) -> 4 | Q209: =VLOOKUP($A209,Outcomes!$B$3:$I$209,6,FALSE) -> 3 | R209: =VLOOKUP($A209,Outcomes!$B$3:$I$209,7,FALSE) -> -1 | S209: =IF(R209=0,"Push",IF(G209<H209,IF(R209<0,"HomFave","VisDog"),IF(R209>0,"VisFave","HomDog"))) -> HomFave | T209: =IF(OR(R209=0,I209="No Play",K209<>1),"",IF(S209=I209,1,0)) | U209: =IF(T209="","",IF(G209<H209,IF(I209="HomFave",ABS(G209),IF(H209<0,ABS(H209),100)),IF(I209="VisFave",ABS(H209),IF(G209<0,ABS(G209),100)))) | V209: =IF(T209="","",IF(T209=0,0,IF(G209<H209,IF(I209="HomFave",U209+100,IF(H209<0,100+U209,U209+ABS(H209))),IF(I209="VisFave",U209+100,IF(G209<0,100+U209,U209+ABS(G209)))))) | W209: =IF(T209="","",V209-U209) | X209: =IF(T209="","",W209/U209) | Y209: =VLOOKUP($A209,ScionOutput!$A$3:$BL$215,64,FALSE) -> 822883. LineStatEns is NoPlay as bookie-line outside range. StatOnlyEns is NoPlay as bookie-line outside range. No play due to strategy constraints.
D210: x | F210: x | G210: x | H210: x | I210: x | J210: x | K210: x | L210: x | M210: x | T210: x | U210: =SUM(U2:U209) -> 565 | V210: =SUM(V2:V209) -> 839 | W210: =SUM(W2:W209) -> 274 | X210: =IF(T210="","",W210/U210) -> 0.48495575 | Y210: x
S211: #Games | T211: =COUNT(R2:R209) -> 208
S212: #Plays | T212: =COUNT(T2:T209) -> 5
S213: %Games | T213: =T212/T211 -> 0.024038462
S214: #Win | T214: =SUM(T2:T209) -> 4
S215: %WinRate | T215: =T214/T212 -> 0.8
S216: invest | T216: =U210 -> 565
S217: return | T217: =V210 -> 839
S218: profit | T218: =W210 -> 274
S219: %ROI | T219: =IF(T216=0,0,T218/T216) -> 0.48495575
R221: HF | S221: plays | T221: =COUNTIFS($I$2:$I$209,"HomFave",$T$2:$T$209,"1")+COUNTIFS($I$2:$I$209,"HomFave",$T$2:$T$209,"0") -> 5 | V221: VD | W221: plays | X221: =COUNTIFS($I$2:$I$209,"VisDog",$T$2:$T$209,"1")+COUNTIFS($I$2:$I$209,"VisDog",$T$2:$T$209,"0") -> 0
S222: wins | T222: =COUNTIFS($I$2:$I$209,"HomFave",$T$2:$T$209,"1") -> 4 | W222: wins | X222: =COUNTIFS($I$2:$I$209,"VisDog",$T$2:$T$209,"1") -> 0
S223: %WR | T223: =IF(T221=0,0,T222/T221) -> 0.8 | W223: %WR | X223: =IF(X221=0,0,X222/X221) -> 0
S224: invest | T224: =SUMIFS($U$2:$U$209,$I$2:$I$209,"HomFave") -> 565 | W224: invest | X224: =SUMIFS($U$2:$U$209,$I$2:$I$209,"VisDog") -> 0
S225: return | T225: =SUMIFS($V$2:$V$209,$I$2:$I$209,"HomFave") -> 839 | W225: return | X225: =SUMIFS($V$2:$V$209,$I$2:$I$209,"VisDog") -> 0
S226: profit | T226: =T225-T224 -> 274 | W226: profit | X226: =X225-X224 -> 0
S227: %ROI | T227: =IF(T224=0,0,T226/T224) -> 0.48495575 | W227: %ROI | X227: =IF(X224=0,0,X226/X224) -> 0
R229: VF | S229: plays | T229: =COUNTIFS($I$2:$I$209,"VisFave",$T$2:$T$209,"1")+COUNTIFS($I$2:$I$209,"VisFave",$T$2:$T$209,"0") -> 0 | V229: HD | W229: plays | X229: =COUNTIFS($I$2:$I$209,"HomDog",$T$2:$T$209,"1")+COUNTIFS($I$2:$I$209,"HomDog",$T$2:$T$209,"0") -> 0
S230: wins | T230: =COUNTIFS($I$2:$I$209,"VisFave",$T$2:$T$209,"1") -> 0 | W230: wins | X230: =COUNTIFS($I$2:$I$209,"HomDog",$T$2:$T$209,"1") -> 0
S231: %WR | T231: =IF(T229=0,0,T230/T229) -> 0 | W231: %WR | X231: =IF(X229=0,0,X230/X229) -> 0
S232: invest | T232: =SUMIFS($U$2:$U$209,$I$2:$I$209,"VisFave") -> 0 | W232: invest | X232: =SUMIFS($U$2:$U$209,$I$2:$I$209,"HomDog") -> 0
S233: return | T233: =SUMIFS($V$2:$V$209,$I$2:$I$209,"VisFave") -> 0 | W233: return | X233: =SUMIFS($V$2:$V$209,$I$2:$I$209,"HomDog") -> 0
S234: profit | T234: =T233-T232 -> 0 | W234: profit | X234: =X233-X232 -> 0
S235: %ROI | T235: =IF(T232=0,0,T234/T232) -> 0 | W235: %ROI | X235: =IF(X232=0,0,X234/X232) -> 0

Sheet 3Star
A1: G_Id | B1: G_Date | C1: G_H_Id | D1: HNAME | E1: G_V_Id | F1: VNAME | G1: H_Bookie_Bet_Price | H1: V_Bookie_Bet_Price | I1: Scion_Side_Play_Position | J1: Scion_H_ProbabilityEdge | K1: Scion_Side_Stars | L1: Scion_Side_Play_Confidence | M1: PlayByAgreement | N1: G_Bookie_TotalOver | O1: G_PH_Win | P1: G_H_Runs | Q1: G_V_Runs | R1: G_Actual_Runs_Diff | S1: Winning_Position | T1: WinBet? | U1: Invest | V1: Return | W1: Proft | X1: %ROI | Y1: Comments
A2: 824915 | B2: =VLOOKUP($A2,ScionOutput!$A$3:$BL$215,3,FALSE) -> 46179 | C2: =VLOOKUP($A2,ScionOutput!$A$3:$BL$215,22,FALSE) -> 0 | D2: =VLOOKUP($A2,ScionOutput!$A$3:$BL$215,23,FALSE) -> ATL | E2: =VLOOKUP($A2,ScionOutput!$A$3:$BL$215,6,FALSE) -> 22 | F2: =VLOOKUP($A2,ScionOutput!$A$3:$BL$215,7,FALSE) -> PIT | G2: =VLOOKUP($A2,ScionOutput!$A$3:$BL$215,26,FALSE) -> -110 | H2: =VLOOKUP($A2,ScionOutput!$A$3:$BL$215,10,FALSE) -> 100 | I2: =VLOOKUP($A2,ScionOutput!$A$3:$BL$215,58,FALSE) -> HomFave | J2: =VLOOKUP($A2,ScionOutput!$A$3:$BL$215,59,FALSE) -> 0.01837 | K2: =VLOOKUP($A2,ScionOutput!$A$3:$BL$215,62,FALSE) -> 1 | L2: =VLOOKUP($A2,ScionOutput!$A$3:$BL$215,63,FALSE) -> 0.93 | M2: =ISNUMBER(SEARCH("Play determined by LineStatEns and StatOnlyEns agreement", Y2)) -> TRUE | N2: =VLOOKUP($A2,Outcomes!$B$3:$I$209,8,FALSE) -> 9 | O2: =IF(P2>Q2,1,IF(P2<Q2,-1,0)) -> 1 | P2: =VLOOKUP($A2,Outcomes!$B$3:$I$209,5,FALSE) -> 6 | Q2: =VLOOKUP($A2,Outcomes!$B$3:$I$209,6,FALSE) -> 3 | R2: =VLOOKUP($A2,Outcomes!$B$3:$I$209,7,FALSE) -> -3 | S2: =IF(R2=0,"Push",IF(G2<H2,IF(R2<0,"HomFave","VisDog"),IF(R2>0,"VisFave","HomDog"))) -> HomFave | T2: =IF(OR(R2=0,I2="No Play",K2<>3),"",IF(S2=I2,1,0)) | U2: =IF(T2="","",IF(G2<H2,IF(I2="HomFave",ABS(G2),IF(H2<0,ABS(H2),100)),IF(I2="VisFave",ABS(H2),IF(G2<0,ABS(G2),100)))) | V2: =IF(T2="","",IF(T2=0,0,IF(G2<H2,IF(I2="HomFave",U2+100,IF(H2<0,100+U2,U2+ABS(H2))),IF(I2="VisFave",U2+100,IF(G2<0,100+U2,U2+ABS(G2)))))) | W2: =IF(T2="","",V2-U2) | X2: =IF(T2="","",W2/U2) | Y2: =VLOOKUP($A2,ScionOutput!$A$3:$BL$215,64,FALSE) -> 824915. Play determined by LineStatEns and StatOnlyEns agreement.
A3: 825075 | B3: =VLOOKUP($A3,ScionOutput!$A$3:$BL$215,3,FALSE) -> 46179 | C3: =VLOOKUP($A3,ScionOutput!$A$3:$BL$215,22,FALSE) -> 1 | D3: =VLOOKUP($A3,ScionOutput!$A$3:$BL$215,23,FALSE) -> ARZ | E3: =VLOOKUP($A3,ScionOutput!$A$3:$BL$215,6,FALSE) -> 16 | F3: =VLOOKUP($A3,ScionOutput!$A$3:$BL$215,7,FALSE) -> WAS | G3: =VLOOKUP($A3,ScionOutput!$A$3:$BL$215,26,FALSE) -> -155 | H3: =VLOOKUP($A3,ScionOutput!$A$3:$BL$215,10,FALSE) -> 140 | I3: =VLOOKUP($A3,ScionOutput!$A$3:$BL$215,58,FALSE) -> No Play | J3: =VLOOKUP($A3,ScionOutput!$A$3:$BL$215,59,FALSE) -> 0 | K3: =VLOOKUP($A3,ScionOutput!$A$3:$BL$215,62,FALSE) -> 0 | L3: =VLOOKUP($A3,ScionOutput!$A$3:$BL$215,63,FALSE) -> 0 | M3: =ISNUMBER(SEARCH("Play determined by LineStatEns and StatOnlyEns agreement", Y3)) -> FALSE | N3: =VLOOKUP($A3,Outcomes!$B$3:$I$209,8,FALSE) -> 7 | O3: =IF(P3>Q3,1,IF(P3<Q3,-1,0)) -> -1 | P3: =VLOOKUP($A3,Outcomes!$B$3:$I$209,5,FALSE) -> 1 | Q3: =VLOOKUP($A3,Outcomes!$B$3:$I$209,6,FALSE) -> 6 | R3: =VLOOKUP($A3,Outcomes!$B$3:$I$209,7,FALSE) -> 5 | S3: =IF(R3=0,"Push",IF(G3<H3,IF(R3<0,"HomFave","VisDog"),IF(R3>0,"VisFave","HomDog"))) -> VisDog | T3: =IF(OR(R3=0,I3="No Play",K3<>3),"",IF(S3=I3,1,0)) | U3: =IF(T3="","",IF(G3<H3,IF(I3="HomFave",ABS(G3),IF(H3<0,ABS(H3),100)),IF(I3="VisFave",ABS(H3),IF(G3<0,ABS(G3),100)))) | V3: =IF(T3="","",IF(T3=0,0,IF(G3<H3,IF(I3="HomFave",U3+100,IF(H3<0,100+U3,U3+ABS(H3))),IF(I3="VisFave",U3+100,IF(G3<0,100+U3,U3+ABS(G3)))))) | W3: =IF(T3="","",V3-U3) | X3: =IF(T3="","",W3/U3) | Y3: =VLOOKUP($A3,ScionOutput!$A$3:$BL$215,64,FALSE) -> 825075. LineStatEns is NoPlay as bookie-line outside range. StatOnlyEns is NoPlay as bookie-line outside range. No play due to strategy constraints.
A4: 824669 | B4: =VLOOKUP($A4,ScionOutput!$A$3:$BL$215,3,FALSE) -> 46179 | C4: =VLOOKUP($A4,ScionOutput!$A$3:$BL$215,22,FALSE) -> 5 | D4: =VLOOKUP($A4,ScionOutput!$A$3:$BL$215,23,FALSE) -> CHC | E4: =VLOOKUP($A4,ScionOutput!$A$3:$BL$215,6,FALSE) -> 25 | F4: =VLOOKUP($A4,ScionOutput!$A$3:$BL$215,7,FALSE) -> SF | G4: =VLOOKUP($A4,ScionOutput!$A$3:$BL$215,26,FALSE) -> -140 | H4: =VLOOKUP($A4,ScionOutput!$A$3:$BL$215,10,FALSE) -> 127 | I4: =VLOOKUP($A4,ScionOutput!$A$3:$BL$215,58,FALSE) -> No Play | J4: =VLOOKUP($A4,ScionOutput!$A$3:$BL$215,59,FALSE) -> 0 | K4: =VLOOKUP($A4,ScionOutput!$A$3:$BL$215,62,FALSE) -> 0 | L4: =VLOOKUP($A4,ScionOutput!$A$3:$BL$215,63,FALSE) -> 0 | M4: =ISNUMBER(SEARCH("Play determined by LineStatEns and StatOnlyEns agreement", Y4)) -> FALSE | N4: =VLOOKUP($A4,Outcomes!$B$3:$I$209,8,FALSE) -> 5 | O4: =IF(P4>Q4,1,IF(P4<Q4,-1,0)) -> 1 | P4: =VLOOKUP($A4,Outcomes!$B$3:$I$209,5,FALSE) -> 3 | Q4: =VLOOKUP($A4,Outcomes!$B$3:$I$209,6,FALSE) -> 2 | R4: =VLOOKUP($A4,Outcomes!$B$3:$I$209,7,FALSE) -> -1 | S4: =IF(R4=0,"Push",IF(G4<H4,IF(R4<0,"HomFave","VisDog"),IF(R4>0,"VisFave","HomDog"))) -> HomFave | T4: =IF(OR(R4=0,I4="No Play",K4<>3),"",IF(S4=I4,1,0)) | U4: =IF(T4="","",IF(G4<H4,IF(I4="HomFave",ABS(G4),IF(H4<0,ABS(H4),100)),IF(I4="VisFave",ABS(H4),IF(G4<0,ABS(G4),100)))) | V4: =IF(T4="","",IF(T4=0,0,IF(G4<H4,IF(I4="HomFave",U4+100,IF(H4<0,100+U4,U4+ABS(H4))),IF(I4="VisFave",U4+100,IF(G4<0,100+U4,U4+ABS(G4)))))) | W4: =IF(T4="","",V4-U4) | X4: =IF(T4="","",W4/U4) | Y4: =VLOOKUP($A4,ScionOutput!$A$3:$BL$215,64,FALSE) -> 824669. LineStatEns probability points gap does not exceed threshold (no edge found)! StatOnlyEns probability points gap does not exceed threshold (no edge found)! No play due to strategy constraints.
A5: 824351 | B5: =VLOOKUP($A5,ScionOutput!$A$3:$BL$215,3,FALSE) -> 46179 | C5: =VLOOKUP($A5,ScionOutput!$A$3:$BL$215,22,FALSE) -> 8 | D5: =VLOOKUP($A5,ScionOutput!$A$3:$BL$215,23,FALSE) -> COL | E5: =VLOOKUP($A5,ScionOutput!$A$3:$BL$215,6,FALSE) -> 17 | F5: =VLOOKUP($A5,ScionOutput!$A$3:$BL$215,7,FALSE) -> MLW | G5: =VLOOKUP($A5,ScionOutput!$A$3:$BL$215,26,FALSE) -> 214 | H5: =VLOOKUP($A5,ScionOutput!$A$3:$BL$215,10,FALSE) -> -240 | I5: =VLOOKUP($A5,ScionOutput!$A$3:$BL$215,58,FALSE) -> No Play | J5: =VLOOKUP($A5,ScionOutput!$A$3:$BL$215,59,FALSE) -> 0 | K5: =VLOOKUP($A5,ScionOutput!$A$3:$BL$215,62,FALSE) -> 0 | L5: =VLOOKUP($A5,ScionOutput!$A$3:$BL$215,63,FALSE) -> 0 | M5: =ISNUMBER(SEARCH("Play determined by LineStatEns and StatOnlyEns agreement", Y5)) -> FALSE | N5: =VLOOKUP($A5,Outcomes!$B$3:$I$209,8,FALSE) -> 8 | O5: =IF(P5>Q5,1,IF(P5<Q5,-1,0)) -> -1 | P5: =VLOOKUP($A5,Outcomes!$B$3:$I$209,5,FALSE) -> 1 | Q5: =VLOOKUP($A5,Outcomes!$B$3:$I$209,6,FALSE) -> 7 | R5: =VLOOKUP($A5,Outcomes!$B$3:$I$209,7,FALSE) -> 6 | S5: =IF(R5=0,"Push",IF(G5<H5,IF(R5<0,"HomFave","VisDog"),IF(R5>0,"VisFave","HomDog"))) -> VisFave | T5: =IF(OR(R5=0,I5="No Play",K5<>3),"",IF(S5=I5,1,0)) | U5: =IF(T5="","",IF(G5<H5,IF(I5="HomFave",ABS(G5),IF(H5<0,ABS(H5),100)),IF(I5="VisFave",ABS(H5),IF(G5<0,ABS(G5),100)))) | V5: =IF(T5="","",IF(T5=0,0,IF(G5<H5,IF(I5="HomFave",U5+100,IF(H5<0,100+U5,U5+ABS(H5))),IF(I5="VisFave",U5+100,IF(G5<0,100+U5,U5+ABS(G5)))))) | W5: =IF(T5="","",V5-U5) | X5: =IF(T5="","",W5/U5) | Y5: =VLOOKUP($A5,ScionOutput!$A$3:$BL$215,64,FALSE) -> 824351. LineStatEns is NoPlay as bookie-line outside range. StatOnlyEns is NoPlay as bookie-line outside range. No play due to strategy constraints.
A6: 824269 | B6: =VLOOKUP($A6,ScionOutput!$A$3:$BL$215,3,FALSE) -> 46179 | C6: =VLOOKUP($A6,ScionOutput!$A$3:$BL$215,22,FALSE) -> 10 | D6: =VLOOKUP($A6,ScionOutput!$A$3:$BL$215,23,FALSE) -> DET | E6: =VLOOKUP($A6,ScionOutput!$A$3:$BL$215,6,FALSE) -> 24 | F6: =VLOOKUP($A6,ScionOutput!$A$3:$BL$215,7,FALSE) -> SEA | G6: =VLOOKUP($A6,ScionOutput!$A$3:$BL$215,26,FALSE) -> 116 | H6: =VLOOKUP($A6,ScionOutput!$A$3:$BL$215,10,FALSE) -> -128 | I6: =VLOOKUP($A6,ScionOutput!$A$3:$BL$215,58,FALSE) -> No Play | J6: =VLOOKUP($A6,ScionOutput!$A$3:$BL$215,59,FALSE) -> 0 | K6: =VLOOKUP($A6,ScionOutput!$A$3:$BL$215,62,FALSE) -> 0 | L6: =VLOOKUP($A6,ScionOutput!$A$3:$BL$215,63,FALSE) -> 0 | M6: =ISNUMBER(SEARCH("Play determined by LineStatEns and StatOnlyEns agreement", Y6)) -> FALSE | N6: =VLOOKUP($A6,Outcomes!$B$3:$I$209,8,FALSE) -> 4 | O6: =IF(P6>Q6,1,IF(P6<Q6,-1,0)) -> -1 | P6: =VLOOKUP($A6,Outcomes!$B$3:$I$209,5,FALSE) -> 0 | Q6: =VLOOKUP($A6,Outcomes!$B$3:$I$209,6,FALSE) -> 4 | R6: =VLOOKUP($A6,Outcomes!$B$3:$I$209,7,FALSE) -> 4 | S6: =IF(R6=0,"Push",IF(G6<H6,IF(R6<0,"HomFave","VisDog"),IF(R6>0,"VisFave","HomDog"))) -> VisFave | T6: =IF(OR(R6=0,I6="No Play",K6<>3),"",IF(S6=I6,1,0)) | U6: =IF(T6="","",IF(G6<H6,IF(I6="HomFave",ABS(G6),IF(H6<0,ABS(H6),100)),IF(I6="VisFave",ABS(H6),IF(G6<0,ABS(G6),100)))) | V6: =IF(T6="","",IF(T6=0,0,IF(G6<H6,IF(I6="HomFave",U6+100,IF(H6<0,100+U6,U6+ABS(H6))),IF(I6="VisFave",U6+100,IF(G6<0,100+U6,U6+ABS(G6)))))) | W6: =IF(T6="","",V6-U6) | X6: =IF(T6="","",W6/U6) | Y6: =VLOOKUP($A6,ScionOutput!$A$3:$BL$215,64,FALSE) -> 824269. VF plays are disallowed. No play due to strategy constraints.
A7: 823859 | B7: =VLOOKUP($A7,ScionOutput!$A$3:$BL$215,3,FALSE) -> 46179 | C7: =VLOOKUP($A7,ScionOutput!$A$3:$BL$215,22,FALSE) -> 11 | D7: =VLOOKUP($A7,ScionOutput!$A$3:$BL$215,23,FALSE) -> FLO | E7: =VLOOKUP($A7,ScionOutput!$A$3:$BL$215,6,FALSE) -> 27 | F7: =VLOOKUP($A7,ScionOutput!$A$3:$BL$215,7,FALSE) -> TB | G7: =VLOOKUP($A7,ScionOutput!$A$3:$BL$215,26,FALSE) -> 117 | H7: =VLOOKUP($A7,ScionOutput!$A$3:$BL$215,10,FALSE) -> -129 | I7: =VLOOKUP($A7,ScionOutput!$A$3:$BL$215,58,FALSE) -> No Play | J7: =VLOOKUP($A7,ScionOutput!$A$3:$BL$215,59,FALSE) -> 0 | K7: =VLOOKUP($A7,ScionOutput!$A$3:$BL$215,62,FALSE) -> 0 | L7: =VLOOKUP($A7,ScionOutput!$A$3:$BL$215,63,FALSE) -> 0 | M7: =ISNUMBER(SEARCH("Play determined by LineStatEns and StatOnlyEns agreement", Y7)) -> FALSE | N7: =VLOOKUP($A7,Outcomes!$B$3:$I$209,8,FALSE) -> 7 | O7: =IF(P7>Q7,1,IF(P7<Q7,-1,0)) -> 1 | P7: =VLOOKUP($A7,Outcomes!$B$3:$I$209,5,FALSE) -> 4 | Q7: =VLOOKUP($A7,Outcomes!$B$3:$I$209,6,FALSE) -> 3 | R7: =VLOOKUP($A7,Outcomes!$B$3:$I$209,7,FALSE) -> -1 | S7: =IF(R7=0,"Push",IF(G7<H7,IF(R7<0,"HomFave","VisDog"),IF(R7>0,"VisFave","HomDog"))) -> HomDog | T7: =IF(OR(R7=0,I7="No Play",K7<>3),"",IF(S7=I7,1,0)) | U7: =IF(T7="","",IF(G7<H7,IF(I7="HomFave",ABS(G7),IF(H7<0,ABS(H7),100)),IF(I7="VisFave",ABS(H7),IF(G7<0,ABS(G7),100)))) | V7: =IF(T7="","",IF(T7=0,0,IF(G7<H7,IF(I7="HomFave",U7+100,IF(H7<0,100+U7,U7+ABS(H7))),IF(I7="VisFave",U7+100,IF(G7<0,100+U7,U7+ABS(G7)))))) | W7: =IF(T7="","",V7-U7) | X7: =IF(T7="","",W7/U7) | Y7: =VLOOKUP($A7,ScionOutput!$A$3:$BL$215,64,FALSE) -> 823859. VF plays are disallowed. No play due to strategy constraints.
A8: 824184 | B8: =VLOOKUP($A8,ScionOutput!$A$3:$BL$215,3,FALSE) -> 46179 | C8: =VLOOKUP($A8,ScionOutput!$A$3:$BL$215,22,FALSE) -> 12 | D8: =VLOOKUP($A8,ScionOutput!$A$3:$BL$215,23,FALSE) -> HOU | E8: =VLOOKUP($A8,ScionOutput!$A$3:$BL$215,6,FALSE) -> 20 | F8: =VLOOKUP($A8,ScionOutput!$A$3:$BL$215,7,FALSE) -> OAK | G8: =VLOOKUP($A8,ScionOutput!$A$3:$BL$215,26,FALSE) -> -107 | H8: =VLOOKUP($A8,ScionOutput!$A$3:$BL$215,10,FALSE) -> -103 | I8: =VLOOKUP($A8,ScionOutput!$A$3:$BL$215,58,FALSE) -> No Play | J8: =VLOOKUP($A8,ScionOutput!$A$3:$BL$215,59,FALSE) -> 0 | K8: =VLOOKUP($A8,ScionOutput!$A$3:$BL$215,62,FALSE) -> 0 | L8: =VLOOKUP($A8,ScionOutput!$A$3:$BL$215,63,FALSE) -> 0 | M8: =ISNUMBER(SEARCH("Play determined by LineStatEns and StatOnlyEns agreement", Y8)) -> FALSE | N8: =VLOOKUP($A8,Outcomes!$B$3:$I$209,8,FALSE) -> 15 | O8: =IF(P8>Q8,1,IF(P8<Q8,-1,0)) -> 1 | P8: =VLOOKUP($A8,Outcomes!$B$3:$I$209,5,FALSE) -> 13 | Q8: =VLOOKUP($A8,Outcomes!$B$3:$I$209,6,FALSE) -> 2 | R8: =VLOOKUP($A8,Outcomes!$B$3:$I$209,7,FALSE) -> -11 | S8: =IF(R8=0,"Push",IF(G8<H8,IF(R8<0,"HomFave","VisDog"),IF(R8>0,"VisFave","HomDog"))) -> HomFave | T8: =IF(OR(R8=0,I8="No Play",K8<>3),"",IF(S8=I8,1,0)) | U8: =IF(T8="","",IF(G8<H8,IF(I8="HomFave",ABS(G8),IF(H8<0,ABS(H8),100)),IF(I8="VisFave",ABS(H8),IF(G8<0,ABS(G8),100)))) | V8: =IF(T8="","",IF(T8=0,0,IF(G8<H8,IF(I8="HomFave",U8+100,IF(H8<0,100+U8,U8+ABS(H8))),IF(I8="VisFave",U8+100,IF(G8<0,100+U8,U8+ABS(G8)))))) | W8: =IF(T8="","",V8-U8) | X8: =IF(T8="","",W8/U8) | Y8: =VLOOKUP($A8,ScionOutput!$A$3:$BL$215,64,FALSE) -> 824184. V_SP is Null, team-based avg used. NoPlay as V_SP is Null.
A9: 823942 | B9: =VLOOKUP($A9,ScionOutput!$A$3:$BL$215,3,FALSE) -> 46179 | C9: =VLOOKUP($A9,ScionOutput!$A$3:$BL$215,22,FALSE) -> 14 | D9: =VLOOKUP($A9,ScionOutput!$A$3:$BL$215,23,FALSE) -> LA | E9: =VLOOKUP($A9,ScionOutput!$A$3:$BL$215,6,FALSE) -> 4 | F9: =VLOOKUP($A9,ScionOutput!$A$3:$BL$215,7,FALSE) -> LAA | G9: =VLOOKUP($A9,ScionOutput!$A$3:$BL$215,26,FALSE) -> -312 | H9: =VLOOKUP($A9,ScionOutput!$A$3:$BL$215,10,FALSE) -> 275 | I9: =VLOOKUP($A9,ScionOutput!$A$3:$BL$215,58,FALSE) -> No Play | J9: =VLOOKUP($A9,ScionOutput!$A$3:$BL$215,59,FALSE) -> 0 | K9: =VLOOKUP($A9,ScionOutput!$A$3:$BL$215,62,FALSE) -> 0 | L9: =VLOOKUP($A9,ScionOutput!$A$3:$BL$215,63,FALSE) -> 0 | M9: =ISNUMBER(SEARCH("Play determined by LineStatEns and StatOnlyEns agreement", Y9)) -> FALSE | N9: =VLOOKUP($A9,Outcomes!$B$3:$I$209,8,FALSE) -> 11 | O9: =IF(P9>Q9,1,IF(P9<Q9,-1,0)) -> 1 | P9: =VLOOKUP($A9,Outcomes!$B$3:$I$209,5,FALSE) -> 9 | Q9: =VLOOKUP($A9,Outcomes!$B$3:$I$209,6,FALSE) -> 2 | R9: =VLOOKUP($A9,Outcomes!$B$3:$I$209,7,FALSE) -> -7 | S9: =IF(R9=0,"Push",IF(G9<H9,IF(R9<0,"HomFave","VisDog"),IF(R9>0,"VisFave","HomDog"))) -> HomFave | T9: =IF(OR(R9=0,I9="No Play",K9<>3),"",IF(S9=I9,1,0)) | U9: =IF(T9="","",IF(G9<H9,IF(I9="HomFave",ABS(G9),IF(H9<0,ABS(H9),100)),IF(I9="VisFave",ABS(H9),IF(G9<0,ABS(G9),100)))) | V9: =IF(T9="","",IF(T9=0,0,IF(G9<H9,IF(I9="HomFave",U9+100,IF(H9<0,100+U9,U9+ABS(H9))),IF(I9="VisFave",U9+100,IF(G9<0,100+U9,U9+ABS(G9)))))) | W9: =IF(T9="","",V9-U9) | X9: =IF(T9="","",W9/U9) | Y9: =VLOOKUP($A9,ScionOutput!$A$3:$BL$215,64,FALSE) -> 823942. LineStatEns is NoPlay as bookie-line outside range. StatOnlyEns is NoPlay as bookie-line outside range. No play due to strategy constraints.
A10: 823697 | B10: =VLOOKUP($A10,ScionOutput!$A$3:$BL$215,3,FALSE) -> 46179 | C10: =VLOOKUP($A10,ScionOutput!$A$3:$BL$215,22,FALSE) -> 15 | D10: =VLOOKUP($A10,ScionOutput!$A$3:$BL$215,23,FALSE) -> MIN | E10: =VLOOKUP($A10,ScionOutput!$A$3:$BL$215,6,FALSE) -> 13 | F10: =VLOOKUP($A10,ScionOutput!$A$3:$BL$215,7,FALSE) -> KC | G10: =VLOOKUP($A10,ScionOutput!$A$3:$BL$215,26,FALSE) -> -145 | H10: =VLOOKUP($A10,ScionOutput!$A$3:$BL$215,10,FALSE) -> 131 | I10: =VLOOKUP($A10,ScionOutput!$A$3:$BL$215,58,FALSE) -> No Play | J10: =VLOOKUP($A10,ScionOutput!$A$3:$BL$215,59,FALSE) -> 0 | K10: =VLOOKUP($A10,ScionOutput!$A$3:$BL$215,62,FALSE) -> 0 | L10: =VLOOKUP($A10,ScionOutput!$A$3:$BL$215,63,FALSE) -> 0 | M10: =ISNUMBER(SEARCH("Play determined by LineStatEns and StatOnlyEns agreement", Y10)) -> FALSE | N10: =VLOOKUP($A10,Outcomes!$B$3:$I$209,8,FALSE) -> 5 | O10: =IF(P10>Q10,1,IF(P10<Q10,-1,0)) -> -1 | P10: =VLOOKUP($A10,Outcomes!$B$3:$I$209,5,FALSE) -> 2 | Q10: =VLOOKUP($A10,Outcomes!$B$3:$I$209,6,FALSE) -> 3 | R10: =VLOOKUP($A10,Outcomes!$B$3:$I$209,7,FALSE) -> 1 | S10: =IF(R10=0,"Push",IF(G10<H10,IF(R10<0,"HomFave","VisDog"),IF(R10>0,"VisFave","HomDog"))) -> VisDog | T10: =IF(OR(R10=0,I10="No Play",K10<>3),"",IF(S10=I10,1,0)) | U10: =IF(T10="","",IF(G10<H10,IF(I10="HomFave",ABS(G10),IF(H10<0,ABS(H10),100)),IF(I10="VisFave",ABS(H10),IF(G10<0,ABS(G10),100)))) | V10: =IF(T10="","",IF(T10=0,0,IF(G10<H10,IF(I10="HomFave",U10+100,IF(H10<0,100+U10,U10+ABS(H10))),IF(I10="VisFave",U10+100,IF(G10<0,100+U10,U10+ABS(G10)))))) | W10: =IF(T10="","",V10-U10) | X10: =IF(T10="","",W10/U10) | Y10: =VLOOKUP($A10,ScionOutput!$A$3:$BL$215,64,FALSE) -> 823697. LineStatEns probability points gap does not exceed threshold (no edge found)! StatOnlyEns probability points gap does not exceed threshold (no edge found)! No play due to strategy constraints.
A11: 823454 | B11: =VLOOKUP($A11,ScionOutput!$A$3:$BL$215,3,FALSE) -> 46179 | C11: =VLOOKUP($A11,ScionOutput!$A$3:$BL$215,22,FALSE) -> 21 | D11: =VLOOKUP($A11,ScionOutput!$A$3:$BL$215,23,FALSE) -> PHI | E11: =VLOOKUP($A11,ScionOutput!$A$3:$BL$215,6,FALSE) -> 9 | F11: =VLOOKUP($A11,ScionOutput!$A$3:$BL$215,7,FALSE) -> CWS | G11: =VLOOKUP($A11,ScionOutput!$A$3:$BL$215,26,FALSE) -> -123 | H11: =VLOOKUP($A11,ScionOutput!$A$3:$BL$215,10,FALSE) -> 112 | I11: =VLOOKUP($A11,ScionOutput!$A$3:$BL$215,58,FALSE) -> No Play | J11: =VLOOKUP($A11,ScionOutput!$A$3:$BL$215,59,FALSE) -> 0 | K11: =VLOOKUP($A11,ScionOutput!$A$3:$BL$215,62,FALSE) -> 0 | L11: =VLOOKUP($A11,ScionOutput!$A$3:$BL$215,63,FALSE) -> 0 | M11: =ISNUMBER(SEARCH("Play determined by LineStatEns and StatOnlyEns agreement", Y11)) -> FALSE | N11: =VLOOKUP($A11,Outcomes!$B$3:$I$209,8,FALSE) -> 9 | O11: =IF(P11>Q11,1,IF(P11<Q11,-1,0)) -> -1 | P11: =VLOOKUP($A11,Outcomes!$B$3:$I$209,5,FALSE) -> 3 | Q11: =VLOOKUP($A11,Outcomes!$B$3:$I$209,6,FALSE) -> 6 | R11: =VLOOKUP($A11,Outcomes!$B$3:$I$209,7,FALSE) -> 3 | S11: =IF(R11=0,"Push",IF(G11<H11,IF(R11<0,"HomFave","VisDog"),IF(R11>0,"VisFave","HomDog"))) -> VisDog | T11: =IF(OR(R11=0,I11="No Play",K11<>3),"",IF(S11=I11,1,0)) | U11: =IF(T11="","",IF(G11<H11,IF(I11="HomFave",ABS(G11),IF(H11<0,ABS(H11),100)),IF(I11="VisFave",ABS(H11),IF(G11<0,ABS(G11),100)))) | V11: =IF(T11="","",IF(T11=0,0,IF(G11<H11,IF(I11="HomFave",U11+100,IF(H11<0,100+U11,U11+ABS(H11))),IF(I11="VisFave",U11+100,IF(G11<0,100+U11,U11+ABS(G11)))))) | W11: =IF(T11="","",V11-U11) | X11: =IF(T11="","",W11/U11) | Y11: =VLOOKUP($A11,ScionOutput!$A$3:$BL$215,64,FALSE) -> 823454. LineStatEns probability points gap does not exceed threshold (no edge found)! No play due to strategy constraints.
A12: 823292 | B12: =VLOOKUP($A12,ScionOutput!$A$3:$BL$215,3,FALSE) -> 46179 | C12: =VLOOKUP($A12,ScionOutput!$A$3:$BL$215,22,FALSE) -> 23 | D12: =VLOOKUP($A12,ScionOutput!$A$3:$BL$215,23,FALSE) -> SD | E12: =VLOOKUP($A12,ScionOutput!$A$3:$BL$215,6,FALSE) -> 18 | F12: =VLOOKUP($A12,ScionOutput!$A$3:$BL$215,7,FALSE) -> NYM | G12: =VLOOKUP($A12,ScionOutput!$A$3:$BL$215,26,FALSE) -> 104 | H12: =VLOOKUP($A12,ScionOutput!$A$3:$BL$215,10,FALSE) -> -115 | I12: =VLOOKUP($A12,ScionOutput!$A$3:$BL$215,58,FALSE) -> No Play | J12: =VLOOKUP($A12,ScionOutput!$A$3:$BL$215,59,FALSE) -> 0 | K12: =VLOOKUP($A12,ScionOutput!$A$3:$BL$215,62,FALSE) -> 0 | L12: =VLOOKUP($A12,ScionOutput!$A$3:$BL$215,63,FALSE) -> 0 | M12: =ISNUMBER(SEARCH("Play determined by LineStatEns and StatOnlyEns agreement", Y12)) -> FALSE | N12: =VLOOKUP($A12,Outcomes!$B$3:$I$209,8,FALSE) -> 5 | O12: =IF(P12>Q12,1,IF(P12<Q12,-1,0)) -> 1 | P12: =VLOOKUP($A12,Outcomes!$B$3:$I$209,5,FALSE) -> 3 | Q12: =VLOOKUP($A12,Outcomes!$B$3:$I$209,6,FALSE) -> 2 | R12: =VLOOKUP($A12,Outcomes!$B$3:$I$209,7,FALSE) -> -1 | S12: =IF(R12=0,"Push",IF(G12<H12,IF(R12<0,"HomFave","VisDog"),IF(R12>0,"VisFave","HomDog"))) -> HomDog | T12: =IF(OR(R12=0,I12="No Play",K12<>3),"",IF(S12=I12,1,0)) | U12: =IF(T12="","",IF(G12<H12,IF(I12="HomFave",ABS(G12),IF(H12<0,ABS(H12),100)),IF(I12="VisFave",ABS(H12),IF(G12<0,ABS(G12),100)))) | V12: =IF(T12="","",IF(T12=0,0,IF(G12<H12,IF(I12="HomFave",U12+100,IF(H12<0,100+U12,U12+ABS(H12))),IF(I12="VisFave",U12+100,IF(G12<0,100+U12,U12+ABS(G12)))))) | W12: =IF(T12="","",V12-U12) | X12: =IF(T12="","",W12/U12) | Y12: =VLOOKUP($A12,ScionOutput!$A$3:$BL$215,64,FALSE) -> 823292. VF plays are disallowed. No play due to strategy constraints.
A13: 823048 | B13: =VLOOKUP($A13,ScionOutput!$A$3:$BL$215,3,FALSE) -> 46179 | C13: =VLOOKUP($A13,ScionOutput!$A$3:$BL$215,22,FALSE) -> 26 | D13: =VLOOKUP($A13,ScionOutput!$A$3:$BL$215,23,FALSE) -> STL | E13: =VLOOKUP($A13,ScionOutput!$A$3:$BL$215,6,FALSE) -> 6 | F13: =VLOOKUP($A13,ScionOutput!$A$3:$BL$215,7,FALSE) -> CIN | G13: =VLOOKUP($A13,ScionOutput!$A$3:$BL$215,26,FALSE) -> -125 | H13: =VLOOKUP($A13,ScionOutput!$A$3:$BL$215,10,FALSE) -> 113 | I13: =VLOOKUP($A13,ScionOutput!$A$3:$BL$215,58,FALSE) -> No Play | J13: =VLOOKUP($A13,ScionOutput!$A$3:$BL$215,59,FALSE) -> 0 | K13: =VLOOKUP($A13,ScionOutput!$A$3:$BL$215,62,FALSE) -> 0 | L13: =VLOOKUP($A13,ScionOutput!$A$3:$BL$215,63,FALSE) -> 0 | M13: =ISNUMBER(SEARCH("Play determined by LineStatEns and StatOnlyEns agreement", Y13)) -> FALSE | N13: =VLOOKUP($A13,Outcomes!$B$3:$I$209,8,FALSE) -> 11 | O13: =IF(P13>Q13,1,IF(P13<Q13,-1,0)) -> 1 | P13: =VLOOKUP($A13,Outcomes!$B$3:$I$209,5,FALSE) -> 6 | Q13: =VLOOKUP($A13,Outcomes!$B$3:$I$209,6,FALSE) -> 5 | R13: =VLOOKUP($A13,Outcomes!$B$3:$I$209,7,FALSE) -> -1 | S13: =IF(R13=0,"Push",IF(G13<H13,IF(R13<0,"HomFave","VisDog"),IF(R13>0,"VisFave","HomDog"))) -> HomFave | T13: =IF(OR(R13=0,I13="No Play",K13<>3),"",IF(S13=I13,1,0)) | U13: =IF(T13="","",IF(G13<H13,IF(I13="HomFave",ABS(G13),IF(H13<0,ABS(H13),100)),IF(I13="VisFave",ABS(H13),IF(G13<0,ABS(G13),100)))) | V13: =IF(T13="","",IF(T13=0,0,IF(G13<H13,IF(I13="HomFave",U13+100,IF(H13<0,100+U13,U13+ABS(H13))),IF(I13="VisFave",U13+100,IF(G13<0,100+U13,U13+ABS(G13)))))) | W13: =IF(T13="","",V13-U13) | X13: =IF(T13="","",W13/U13) | Y13: =VLOOKUP($A13,ScionOutput!$A$3:$BL$215,64,FALSE) -> 823048. LineStatEns probability points gap does not exceed threshold (no edge found)! StatOnlyEns probability points gap does not exceed threshold (no edge found)! No play due to strategy constraints.
... A209: 822883 | B209: =VLOOKUP($A209,ScionOutput!$A$3:$BL$215,3,FALSE) -> 46194 | C209: =VLOOKUP($A209,ScionOutput!$A$3:$BL$215,22,FALSE) -> 28 | D209: =VLOOKUP($A209,ScionOutput!$A$3:$BL$215,23,FALSE) -> TEX | E209: =VLOOKUP($A209,ScionOutput!$A$3:$BL$215,6,FALSE) -> 23 | F209: =VLOOKUP($A209,ScionOutput!$A$3:$BL$215,7,FALSE) -> SD | G209: =VLOOKUP($A209,ScionOutput!$A$3:$BL$215,26,FALSE) -> -160 | H209: =VLOOKUP($A209,ScionOutput!$A$3:$BL$215,10,FALSE) -> 147 | I209: =VLOOKUP($A209,ScionOutput!$A$3:$BL$215,58,FALSE) -> No Play | J209: =VLOOKUP($A209,ScionOutput!$A$3:$BL$215,59,FALSE) -> 0 | K209: =VLOOKUP($A209,ScionOutput!$A$3:$BL$215,62,FALSE) -> 0 | L209: =VLOOKUP($A209,ScionOutput!$A$3:$BL$215,63,FALSE) -> 0 | M209: =ISNUMBER(SEARCH("Play determined by LineStatEns and StatOnlyEns agreement", Y209)) -> FALSE | N209: =VLOOKUP($A209,Outcomes!$B$3:$I$209,8,FALSE) -> 7 | O209: =IF(P209>Q209,1,IF(P209<Q209,-1,0)) -> 1 | P209: =VLOOKUP($A209,Outcomes!$B$3:$I$209,5,FALSE) -> 4 | Q209: =VLOOKUP($A209,Outcomes!$B$3:$I$209,6,FALSE) -> 3 | R209: =VLOOKUP($A209,Outcomes!$B$3:$I$209,7,FALSE) -> -1 | S209: =IF(R209=0,"Push",IF(G209<H209,IF(R209<0,"HomFave","VisDog"),IF(R209>0,"VisFave","HomDog"))) -> HomFave | T209: =IF(OR(R209=0,I209="No Play",K209<>3),"",IF(S209=I209,1,0)) | U209: =IF(T209="","",IF(G209<H209,IF(I209="HomFave",ABS(G209),IF(H209<0,ABS(H209),100)),IF(I209="VisFave",ABS(H209),IF(G209<0,ABS(G209),100)))) | V209: =IF(T209="","",IF(T209=0,0,IF(G209<H209,IF(I209="HomFave",U209+100,IF(H209<0,100+U209,U209+ABS(H209))),IF(I209="VisFave",U209+100,IF(G209<0,100+U209,U209+ABS(G209)))))) | W209: =IF(T209="","",V209-U209) | X209: =IF(T209="","",W209/U209) | Y209: =VLOOKUP($A209,ScionOutput!$A$3:$BL$215,64,FALSE) -> 822883. LineStatEns is NoPlay as bookie-line outside range. StatOnlyEns is NoPlay as bookie-line outside range. No play due to strategy constraints.
D210: x | F210: x | G210: x | H210: x | I210: x | J210: x | K210: x | L210: x | M210: x | T210: x | U210: =SUM(U2:U209) -> 1410 | V210: =SUM(V2:V209) -> 1027 | W210: =SUM(W2:W209) -> -383 | X210: =IF(T210="","",W210/U210) -> -0.27163121 | Y210: x
S211: #Games | T211: =COUNT(R2:R209) -> 208
S212: #Plays | T212: =COUNT(T2:T209) -> 13
S213: %Games | T213: =T212/T211 -> 0.0625
S214: #Win | T214: =SUM(T2:T209) -> 5
S215: %WinRate | T215: =T214/T212 -> 0.38461538
S216: invest | T216: =U210 -> 1410
S217: return | T217: =V210 -> 1027
S218: profit | T218: =W210 -> -383
S219: %ROI | T219: =IF(T216=0,0,T218/T216) -> -0.27163121
R221: HF | S221: plays | T221: =COUNTIFS($I$2:$I$209,"HomFave",$T$2:$T$209,"1")+COUNTIFS($I$2:$I$209,"HomFave",$T$2:$T$209,"0") -> 7 | V221: VD | W221: plays | X221: =COUNTIFS($I$2:$I$209,"VisDog",$T$2:$T$209,"1")+COUNTIFS($I$2:$I$209,"VisDog",$T$2:$T$209,"0") -> 6
S222: wins | T222: =COUNTIFS($I$2:$I$209,"HomFave",$T$2:$T$209,"1") -> 2 | W222: wins | X222: =COUNTIFS($I$2:$I$209,"VisDog",$T$2:$T$209,"1") -> 3
S223: %WR | T223: =IF(T221=0,0,T222/T221) -> 0.28571429 | W223: %WR | X223: =IF(X221=0,0,X222/X221) -> 0.5
S224: invest | T224: =SUMIFS($U$2:$U$209,$I$2:$I$209,"HomFave") -> 806 | W224: invest | X224: =SUMIFS($U$2:$U$209,$I$2:$I$209,"VisDog") -> 604
S225: return | T225: =SUMIFS($V$2:$V$209,$I$2:$I$209,"HomFave") -> 420 | W225: return | X225: =SUMIFS($V$2:$V$209,$I$2:$I$209,"VisDog") -> 607
S226: profit | T226: =T225-T224 -> -386 | W226: profit | X226: =X225-X224 -> 3
S227: %ROI | T227: =IF(T224=0,0,T226/T224) -> -0.47890819 | W227: %ROI | X227: =IF(X224=0,0,X226/X224) -> 0.0049668874
R229: VF | S229: plays | T229: =COUNTIFS($I$2:$I$209,"VisFave",$T$2:$T$209,"1")+COUNTIFS($I$2:$I$209,"VisFave",$T$2:$T$209,"0") -> 0 | V229: HD | W229: plays | X229: =COUNTIFS($I$2:$I$209,"HomDog",$T$2:$T$209,"1")+COUNTIFS($I$2:$I$209,"HomDog",$T$2:$T$209,"0") -> 0
S230: wins | T230: =COUNTIFS($I$2:$I$209,"VisFave",$T$2:$T$209,"1") -> 0 | W230: wins | X230: =COUNTIFS($I$2:$I$209,"HomDog",$T$2:$T$209,"1") -> 0
S231: %WR | T231: =IF(T229=0,0,T230/T229) -> 0 | W231: %WR | X231: =IF(X229=0,0,X230/X229) -> 0
S232: invest | T232: =SUMIFS($U$2:$U$209,$I$2:$I$209,"VisFave") -> 0 | W232: invest | X232: =SUMIFS($U$2:$U$209,$I$2:$I$209,"HomDog") -> 0
S233: return | T233: =SUMIFS($V$2:$V$209,$I$2:$I$209,"VisFave") -> 0 | W233: return | X233: =SUMIFS($V$2:$V$209,$I$2:$I$209,"HomDog") -> 0
S234: profit | T234: =T233-T232 -> 0 | W234: profit | X234: =X233-X232 -> 0
S235: %ROI | T235: =IF(T232=0,0,T234/T232) -> 0 | W235: %ROI | X235: =IF(X232=0,0,X234/X232) -> 0

Sheet 5Star
A1: G_Id | B1: G_Date | C1: G_H_Id | D1: HNAME | E1: G_V_Id | F1: VNAME | G1: H_Bookie_Bet_Price | H1: V_Bookie_Bet_Price | I1: Scion_Side_Play_Position | J1: Scion_H_ProbabilityEdge | K1: Scion_Side_Stars | L1: Scion_Side_Play_Confidence | M1: PlayByAgreement | N1: G_Bookie_TotalOver | O1: G_PH_Win | P1: G_H_Runs | Q1: G_V_Runs | R1: G_Actual_Runs_Diff | S1: Winning_Position | T1: WinBet? | U1: Invest | V1: Return | W1: Proft | X1: %ROI | Y1: Comments
A2: 824915 | B2: =VLOOKUP($A2,ScionOutput!$A$3:$BL$215,3,FALSE) -> 46179 | C2: =VLOOKUP($A2,ScionOutput!$A$3:$BL$215,22,FALSE) -> 0 | D2: =VLOOKUP($A2,ScionOutput!$A$3:$BL$215,23,FALSE) -> ATL | E2: =VLOOKUP($A2,ScionOutput!$A$3:$BL$215,6,FALSE) -> 22 | F2: =VLOOKUP($A2,ScionOutput!$A$3:$BL$215,7,FALSE) -> PIT | G2: =VLOOKUP($A2,ScionOutput!$A$3:$BL$215,26,FALSE) -> -110 | H2: =VLOOKUP($A2,ScionOutput!$A$3:$BL$215,10,FALSE) -> 100 | I2: =VLOOKUP($A2,ScionOutput!$A$3:$BL$215,58,FALSE) -> HomFave | J2: =VLOOKUP($A2,ScionOutput!$A$3:$BL$215,59,FALSE) -> 0.01837 | K2: =VLOOKUP($A2,ScionOutput!$A$3:$BL$215,62,FALSE) -> 1 | L2: =VLOOKUP($A2,ScionOutput!$A$3:$BL$215,63,FALSE) -> 0.93 | M2: =ISNUMBER(SEARCH("Play determined by LineStatEns and StatOnlyEns agreement", Y2)) -> TRUE | N2: =VLOOKUP($A2,Outcomes!$B$3:$I$209,8,FALSE) -> 9 | O2: =IF(P2>Q2,1,IF(P2<Q2,-1,0)) -> 1 | P2: =VLOOKUP($A2,Outcomes!$B$3:$I$209,5,FALSE) -> 6 | Q2: =VLOOKUP($A2,Outcomes!$B$3:$I$209,6,FALSE) -> 3 | R2: =VLOOKUP($A2,Outcomes!$B$3:$I$209,7,FALSE) -> -3 | S2: =IF(R2=0,"Push",IF(G2<H2,IF(R2<0,"HomFave","VisDog"),IF(R2>0,"VisFave","HomDog"))) -> HomFave | T2: =IF(OR(R2=0,I2="No Play",K2<>5),"",IF(S2=I2,1,0)) | U2: =IF(T2="","",IF(G2<H2,IF(I2="HomFave",ABS(G2),IF(H2<0,ABS(H2),100)),IF(I2="VisFave",ABS(H2),IF(G2<0,ABS(G2),100)))) | V2: =IF(T2="","",IF(T2=0,0,IF(G2<H2,IF(I2="HomFave",U2+100,IF(H2<0,100+U2,U2+ABS(H2))),IF(I2="VisFave",U2+100,IF(G2<0,100+U2,U2+ABS(G2)))))) | W2: =IF(T2="","",V2-U2) | X2: =IF(T2="","",W2/U2) | Y2: =VLOOKUP($A2,ScionOutput!$A$3:$BL$215,64,FALSE) -> 824915. Play determined by LineStatEns and StatOnlyEns agreement.
A3: 825075 | B3: =VLOOKUP($A3,ScionOutput!$A$3:$BL$215,3,FALSE) -> 46179 | C3: =VLOOKUP($A3,ScionOutput!$A$3:$BL$215,22,FALSE) -> 1 | D3: =VLOOKUP($A3,ScionOutput!$A$3:$BL$215,23,FALSE) -> ARZ | E3: =VLOOKUP($A3,ScionOutput!$A$3:$BL$215,6,FALSE) -> 16 | F3: =VLOOKUP($A3,ScionOutput!$A$3:$BL$215,7,FALSE) -> WAS | G3: =VLOOKUP($A3,ScionOutput!$A$3:$BL$215,26,FALSE) -> -155 | H3: =VLOOKUP($A3,ScionOutput!$A$3:$BL$215,10,FALSE) -> 140 | I3: =VLOOKUP($A3,ScionOutput!$A$3:$BL$215,58,FALSE) -> No Play | J3: =VLOOKUP($A3,ScionOutput!$A$3:$BL$215,59,FALSE) -> 0 | K3: =VLOOKUP($A3,ScionOutput!$A$3:$BL$215,62,FALSE) -> 0 | L3: =VLOOKUP($A3,ScionOutput!$A$3:$BL$215,63,FALSE) -> 0 | M3: =ISNUMBER(SEARCH("Play determined by LineStatEns and StatOnlyEns agreement", Y3)) -> FALSE | N3: =VLOOKUP($A3,Outcomes!$B$3:$I$209,8,FALSE) -> 7 | O3: =IF(P3>Q3,1,IF(P3<Q3,-1,0)) -> -1 | P3: =VLOOKUP($A3,Outcomes!$B$3:$I$209,5,FALSE) -> 1 | Q3: =VLOOKUP($A3,Outcomes!$B$3:$I$209,6,FALSE) -> 6 | R3: =VLOOKUP($A3,Outcomes!$B$3:$I$209,7,FALSE) -> 5 | S3: =IF(R3=0,"Push",IF(G3<H3,IF(R3<0,"HomFave","VisDog"),IF(R3>0,"VisFave","HomDog"))) -> VisDog | T3: =IF(OR(R3=0,I3="No Play",K3<>5),"",IF(S3=I3,1,0)) | U3: =IF(T3="","",IF(G3<H3,IF(I3="HomFave",ABS(G3),IF(H3<0,ABS(H3),100)),IF(I3="VisFave",ABS(H3),IF(G3<0,ABS(G3),100)))) | V3: =IF(T3="","",IF(T3=0,0,IF(G3<H3,IF(I3="HomFave",U3+100,IF(H3<0,100+U3,U3+ABS(H3))),IF(I3="VisFave",U3+100,IF(G3<0,100+U3,U3+ABS(G3)))))) | W3: =IF(T3="","",V3-U3) | X3: =IF(T3="","",W3/U3) | Y3: =VLOOKUP($A3,ScionOutput!$A$3:$BL$215,64,FALSE) -> 825075. LineStatEns is NoPlay as bookie-line outside range. StatOnlyEns is NoPlay as bookie-line outside range. No play due to strategy constraints.
A4: 824669 | B4: =VLOOKUP($A4,ScionOutput!$A$3:$BL$215,3,FALSE) -> 46179 | C4: =VLOOKUP($A4,ScionOutput!$A$3:$BL$215,22,FALSE) -> 5 | D4: =VLOOKUP($A4,ScionOutput!$A$3:$BL$215,23,FALSE) -> CHC | E4: =VLOOKUP($A4,ScionOutput!$A$3:$BL$215,6,FALSE) -> 25 | F4: =VLOOKUP($A4,ScionOutput!$A$3:$BL$215,7,FALSE) -> SF | G4: =VLOOKUP($A4,ScionOutput!$A$3:$BL$215,26,FALSE) -> -140 | H4: =VLOOKUP($A4,ScionOutput!$A$3:$BL$215,10,FALSE) -> 127 | I4: =VLOOKUP($A4,ScionOutput!$A$3:$BL$215,58,FALSE) -> No Play | J4: =VLOOKUP($A4,ScionOutput!$A$3:$BL$215,59,FALSE) -> 0 | K4: =VLOOKUP($A4,ScionOutput!$A$3:$BL$215,62,FALSE) -> 0 | L4: =VLOOKUP($A4,ScionOutput!$A$3:$BL$215,63,FALSE) -> 0 | M4: =ISNUMBER(SEARCH("Play determined by LineStatEns and StatOnlyEns agreement", Y4)) -> FALSE | N4: =VLOOKUP($A4,Outcomes!$B$3:$I$209,8,FALSE) -> 5 | O4: =IF(P4>Q4,1,IF(P4<Q4,-1,0)) -> 1 | P4: =VLOOKUP($A4,Outcomes!$B$3:$I$209,5,FALSE) -> 3 | Q4: =VLOOKUP($A4,Outcomes!$B$3:$I$209,6,FALSE) -> 2 | R4: =VLOOKUP($A4,Outcomes!$B$3:$I$209,7,FALSE) -> -1 | S4: =IF(R4=0,"Push",IF(G4<H4,IF(R4<0,"HomFave","VisDog"),IF(R4>0,"VisFave","HomDog"))) -> HomFave | T4: =IF(OR(R4=0,I4="No Play",K4<>5),"",IF(S4=I4,1,0)) | U4: =IF(T4="","",IF(G4<H4,IF(I4="HomFave",ABS(G4),IF(H4<0,ABS(H4),100)),IF(I4="VisFave",ABS(H4),IF(G4<0,ABS(G4),100)))) | V4: =IF(T4="","",IF(T4=0,0,IF(G4<H4,IF(I4="HomFave",U4+100,IF(H4<0,100+U4,U4+ABS(H4))),IF(I4="VisFave",U4+100,IF(G4<0,100+U4,U4+ABS(G4)))))) | W4: =IF(T4="","",V4-U4) | X4: =IF(T4="","",W4/U4) | Y4: =VLOOKUP($A4,ScionOutput!$A$3:$BL$215,64,FALSE) -> 824669. LineStatEns probability points gap does not exceed threshold (no edge found)! StatOnlyEns probability points gap does not exceed threshold (no edge found)! No play due to strategy constraints.
A5: 824351 | B5: =VLOOKUP($A5,ScionOutput!$A$3:$BL$215,3,FALSE) -> 46179 | C5: =VLOOKUP($A5,ScionOutput!$A$3:$BL$215,22,FALSE) -> 8 | D5: =VLOOKUP($A5,ScionOutput!$A$3:$BL$215,23,FALSE) -> COL | E5: =VLOOKUP($A5,ScionOutput!$A$3:$BL$215,6,FALSE) -> 17 | F5: =VLOOKUP($A5,ScionOutput!$A$3:$BL$215,7,FALSE) -> MLW | G5: =VLOOKUP($A5,ScionOutput!$A$3:$BL$215,26,FALSE) -> 214 | H5: =VLOOKUP($A5,ScionOutput!$A$3:$BL$215,10,FALSE) -> -240 | I5: =VLOOKUP($A5,ScionOutput!$A$3:$BL$215,58,FALSE) -> No Play | J5: =VLOOKUP($A5,ScionOutput!$A$3:$BL$215,59,FALSE) -> 0 | K5: =VLOOKUP($A5,ScionOutput!$A$3:$BL$215,62,FALSE) -> 0 | L5: =VLOOKUP($A5,ScionOutput!$A$3:$BL$215,63,FALSE) -> 0 | M5: =ISNUMBER(SEARCH("Play determined by LineStatEns and StatOnlyEns agreement", Y5)) -> FALSE | N5: =VLOOKUP($A5,Outcomes!$B$3:$I$209,8,FALSE) -> 8 | O5: =IF(P5>Q5,1,IF(P5<Q5,-1,0)) -> -1 | P5: =VLOOKUP($A5,Outcomes!$B$3:$I$209,5,FALSE) -> 1 | Q5: =VLOOKUP($A5,Outcomes!$B$3:$I$209,6,FALSE) -> 7 | R5: =VLOOKUP($A5,Outcomes!$B$3:$I$209,7,FALSE) -> 6 | S5: =IF(R5=0,"Push",IF(G5<H5,IF(R5<0,"HomFave","VisDog"),IF(R5>0,"VisFave","HomDog"))) -> VisFave | T5: =IF(OR(R5=0,I5="No Play",K5<>5),"",IF(S5=I5,1,0)) | U5: =IF(T5="","",IF(G5<H5,IF(I5="HomFave",ABS(G5),IF(H5<0,ABS(H5),100)),IF(I5="VisFave",ABS(H5),IF(G5<0,ABS(G5),100)))) | V5: =IF(T5="","",IF(T5=0,0,IF(G5<H5,IF(I5="HomFave",U5+100,IF(H5<0,100+U5,U5+ABS(H5))),IF(I5="VisFave",U5+100,IF(G5<0,100+U5,U5+ABS(G5)))))) | W5: =IF(T5="","",V5-U5) | X5: =IF(T5="","",W5/U5) | Y5: =VLOOKUP($A5,ScionOutput!$A$3:$BL$215,64,FALSE) -> 824351. LineStatEns is NoPlay as bookie-line outside range. StatOnlyEns is NoPlay as bookie-line outside range. No play due to strategy constraints.
A6: 824269 | B6: =VLOOKUP($A6,ScionOutput!$A$3:$BL$215,3,FALSE) -> 46179 | C6: =VLOOKUP($A6,ScionOutput!$A$3:$BL$215,22,FALSE) -> 10 | D6: =VLOOKUP($A6,ScionOutput!$A$3:$BL$215,23,FALSE) -> DET | E6: =VLOOKUP($A6,ScionOutput!$A$3:$BL$215,6,FALSE) -> 24 | F6: =VLOOKUP($A6,ScionOutput!$A$3:$BL$215,7,FALSE) -> SEA | G6: =VLOOKUP($A6,ScionOutput!$A$3:$BL$215,26,FALSE) -> 116 | H6: =VLOOKUP($A6,ScionOutput!$A$3:$BL$215,10,FALSE) -> -128 | I6: =VLOOKUP($A6,ScionOutput!$A$3:$BL$215,58,FALSE) -> No Play | J6: =VLOOKUP($A6,ScionOutput!$A$3:$BL$215,59,FALSE) -> 0 | K6: =VLOOKUP($A6,ScionOutput!$A$3:$BL$215,62,FALSE) -> 0 | L6: =VLOOKUP($A6,ScionOutput!$A$3:$BL$215,63,FALSE) -> 0 | M6: =ISNUMBER(SEARCH("Play determined by LineStatEns and StatOnlyEns agreement", Y6)) -> FALSE | N6: =VLOOKUP($A6,Outcomes!$B$3:$I$209,8,FALSE) -> 4 | O6: =IF(P6>Q6,1,IF(P6<Q6,-1,0)) -> -1 | P6: =VLOOKUP($A6,Outcomes!$B$3:$I$209,5,FALSE) -> 0 | Q6: =VLOOKUP($A6,Outcomes!$B$3:$I$209,6,FALSE) -> 4 | R6: =VLOOKUP($A6,Outcomes!$B$3:$I$209,7,FALSE) -> 4 | S6: =IF(R6=0,"Push",IF(G6<H6,IF(R6<0,"HomFave","VisDog"),IF(R6>0,"VisFave","HomDog"))) -> VisFave | T6: =IF(OR(R6=0,I6="No Play",K6<>5),"",IF(S6=I6,1,0)) | U6: =IF(T6="","",IF(G6<H6,IF(I6="HomFave",ABS(G6),IF(H6<0,ABS(H6),100)),IF(I6="VisFave",ABS(H6),IF(G6<0,ABS(G6),100)))) | V6: =IF(T6="","",IF(T6=0,0,IF(G6<H6,IF(I6="HomFave",U6+100,IF(H6<0,100+U6,U6+ABS(H6))),IF(I6="VisFave",U6+100,IF(G6<0,100+U6,U6+ABS(G6)))))) | W6: =IF(T6="","",V6-U6) | X6: =IF(T6="","",W6/U6) | Y6: =VLOOKUP($A6,ScionOutput!$A$3:$BL$215,64,FALSE) -> 824269. VF plays are disallowed. No play due to strategy constraints.
A7: 823859 | B7: =VLOOKUP($A7,ScionOutput!$A$3:$BL$215,3,FALSE) -> 46179 | C7: =VLOOKUP($A7,ScionOutput!$A$3:$BL$215,22,FALSE) -> 11 | D7: =VLOOKUP($A7,ScionOutput!$A$3:$BL$215,23,FALSE) -> FLO | E7: =VLOOKUP($A7,ScionOutput!$A$3:$BL$215,6,FALSE) -> 27 | F7: =VLOOKUP($A7,ScionOutput!$A$3:$BL$215,7,FALSE) -> TB | G7: =VLOOKUP($A7,ScionOutput!$A$3:$BL$215,26,FALSE) -> 117 | H7: =VLOOKUP($A7,ScionOutput!$A$3:$BL$215,10,FALSE) -> -129 | I7: =VLOOKUP($A7,ScionOutput!$A$3:$BL$215,58,FALSE) -> No Play | J7: =VLOOKUP($A7,ScionOutput!$A$3:$BL$215,59,FALSE) -> 0 | K7: =VLOOKUP($A7,ScionOutput!$A$3:$BL$215,62,FALSE) -> 0 | L7: =VLOOKUP($A7,ScionOutput!$A$3:$BL$215,63,FALSE) -> 0 | M7: =ISNUMBER(SEARCH("Play determined by LineStatEns and StatOnlyEns agreement", Y7)) -> FALSE | N7: =VLOOKUP($A7,Outcomes!$B$3:$I$209,8,FALSE) -> 7 | O7: =IF(P7>Q7,1,IF(P7<Q7,-1,0)) -> 1 | P7: =VLOOKUP($A7,Outcomes!$B$3:$I$209,5,FALSE) -> 4 | Q7: =VLOOKUP($A7,Outcomes!$B$3:$I$209,6,FALSE) -> 3 | R7: =VLOOKUP($A7,Outcomes!$B$3:$I$209,7,FALSE) -> -1 | S7: =IF(R7=0,"Push",IF(G7<H7,IF(R7<0,"HomFave","VisDog"),IF(R7>0,"VisFave","HomDog"))) -> HomDog | T7: =IF(OR(R7=0,I7="No Play",K7<>5),"",IF(S7=I7,1,0)) | U7: =IF(T7="","",IF(G7<H7,IF(I7="HomFave",ABS(G7),IF(H7<0,ABS(H7),100)),IF(I7="VisFave",ABS(H7),IF(G7<0,ABS(G7),100)))) | V7: =IF(T7="","",IF(T7=0,0,IF(G7<H7,IF(I7="HomFave",U7+100,IF(H7<0,100+U7,U7+ABS(H7))),IF(I7="VisFave",U7+100,IF(G7<0,100+U7,U7+ABS(G7)))))) | W7: =IF(T7="","",V7-U7) | X7: =IF(T7="","",W7/U7) | Y7: =VLOOKUP($A7,ScionOutput!$A$3:$BL$215,64,FALSE) -> 823859. VF plays are disallowed. No play due to strategy constraints.
A8: 824184 | B8: =VLOOKUP($A8,ScionOutput!$A$3:$BL$215,3,FALSE) -> 46179 | C8: =VLOOKUP($A8,ScionOutput!$A$3:$BL$215,22,FALSE) -> 12 | D8: =VLOOKUP($A8,ScionOutput!$A$3:$BL$215,23,FALSE) -> HOU | E8: =VLOOKUP($A8,ScionOutput!$A$3:$BL$215,6,FALSE) -> 20 | F8: =VLOOKUP($A8,ScionOutput!$A$3:$BL$215,7,FALSE) -> OAK | G8: =VLOOKUP($A8,ScionOutput!$A$3:$BL$215,26,FALSE) -> -107 | H8: =VLOOKUP($A8,ScionOutput!$A$3:$BL$215,10,FALSE) -> -103 | I8: =VLOOKUP($A8,ScionOutput!$A$3:$BL$215,58,FALSE) -> No Play | J8: =VLOOKUP($A8,ScionOutput!$A$3:$BL$215,59,FALSE) -> 0 | K8: =VLOOKUP($A8,ScionOutput!$A$3:$BL$215,62,FALSE) -> 0 | L8: =VLOOKUP($A8,ScionOutput!$A$3:$BL$215,63,FALSE) -> 0 | M8: =ISNUMBER(SEARCH("Play determined by LineStatEns and StatOnlyEns agreement", Y8)) -> FALSE | N8: =VLOOKUP($A8,Outcomes!$B$3:$I$209,8,FALSE) -> 15 | O8: =IF(P8>Q8,1,IF(P8<Q8,-1,0)) -> 1 | P8: =VLOOKUP($A8,Outcomes!$B$3:$I$209,5,FALSE) -> 13 | Q8: =VLOOKUP($A8,Outcomes!$B$3:$I$209,6,FALSE) -> 2 | R8: =VLOOKUP($A8,Outcomes!$B$3:$I$209,7,FALSE) -> -11 | S8: =IF(R8=0,"Push",IF(G8<H8,IF(R8<0,"HomFave","VisDog"),IF(R8>0,"VisFave","HomDog"))) -> HomFave | T8: =IF(OR(R8=0,I8="No Play",K8<>5),"",IF(S8=I8,1,0)) | U8: =IF(T8="","",IF(G8<H8,IF(I8="HomFave",ABS(G8),IF(H8<0,ABS(H8),100)),IF(I8="VisFave",ABS(H8),IF(G8<0,ABS(G8),100)))) | V8: =IF(T8="","",IF(T8=0,0,IF(G8<H8,IF(I8="HomFave",U8+100,IF(H8<0,100+U8,U8+ABS(H8))),IF(I8="VisFave",U8+100,IF(G8<0,100+U8,U8+ABS(G8)))))) | W8: =IF(T8="","",V8-U8) | X8: =IF(T8="","",W8/U8) | Y8: =VLOOKUP($A8,ScionOutput!$A$3:$BL$215,64,FALSE) -> 824184. V_SP is Null, team-based avg used. NoPlay as V_SP is Null.
A9: 823942 | B9: =VLOOKUP($A9,ScionOutput!$A$3:$BL$215,3,FALSE) -> 46179 | C9: =VLOOKUP($A9,ScionOutput!$A$3:$BL$215,22,FALSE) -> 14 | D9: =VLOOKUP($A9,ScionOutput!$A$3:$BL$215,23,FALSE) -> LA | E9: =VLOOKUP($A9,ScionOutput!$A$3:$BL$215,6,FALSE) -> 4 | F9: =VLOOKUP($A9,ScionOutput!$A$3:$BL$215,7,FALSE) -> LAA | G9: =VLOOKUP($A9,ScionOutput!$A$3:$BL$215,26,FALSE) -> -312 | H9: =VLOOKUP($A9,ScionOutput!$A$3:$BL$215,10,FALSE) -> 275 | I9: =VLOOKUP($A9,ScionOutput!$A$3:$BL$215,58,FALSE) -> No Play | J9: =VLOOKUP($A9,ScionOutput!$A$3:$BL$215,59,FALSE) -> 0 | K9: =VLOOKUP($A9,ScionOutput!$A$3:$BL$215,62,FALSE) -> 0 | L9: =VLOOKUP($A9,ScionOutput!$A$3:$BL$215,63,FALSE) -> 0 | M9: =ISNUMBER(SEARCH("Play determined by LineStatEns and StatOnlyEns agreement", Y9)) -> FALSE | N9: =VLOOKUP($A9,Outcomes!$B$3:$I$209,8,FALSE) -> 11 | O9: =IF(P9>Q9,1,IF(P9<Q9,-1,0)) -> 1 | P9: =VLOOKUP($A9,Outcomes!$B$3:$I$209,5,FALSE) -> 9 | Q9: =VLOOKUP($A9,Outcomes!$B$3:$I$209,6,FALSE) -> 2 | R9: =VLOOKUP($A9,Outcomes!$B$3:$I$209,7,FALSE) -> -7 | S9: =IF(R9=0,"Push",IF(G9<H9,IF(R9<0,"HomFave","VisDog"),IF(R9>0,"VisFave","HomDog"))) -> HomFave | T9: =IF(OR(R9=0,I9="No Play",K9<>5),"",IF(S9=I9,1,0)) | U9: =IF(T9="","",IF(G9<H9,IF(I9="HomFave",ABS(G9),IF(H9<0,ABS(H9),100)),IF(I9="VisFave",ABS(H9),IF(G9<0,ABS(G9),100)))) | V9: =IF(T9="","",IF(T9=0,0,IF(G9<H9,IF(I9="HomFave",U9+100,IF(H9<0,100+U9,U9+ABS(H9))),IF(I9="VisFave",U9+100,IF(G9<0,100+U9,U9+ABS(G9)))))) | W9: =IF(T9="","",V9-U9) | X9: =IF(T9="","",W9/U9) | Y9: =VLOOKUP($A9,ScionOutput!$A$3:$BL$215,64,FALSE) -> 823942. LineStatEns is NoPlay as bookie-line outside range. StatOnlyEns is NoPlay as bookie-line outside range. No play due to strategy constraints.
A10: 823697 | B10: =VLOOKUP($A10,ScionOutput!$A$3:$BL$215,3,FALSE) -> 46179 | C10: =VLOOKUP($A10,ScionOutput!$A$3:$BL$215,22,FALSE) -> 15 | D10: =VLOOKUP($A10,ScionOutput!$A$3:$BL$215,23,FALSE) -> MIN | E10: =VLOOKUP($A10,ScionOutput!$A$3:$BL$215,6,FALSE) -> 13 | F10: =VLOOKUP($A10,ScionOutput!$A$3:$BL$215,7,FALSE) -> KC | G10: =VLOOKUP($A10,ScionOutput!$A$3:$BL$215,26,FALSE) -> -145 | H10: =VLOOKUP($A10,ScionOutput!$A$3:$BL$215,10,FALSE) -> 131 | I10: =VLOOKUP($A10,ScionOutput!$A$3:$BL$215,58,FALSE) -> No Play | J10: =VLOOKUP($A10,ScionOutput!$A$3:$BL$215,59,FALSE) -> 0 | K10: =VLOOKUP($A10,ScionOutput!$A$3:$BL$215,62,FALSE) -> 0 | L10: =VLOOKUP($A10,ScionOutput!$A$3:$BL$215,63,FALSE) -> 0 | M10: =ISNUMBER(SEARCH("Play determined by LineStatEns and StatOnlyEns agreement", Y10)) -> FALSE | N10: =VLOOKUP($A10,Outcomes!$B$3:$I$209,8,FALSE) -> 5 | O10: =IF(P10>Q10,1,IF(P10<Q10,-1,0)) -> -1 | P10: =VLOOKUP($A10,Outcomes!$B$3:$I$209,5,FALSE) -> 2 | Q10: =VLOOKUP($A10,Outcomes!$B$3:$I$209,6,FALSE) -> 3 | R10: =VLOOKUP($A10,Outcomes!$B$3:$I$209,7,FALSE) -> 1 | S10: =IF(R10=0,"Push",IF(G10<H10,IF(R10<0,"HomFave","VisDog"),IF(R10>0,"VisFave","HomDog"))) -> VisDog | T10: =IF(OR(R10=0,I10="No Play",K10<>5),"",IF(S10=I10,1,0)) | U10: =IF(T10="","",IF(G10<H10,IF(I10="HomFave",ABS(G10),IF(H10<0,ABS(H10),100)),IF(I10="VisFave",ABS(H10),IF(G10<0,ABS(G10),100)))) | V10: =IF(T10="","",IF(T10=0,0,IF(G10<H10,IF(I10="HomFave",U10+100,IF(H10<0,100+U10,U10+ABS(H10))),IF(I10="VisFave",U10+100,IF(G10<0,100+U10,U10+ABS(G10)))))) | W10: =IF(T10="","",V10-U10) | X10: =IF(T10="","",W10/U10) | Y10: =VLOOKUP($A10,ScionOutput!$A$3:$BL$215,64,FALSE) -> 823697. LineStatEns probability points gap does not exceed threshold (no edge found)! StatOnlyEns probability points gap does not exceed threshold (no edge found)! No play due to strategy constraints.
A11: 823454 | B11: =VLOOKUP($A11,ScionOutput!$A$3:$BL$215,3,FALSE) -> 46179 | C11: =VLOOKUP($A11,ScionOutput!$A$3:$BL$215,22,FALSE) -> 21 | D11: =VLOOKUP($A11,ScionOutput!$A$3:$BL$215,23,FALSE) -> PHI | E11: =VLOOKUP($A11,ScionOutput!$A$3:$BL$215,6,FALSE) -> 9 | F11: =VLOOKUP($A11,ScionOutput!$A$3:$BL$215,7,FALSE) -> CWS | G11: =VLOOKUP($A11,ScionOutput!$A$3:$BL$215,26,FALSE) -> -123 | H11: =VLOOKUP($A11,ScionOutput!$A$3:$BL$215,10,FALSE) -> 112 | I11: =VLOOKUP($A11,ScionOutput!$A$3:$BL$215,58,FALSE) -> No Play | J11: =VLOOKUP($A11,ScionOutput!$A$3:$BL$215,59,FALSE) -> 0 | K11: =VLOOKUP($A11,ScionOutput!$A$3:$BL$215,62,FALSE) -> 0 | L11: =VLOOKUP($A11,ScionOutput!$A$3:$BL$215,63,FALSE) -> 0 | M11: =ISNUMBER(SEARCH("Play determined by LineStatEns and StatOnlyEns agreement", Y11)) -> FALSE | N11: =VLOOKUP($A11,Outcomes!$B$3:$I$209,8,FALSE) -> 9 | O11: =IF(P11>Q11,1,IF(P11<Q11,-1,0)) -> -1 | P11: =VLOOKUP($A11,Outcomes!$B$3:$I$209,5,FALSE) -> 3 | Q11: =VLOOKUP($A11,Outcomes!$B$3:$I$209,6,FALSE) -> 6 | R11: =VLOOKUP($A11,Outcomes!$B$3:$I$209,7,FALSE) -> 3 | S11: =IF(R11=0,"Push",IF(G11<H11,IF(R11<0,"HomFave","VisDog"),IF(R11>0,"VisFave","HomDog"))) -> VisDog | T11: =IF(OR(R11=0,I11="No Play",K11<>5),"",IF(S11=I11,1,0)) | U11: =IF(T11="","",IF(G11<H11,IF(I11="HomFave",ABS(G11),IF(H11<0,ABS(H11),100)),IF(I11="VisFave",ABS(H11),IF(G11<0,ABS(G11),100)))) | V11: =IF(T11="","",IF(T11=0,0,IF(G11<H11,IF(I11="HomFave",U11+100,IF(H11<0,100+U11,U11+ABS(H11))),IF(I11="VisFave",U11+100,IF(G11<0,100+U11,U11+ABS(G11)))))) | W11: =IF(T11="","",V11-U11) | X11: =IF(T11="","",W11/U11) | Y11: =VLOOKUP($A11,ScionOutput!$A$3:$BL$215,64,FALSE) -> 823454. LineStatEns probability points gap does not exceed threshold (no edge found)! No play due to strategy constraints.
A12: 823292 | B12: =VLOOKUP($A12,ScionOutput!$A$3:$BL$215,3,FALSE) -> 46179 | C12: =VLOOKUP($A12,ScionOutput!$A$3:$BL$215,22,FALSE) -> 23 | D12: =VLOOKUP($A12,ScionOutput!$A$3:$BL$215,23,FALSE) -> SD | E12: =VLOOKUP($A12,ScionOutput!$A$3:$BL$215,6,FALSE) -> 18 | F12: =VLOOKUP($A12,ScionOutput!$A$3:$BL$215,7,FALSE) -> NYM | G12: =VLOOKUP($A12,ScionOutput!$A$3:$BL$215,26,FALSE) -> 104 | H12: =VLOOKUP($A12,ScionOutput!$A$3:$BL$215,10,FALSE) -> -115 | I12: =VLOOKUP($A12,ScionOutput!$A$3:$BL$215,58,FALSE) -> No Play | J12: =VLOOKUP($A12,ScionOutput!$A$3:$BL$215,59,FALSE) -> 0 | K12: =VLOOKUP($A12,ScionOutput!$A$3:$BL$215,62,FALSE) -> 0 | L12: =VLOOKUP($A12,ScionOutput!$A$3:$BL$215,63,FALSE) -> 0 | M12: =ISNUMBER(SEARCH("Play determined by LineStatEns and StatOnlyEns agreement", Y12)) -> FALSE | N12: =VLOOKUP($A12,Outcomes!$B$3:$I$209,8,FALSE) -> 5 | O12: =IF(P12>Q12,1,IF(P12<Q12,-1,0)) -> 1 | P12: =VLOOKUP($A12,Outcomes!$B$3:$I$209,5,FALSE) -> 3 | Q12: =VLOOKUP($A12,Outcomes!$B$3:$I$209,6,FALSE) -> 2 | R12: =VLOOKUP($A12,Outcomes!$B$3:$I$209,7,FALSE) -> -1 | S12: =IF(R12=0,"Push",IF(G12<H12,IF(R12<0,"HomFave","VisDog"),IF(R12>0,"VisFave","HomDog"))) -> HomDog | T12: =IF(OR(R12=0,I12="No Play",K12<>5),"",IF(S12=I12,1,0)) | U12: =IF(T12="","",IF(G12<H12,IF(I12="HomFave",ABS(G12),IF(H12<0,ABS(H12),100)),IF(I12="VisFave",ABS(H12),IF(G12<0,ABS(G12),100)))) | V12: =IF(T12="","",IF(T12=0,0,IF(G12<H12,IF(I12="HomFave",U12+100,IF(H12<0,100+U12,U12+ABS(H12))),IF(I12="VisFave",U12+100,IF(G12<0,100+U12,U12+ABS(G12)))))) | W12: =IF(T12="","",V12-U12) | X12: =IF(T12="","",W12/U12) | Y12: =VLOOKUP($A12,ScionOutput!$A$3:$BL$215,64,FALSE) -> 823292. VF plays are disallowed. No play due to strategy constraints.
A13: 823048 | B13: =VLOOKUP($A13,ScionOutput!$A$3:$BL$215,3,FALSE) -> 46179 | C13: =VLOOKUP($A13,ScionOutput!$A$3:$BL$215,22,FALSE) -> 26 | D13: =VLOOKUP($A13,ScionOutput!$A$3:$BL$215,23,FALSE) -> STL | E13: =VLOOKUP($A13,ScionOutput!$A$3:$BL$215,6,FALSE) -> 6 | F13: =VLOOKUP($A13,ScionOutput!$A$3:$BL$215,7,FALSE) -> CIN | G13: =VLOOKUP($A13,ScionOutput!$A$3:$BL$215,26,FALSE) -> -125 | H13: =VLOOKUP($A13,ScionOutput!$A$3:$BL$215,10,FALSE) -> 113 | I13: =VLOOKUP($A13,ScionOutput!$A$3:$BL$215,58,FALSE) -> No Play | J13: =VLOOKUP($A13,ScionOutput!$A$3:$BL$215,59,FALSE) -> 0 | K13: =VLOOKUP($A13,ScionOutput!$A$3:$BL$215,62,FALSE) -> 0 | L13: =VLOOKUP($A13,ScionOutput!$A$3:$BL$215,63,FALSE) -> 0 | M13: =ISNUMBER(SEARCH("Play determined by LineStatEns and StatOnlyEns agreement", Y13)) -> FALSE | N13: =VLOOKUP($A13,Outcomes!$B$3:$I$209,8,FALSE) -> 11 | O13: =IF(P13>Q13,1,IF(P13<Q13,-1,0)) -> 1 | P13: =VLOOKUP($A13,Outcomes!$B$3:$I$209,5,FALSE) -> 6 | Q13: =VLOOKUP($A13,Outcomes!$B$3:$I$209,6,FALSE) -> 5 | R13: =VLOOKUP($A13,Outcomes!$B$3:$I$209,7,FALSE) -> -1 | S13: =IF(R13=0,"Push",IF(G13<H13,IF(R13<0,"HomFave","VisDog"),IF(R13>0,"VisFave","HomDog"))) -> HomFave | T13: =IF(OR(R13=0,I13="No Play",K13<>5),"",IF(S13=I13,1,0)) | U13: =IF(T13="","",IF(G13<H13,IF(I13="HomFave",ABS(G13),IF(H13<0,ABS(H13),100)),IF(I13="VisFave",ABS(H13),IF(G13<0,ABS(G13),100)))) | V13: =IF(T13="","",IF(T13=0,0,IF(G13<H13,IF(I13="HomFave",U13+100,IF(H13<0,100+U13,U13+ABS(H13))),IF(I13="VisFave",U13+100,IF(G13<0,100+U13,U13+ABS(G13)))))) | W13: =IF(T13="","",V13-U13) | X13: =IF(T13="","",W13/U13) | Y13: =VLOOKUP($A13,ScionOutput!$A$3:$BL$215,64,FALSE) -> 823048. LineStatEns probability points gap does not exceed threshold (no edge found)! StatOnlyEns probability points gap does not exceed threshold (no edge found)! No play due to strategy constraints.
... A209: 822883 | B209: =VLOOKUP($A209,ScionOutput!$A$3:$BL$215,3,FALSE) -> 46194 | C209: =VLOOKUP($A209,ScionOutput!$A$3:$BL$215,22,FALSE) -> 28 | D209: =VLOOKUP($A209,ScionOutput!$A$3:$BL$215,23,FALSE) -> TEX | E209: =VLOOKUP($A209,ScionOutput!$A$3:$BL$215,6,FALSE) -> 23 | F209: =VLOOKUP($A209,ScionOutput!$A$3:$BL$215,7,FALSE) -> SD | G209: =VLOOKUP($A209,ScionOutput!$A$3:$BL$215,26,FALSE) -> -160 | H209: =VLOOKUP($A209,ScionOutput!$A$3:$BL$215,10,FALSE) -> 147 | I209: =VLOOKUP($A209,ScionOutput!$A$3:$BL$215,58,FALSE) -> No Play | J209: =VLOOKUP($A209,ScionOutput!$A$3:$BL$215,59,FALSE) -> 0 | K209: =VLOOKUP($A209,ScionOutput!$A$3:$BL$215,62,FALSE) -> 0 | L209: =VLOOKUP($A209,ScionOutput!$A$3:$BL$215,63,FALSE) -> 0 | M209: =ISNUMBER(SEARCH("Play determined by LineStatEns and StatOnlyEns agreement", Y209)) -> FALSE | N209: =VLOOKUP($A209,Outcomes!$B$3:$I$209,8,FALSE) -> 7 | O209: =IF(P209>Q209,1,IF(P209<Q209,-1,0)) -> 1 | P209: =VLOOKUP($A209,Outcomes!$B$3:$I$209,5,FALSE) -> 4 | Q209: =VLOOKUP($A209,Outcomes!$B$3:$I$209,6,FALSE) -> 3 | R209: =VLOOKUP($A209,Outcomes!$B$3:$I$209,7,FALSE) -> -1 | S209: =IF(R209=0,"Push",IF(G209<H209,IF(R209<0,"HomFave","VisDog"),IF(R209>0,"VisFave","HomDog"))) -> HomFave | T209: =IF(OR(R209=0,I209="No Play",K209<>5),"",IF(S209=I209,1,0)) | U209: =IF(T209="","",IF(G209<H209,IF(I209="HomFave",ABS(G209),IF(H209<0,ABS(H209),100)),IF(I209="VisFave",ABS(H209),IF(G209<0,ABS(G209),100)))) | V209: =IF(T209="","",IF(T209=0,0,IF(G209<H209,IF(I209="HomFave",U209+100,IF(H209<0,100+U209,U209+ABS(H209))),IF(I209="VisFave",U209+100,IF(G209<0,100+U209,U209+ABS(G209)))))) | W209: =IF(T209="","",V209-U209) | X209: =IF(T209="","",W209/U209) | Y209: =VLOOKUP($A209,ScionOutput!$A$3:$BL$215,64,FALSE) -> 822883. LineStatEns is NoPlay as bookie-line outside range. StatOnlyEns is NoPlay as bookie-line outside range. No play due to strategy constraints.
D210: x | F210: x | G210: x | H210: x | I210: x | J210: x | K210: x | L210: x | M210: x | T210: x | U210: =SUM(U2:U209) -> 1631 | V210: =SUM(V2:V209) -> 1037 | W210: =SUM(W2:W209) -> -594 | X210: =IF(T210="","",W210/U210) -> -0.36419375 | Y210: x
S211: #Games | T211: =COUNT(R2:R209) -> 208
S212: #Plays | T212: =COUNT(T2:T209) -> 16
S213: %Games | T213: =T212/T211 -> 0.076923077
S214: #Win | T214: =SUM(T2:T209) -> 5
S215: %WinRate | T215: =T214/T212 -> 0.3125
S216: invest | T216: =U210 -> 1631
S217: return | T217: =V210 -> 1037
S218: profit | T218: =W210 -> -594
S219: %ROI | T219: =IF(T216=0,0,T218/T216) -> -0.36419375
R221: HF | S221: plays | T221: =COUNTIFS($I$2:$I$209,"HomFave",$T$2:$T$209,"1")+COUNTIFS($I$2:$I$209,"HomFave",$T$2:$T$209,"0") -> 2 | V221: VD | W221: plays | X221: =COUNTIFS($I$2:$I$209,"VisDog",$T$2:$T$209,"1")+COUNTIFS($I$2:$I$209,"VisDog",$T$2:$T$209,"0") -> 10
S222: wins | T222: =COUNTIFS($I$2:$I$209,"HomFave",$T$2:$T$209,"1") -> 1 | W222: wins | X222: =COUNTIFS($I$2:$I$209,"VisDog",$T$2:$T$209,"1") -> 3
S223: %WR | T223: =IF(T221=0,0,T222/T221) -> 0.5 | W223: %WR | X223: =IF(X221=0,0,X222/X221) -> 0.3
S224: invest | T224: =SUMIFS($U$2:$U$209,$I$2:$I$209,"HomFave") -> 222 | W224: invest | X224: =SUMIFS($U$2:$U$209,$I$2:$I$209,"VisDog") -> 1006
S225: return | T225: =SUMIFS($V$2:$V$209,$I$2:$I$209,"HomFave") -> 214 | W225: return | X225: =SUMIFS($V$2:$V$209,$I$2:$I$209,"VisDog") -> 621
S226: profit | T226: =T225-T224 -> -8 | W226: profit | X226: =X225-X224 -> -385
S227: %ROI | T227: =IF(T224=0,0,T226/T224) -> -0.036036036 | W227: %ROI | X227: =IF(X224=0,0,X226/X224) -> -0.38270378
R229: VF | S229: plays | T229: =COUNTIFS($I$2:$I$209,"VisFave",$T$2:$T$209,"1")+COUNTIFS($I$2:$I$209,"VisFave",$T$2:$T$209,"0") -> 0 | V229: HD | W229: plays | X229: =COUNTIFS($I$2:$I$209,"HomDog",$T$2:$T$209,"1")+COUNTIFS($I$2:$I$209,"HomDog",$T$2:$T$209,"0") -> 4
S230: wins | T230: =COUNTIFS($I$2:$I$209,"VisFave",$T$2:$T$209,"1") -> 0 | W230: wins | X230: =COUNTIFS($I$2:$I$209,"HomDog",$T$2:$T$209,"1") -> 1
S231: %WR | T231: =IF(T229=0,0,T230/T229) -> 0 | W231: %WR | X231: =IF(X229=0,0,X230/X229) -> 0.25
S232: invest | T232: =SUMIFS($U$2:$U$209,$I$2:$I$209,"VisFave") -> 0 | W232: invest | X232: =SUMIFS($U$2:$U$209,$I$2:$I$209,"HomDog") -> 403
S233: return | T233: =SUMIFS($V$2:$V$209,$I$2:$I$209,"VisFave") -> 0 | W233: return | X233: =SUMIFS($V$2:$V$209,$I$2:$I$209,"HomDog") -> 202
S234: profit | T234: =T233-T232 -> 0 | W234: profit | X234: =X233-X232 -> -201
S235: %ROI | T235: =IF(T232=0,0,T234/T232) -> 0 | W235: %ROI | X235: =IF(X232=0,0,X234/X232) -> -0.49875931

Sheet All
A1: G_Id | B1: G_Date | C1: G_H_Id | D1: HNAME | E1: G_V_Id | F1: VNAME | G1: H_Bookie_Bet_Price | H1: V_Bookie_Bet_Price | I1: Scion_Side_Play_Position | J1: Scion_H_ProbabilityEdge | K1: Scion_Side_Stars | L1: Scion_Side_Play_Confidence | M1: PlayByAgreement | N1: G_Bookie_TotalOver | O1: G_PH_Win | P1: G_H_Runs | Q1: G_V_Runs | R1: G_Actual_Runs_Diff | S1: Winning_Position | T1: WinBet? | U1: Invest | V1: Return | W1: Proft | X1: %ROI | Y1: Comments
A2: 824915 | B2: =VLOOKUP($A2,ScionOutput!$A$3:$BL$215,3,FALSE) -> 46179 | C2: =VLOOKUP($A2,ScionOutput!$A$3:$BL$215,22,FALSE) -> 0 | D2: =VLOOKUP($A2,ScionOutput!$A$3:$BL$215,23,FALSE) -> ATL | E2: =VLOOKUP($A2,ScionOutput!$A$3:$BL$215,6,FALSE) -> 22 | F2: =VLOOKUP($A2,ScionOutput!$A$3:$BL$215,7,FALSE) -> PIT | G2: =VLOOKUP($A2,ScionOutput!$A$3:$BL$215,26,FALSE) -> -110 | H2: =VLOOKUP($A2,ScionOutput!$A$3:$BL$215,10,FALSE) -> 100 | I2: =VLOOKUP($A2,ScionOutput!$A$3:$BL$215,58,FALSE) -> HomFave | J2: =VLOOKUP($A2,ScionOutput!$A$3:$BL$215,59,FALSE) -> 0.01837 | K2: =VLOOKUP($A2,ScionOutput!$A$3:$BL$215,62,FALSE) -> 1 | L2: =VLOOKUP($A2,ScionOutput!$A$3:$BL$215,63,FALSE) -> 0.93 | M2: =ISNUMBER(SEARCH("Play determined by LineStatEns and StatOnlyEns agreement", Y2)) -> TRUE | N2: =VLOOKUP($A2,Outcomes!$B$3:$I$209,8,FALSE) -> 9 | O2: =IF(P2>Q2,1,IF(P2<Q2,-1,0)) -> 1 | P2: =VLOOKUP($A2,Outcomes!$B$3:$I$209,5,FALSE) -> 6 | Q2: =VLOOKUP($A2,Outcomes!$B$3:$I$209,6,FALSE) -> 3 | R2: =VLOOKUP($A2,Outcomes!$B$3:$I$209,7,FALSE) -> -3 | S2: =IF(R2=0,"Push",IF(G2<H2,IF(R2<0,"HomFave","VisDog"),IF(R2>0,"VisFave","HomDog"))) -> HomFave | T2: =IF(OR(R2=0,I2="No Play"),"",IF(S2=I2,1,0)) -> 1 | U2: =IF(T2="","",IF(G2<H2,IF(I2="HomFave",ABS(G2),IF(H2<0,ABS(H2),100)),IF(I2="VisFave",ABS(H2),IF(G2<0,ABS(G2),100)))) -> 110 | V2: =IF(T2="","",IF(T2=0,0,IF(G2<H2,IF(I2="HomFave",U2+100,IF(H2<0,100+U2,U2+ABS(H2))),IF(I2="VisFave",U2+100,IF(G2<0,100+U2,U2+ABS(G2)))))) -> 210 | W2: =IF(T2="","",V2-U2) -> 100 | X2: =IF(T2="","",W2/U2) -> 0.90909091 | Y2: =VLOOKUP($A2,ScionOutput!$A$3:$BL$215,64,FALSE) -> 824915. Play determined by LineStatEns and StatOnlyEns agreement.
A3: 825075 | B3: =VLOOKUP($A3,ScionOutput!$A$3:$BL$215,3,FALSE) -> 46179 | C3: =VLOOKUP($A3,ScionOutput!$A$3:$BL$215,22,FALSE) -> 1 | D3: =VLOOKUP($A3,ScionOutput!$A$3:$BL$215,23,FALSE) -> ARZ | E3: =VLOOKUP($A3,ScionOutput!$A$3:$BL$215,6,FALSE) -> 16 | F3: =VLOOKUP($A3,ScionOutput!$A$3:$BL$215,7,FALSE) -> WAS | G3: =VLOOKUP($A3,ScionOutput!$A$3:$BL$215,26,FALSE) -> -155 | H3: =VLOOKUP($A3,ScionOutput!$A$3:$BL$215,10,FALSE) -> 140 | I3: =VLOOKUP($A3,ScionOutput!$A$3:$BL$215,58,FALSE) -> No Play | J3: =VLOOKUP($A3,ScionOutput!$A$3:$BL$215,59,FALSE) -> 0 | K3: =VLOOKUP($A3,ScionOutput!$A$3:$BL$215,62,FALSE) -> 0 | L3: =VLOOKUP($A3,ScionOutput!$A$3:$BL$215,63,FALSE) -> 0 | M3: =ISNUMBER(SEARCH("Play determined by LineStatEns and StatOnlyEns agreement", Y3)) -> FALSE | N3: =VLOOKUP($A3,Outcomes!$B$3:$I$209,8,FALSE) -> 7 | O3: =IF(P3>Q3,1,IF(P3<Q3,-1,0)) -> -1 | P3: =VLOOKUP($A3,Outcomes!$B$3:$I$209,5,FALSE) -> 1 | Q3: =VLOOKUP($A3,Outcomes!$B$3:$I$209,6,FALSE) -> 6 | R3: =VLOOKUP($A3,Outcomes!$B$3:$I$209,7,FALSE) -> 5 | S3: =IF(R3=0,"Push",IF(G3<H3,IF(R3<0,"HomFave","VisDog"),IF(R3>0,"VisFave","HomDog"))) -> VisDog | T3: =IF(OR(R3=0,I3="No Play"),"",IF(S3=I3,1,0)) | U3: =IF(T3="","",IF(G3<H3,IF(I3="HomFave",ABS(G3),IF(H3<0,ABS(H3),100)),IF(I3="VisFave",ABS(H3),IF(G3<0,ABS(G3),100)))) | V3: =IF(T3="","",IF(T3=0,0,IF(G3<H3,IF(I3="HomFave",U3+100,IF(H3<0,100+U3,U3+ABS(H3))),IF(I3="VisFave",U3+100,IF(G3<0,100+U3,U3+ABS(G3)))))) | W3: =IF(T3="","",V3-U3) | X3: =IF(T3="","",W3/U3) | Y3: =VLOOKUP($A3,ScionOutput!$A$3:$BL$215,64,FALSE) -> 825075. LineStatEns is NoPlay as bookie-line outside range. StatOnlyEns is NoPlay as bookie-line outside range. No play due to strategy constraints.
A4: 824669 | B4: =VLOOKUP($A4,ScionOutput!$A$3:$BL$215,3,FALSE) -> 46179 | C4: =VLOOKUP($A4,ScionOutput!$A$3:$BL$215,22,FALSE) -> 5 | D4: =VLOOKUP($A4,ScionOutput!$A$3:$BL$215,23,FALSE) -> CHC | E4: =VLOOKUP($A4,ScionOutput!$A$3:$BL$215,6,FALSE) -> 25 | F4: =VLOOKUP($A4,ScionOutput!$A$3:$BL$215,7,FALSE) -> SF | G4: =VLOOKUP($A4,ScionOutput!$A$3:$BL$215,26,FALSE) -> -140 | H4: =VLOOKUP($A4,ScionOutput!$A$3:$BL$215,10,FALSE) -> 127 | I4: =VLOOKUP($A4,ScionOutput!$A$3:$BL$215,58,FALSE) -> No Play | J4: =VLOOKUP($A4,ScionOutput!$A$3:$BL$215,59,FALSE) -> 0 | K4: =VLOOKUP($A4,ScionOutput!$A$3:$BL$215,62,FALSE) -> 0 | L4: =VLOOKUP($A4,ScionOutput!$A$3:$BL$215,63,FALSE) -> 0 | M4: =ISNUMBER(SEARCH("Play determined by LineStatEns and StatOnlyEns agreement", Y4)) -> FALSE | N4: =VLOOKUP($A4,Outcomes!$B$3:$I$209,8,FALSE) -> 5 | O4: =IF(P4>Q4,1,IF(P4<Q4,-1,0)) -> 1 | P4: =VLOOKUP($A4,Outcomes!$B$3:$I$209,5,FALSE) -> 3 | Q4: =VLOOKUP($A4,Outcomes!$B$3:$I$209,6,FALSE) -> 2 | R4: =VLOOKUP($A4,Outcomes!$B$3:$I$209,7,FALSE) -> -1 | S4: =IF(R4=0,"Push",IF(G4<H4,IF(R4<0,"HomFave","VisDog"),IF(R4>0,"VisFave","HomDog"))) -> HomFave | T4: =IF(OR(R4=0,I4="No Play"),"",IF(S4=I4,1,0)) | U4: =IF(T4="","",IF(G4<H4,IF(I4="HomFave",ABS(G4),IF(H4<0,ABS(H4),100)),IF(I4="VisFave",ABS(H4),IF(G4<0,ABS(G4),100)))) | V4: =IF(T4="","",IF(T4=0,0,IF(G4<H4,IF(I4="HomFave",U4+100,IF(H4<0,100+U4,U4+ABS(H4))),IF(I4="VisFave",U4+100,IF(G4<0,100+U4,U4+ABS(G4)))))) | W4: =IF(T4="","",V4-U4) | X4: =IF(T4="","",W4/U4) | Y4: =VLOOKUP($A4,ScionOutput!$A$3:$BL$215,64,FALSE) -> 824669. LineStatEns probability points gap does not exceed threshold (no edge found)! StatOnlyEns probability points gap does not exceed threshold (no edge found)! No play due to strategy constraints.
A5: 824351 | B5: =VLOOKUP($A5,ScionOutput!$A$3:$BL$215,3,FALSE) -> 46179 | C5: =VLOOKUP($A5,ScionOutput!$A$3:$BL$215,22,FALSE) -> 8 | D5: =VLOOKUP($A5,ScionOutput!$A$3:$BL$215,23,FALSE) -> COL | E5: =VLOOKUP($A5,ScionOutput!$A$3:$BL$215,6,FALSE) -> 17 | F5: =VLOOKUP($A5,ScionOutput!$A$3:$BL$215,7,FALSE) -> MLW | G5: =VLOOKUP($A5,ScionOutput!$A$3:$BL$215,26,FALSE) -> 214 | H5: =VLOOKUP($A5,ScionOutput!$A$3:$BL$215,10,FALSE) -> -240 | I5: =VLOOKUP($A5,ScionOutput!$A$3:$BL$215,58,FALSE) -> No Play | J5: =VLOOKUP($A5,ScionOutput!$A$3:$BL$215,59,FALSE) -> 0 | K5: =VLOOKUP($A5,ScionOutput!$A$3:$BL$215,62,FALSE) -> 0 | L5: =VLOOKUP($A5,ScionOutput!$A$3:$BL$215,63,FALSE) -> 0 | M5: =ISNUMBER(SEARCH("Play determined by LineStatEns and StatOnlyEns agreement", Y5)) -> FALSE | N5: =VLOOKUP($A5,Outcomes!$B$3:$I$209,8,FALSE) -> 8 | O5: =IF(P5>Q5,1,IF(P5<Q5,-1,0)) -> -1 | P5: =VLOOKUP($A5,Outcomes!$B$3:$I$209,5,FALSE) -> 1 | Q5: =VLOOKUP($A5,Outcomes!$B$3:$I$209,6,FALSE) -> 7 | R5: =VLOOKUP($A5,Outcomes!$B$3:$I$209,7,FALSE) -> 6 | S5: =IF(R5=0,"Push",IF(G5<H5,IF(R5<0,"HomFave","VisDog"),IF(R5>0,"VisFave","HomDog"))) -> VisFave | T5: =IF(OR(R5=0,I5="No Play"),"",IF(S5=I5,1,0)) | U5: =IF(T5="","",IF(G5<H5,IF(I5="HomFave",ABS(G5),IF(H5<0,ABS(H5),100)),IF(I5="VisFave",ABS(H5),IF(G5<0,ABS(G5),100)))) | V5: =IF(T5="","",IF(T5=0,0,IF(G5<H5,IF(I5="HomFave",U5+100,IF(H5<0,100+U5,U5+ABS(H5))),IF(I5="VisFave",U5+100,IF(G5<0,100+U5,U5+ABS(G5)))))) | W5: =IF(T5="","",V5-U5) | X5: =IF(T5="","",W5/U5) | Y5: =VLOOKUP($A5,ScionOutput!$A$3:$BL$215,64,FALSE) -> 824351. LineStatEns is NoPlay as bookie-line outside range. StatOnlyEns is NoPlay as bookie-line outside range. No play due to strategy constraints.
A6: 824269 | B6: =VLOOKUP($A6,ScionOutput!$A$3:$BL$215,3,FALSE) -> 46179 | C6: =VLOOKUP($A6,ScionOutput!$A$3:$BL$215,22,FALSE) -> 10 | D6: =VLOOKUP($A6,ScionOutput!$A$3:$BL$215,23,FALSE) -> DET | E6: =VLOOKUP($A6,ScionOutput!$A$3:$BL$215,6,FALSE) -> 24 | F6: =VLOOKUP($A6,ScionOutput!$A$3:$BL$215,7,FALSE) -> SEA | G6: =VLOOKUP($A6,ScionOutput!$A$3:$BL$215,26,FALSE) -> 116 | H6: =VLOOKUP($A6,ScionOutput!$A$3:$BL$215,10,FALSE) -> -128 | I6: =VLOOKUP($A6,ScionOutput!$A$3:$BL$215,58,FALSE) -> No Play | J6: =VLOOKUP($A6,ScionOutput!$A$3:$BL$215,59,FALSE) -> 0 | K6: =VLOOKUP($A6,ScionOutput!$A$3:$BL$215,62,FALSE) -> 0 | L6: =VLOOKUP($A6,ScionOutput!$A$3:$BL$215,63,FALSE) -> 0 | M6: =ISNUMBER(SEARCH("Play determined by LineStatEns and StatOnlyEns agreement", Y6)) -> FALSE | N6: =VLOOKUP($A6,Outcomes!$B$3:$I$209,8,FALSE) -> 4 | O6: =IF(P6>Q6,1,IF(P6<Q6,-1,0)) -> -1 | P6: =VLOOKUP($A6,Outcomes!$B$3:$I$209,5,FALSE) -> 0 | Q6: =VLOOKUP($A6,Outcomes!$B$3:$I$209,6,FALSE) -> 4 | R6: =VLOOKUP($A6,Outcomes!$B$3:$I$209,7,FALSE) -> 4 | S6: =IF(R6=0,"Push",IF(G6<H6,IF(R6<0,"HomFave","VisDog"),IF(R6>0,"VisFave","HomDog"))) -> VisFave | T6: =IF(OR(R6=0,I6="No Play"),"",IF(S6=I6,1,0)) | U6: =IF(T6="","",IF(G6<H6,IF(I6="HomFave",ABS(G6),IF(H6<0,ABS(H6),100)),IF(I6="VisFave",ABS(H6),IF(G6<0,ABS(G6),100)))) | V6: =IF(T6="","",IF(T6=0,0,IF(G6<H6,IF(I6="HomFave",U6+100,IF(H6<0,100+U6,U6+ABS(H6))),IF(I6="VisFave",U6+100,IF(G6<0,100+U6,U6+ABS(G6)))))) | W6: =IF(T6="","",V6-U6) | X6: =IF(T6="","",W6/U6) | Y6: =VLOOKUP($A6,ScionOutput!$A$3:$BL$215,64,FALSE) -> 824269. VF plays are disallowed. No play due to strategy constraints.
A7: 823859 | B7: =VLOOKUP($A7,ScionOutput!$A$3:$BL$215,3,FALSE) -> 46179 | C7: =VLOOKUP($A7,ScionOutput!$A$3:$BL$215,22,FALSE) -> 11 | D7: =VLOOKUP($A7,ScionOutput!$A$3:$BL$215,23,FALSE) -> FLO | E7: =VLOOKUP($A7,ScionOutput!$A$3:$BL$215,6,FALSE) -> 27 | F7: =VLOOKUP($A7,ScionOutput!$A$3:$BL$215,7,FALSE) -> TB | G7: =VLOOKUP($A7,ScionOutput!$A$3:$BL$215,26,FALSE) -> 117 | H7: =VLOOKUP($A7,ScionOutput!$A$3:$BL$215,10,FALSE) -> -129 | I7: =VLOOKUP($A7,ScionOutput!$A$3:$BL$215,58,FALSE) -> No Play | J7: =VLOOKUP($A7,ScionOutput!$A$3:$BL$215,59,FALSE) -> 0 | K7: =VLOOKUP($A7,ScionOutput!$A$3:$BL$215,62,FALSE) -> 0 | L7: =VLOOKUP($A7,ScionOutput!$A$3:$BL$215,63,FALSE) -> 0 | M7: =ISNUMBER(SEARCH("Play determined by LineStatEns and StatOnlyEns agreement", Y7)) -> FALSE | N7: =VLOOKUP($A7,Outcomes!$B$3:$I$209,8,FALSE) -> 7 | O7: =IF(P7>Q7,1,IF(P7<Q7,-1,0)) -> 1 | P7: =VLOOKUP($A7,Outcomes!$B$3:$I$209,5,FALSE) -> 4 | Q7: =VLOOKUP($A7,Outcomes!$B$3:$I$209,6,FALSE) -> 3 | R7: =VLOOKUP($A7,Outcomes!$B$3:$I$209,7,FALSE) -> -1 | S7: =IF(R7=0,"Push",IF(G7<H7,IF(R7<0,"HomFave","VisDog"),IF(R7>0,"VisFave","HomDog"))) -> HomDog | T7: =IF(OR(R7=0,I7="No Play"),"",IF(S7=I7,1,0)) | U7: =IF(T7="","",IF(G7<H7,IF(I7="HomFave",ABS(G7),IF(H7<0,ABS(H7),100)),IF(I7="VisFave",ABS(H7),IF(G7<0,ABS(G7),100)))) | V7: =IF(T7="","",IF(T7=0,0,IF(G7<H7,IF(I7="HomFave",U7+100,IF(H7<0,100+U7,U7+ABS(H7))),IF(I7="VisFave",U7+100,IF(G7<0,100+U7,U7+ABS(G7)))))) | W7: =IF(T7="","",V7-U7) | X7: =IF(T7="","",W7/U7) | Y7: =VLOOKUP($A7,ScionOutput!$A$3:$BL$215,64,FALSE) -> 823859. VF plays are disallowed. No play due to strategy constraints.
A8: 824184 | B8: =VLOOKUP($A8,ScionOutput!$A$3:$BL$215,3,FALSE) -> 46179 | C8: =VLOOKUP($A8,ScionOutput!$A$3:$BL$215,22,FALSE) -> 12 | D8: =VLOOKUP($A8,ScionOutput!$A$3:$BL$215,23,FALSE) -> HOU | E8: =VLOOKUP($A8,ScionOutput!$A$3:$BL$215,6,FALSE) -> 20 | F8: =VLOOKUP($A8,ScionOutput!$A$3:$BL$215,7,FALSE) -> OAK | G8: =VLOOKUP($A8,ScionOutput!$A$3:$BL$215,26,FALSE) -> -107 | H8: =VLOOKUP($A8,ScionOutput!$A$3:$BL$215,10,FALSE) -> -103 | I8: =VLOOKUP($A8,ScionOutput!$A$3:$BL$215,58,FALSE) -> No Play | J8: =VLOOKUP($A8,ScionOutput!$A$3:$BL$215,59,FALSE) -> 0 | K8: =VLOOKUP($A8,ScionOutput!$A$3:$BL$215,62,FALSE) -> 0 | L8: =VLOOKUP($A8,ScionOutput!$A$3:$BL$215,63,FALSE) -> 0 | M8: =ISNUMBER(SEARCH("Play determined by LineStatEns and StatOnlyEns agreement", Y8)) -> FALSE | N8: =VLOOKUP($A8,Outcomes!$B$3:$I$209,8,FALSE) -> 15 | O8: =IF(P8>Q8,1,IF(P8<Q8,-1,0)) -> 1 | P8: =VLOOKUP($A8,Outcomes!$B$3:$I$209,5,FALSE) -> 13 | Q8: =VLOOKUP($A8,Outcomes!$B$3:$I$209,6,FALSE) -> 2 | R8: =VLOOKUP($A8,Outcomes!$B$3:$I$209,7,FALSE) -> -11 | S8: =IF(R8=0,"Push",IF(G8<H8,IF(R8<0,"HomFave","VisDog"),IF(R8>0,"VisFave","HomDog"))) -> HomFave | T8: =IF(OR(R8=0,I8="No Play"),"",IF(S8=I8,1,0)) | U8: =IF(T8="","",IF(G8<H8,IF(I8="HomFave",ABS(G8),IF(H8<0,ABS(H8),100)),IF(I8="VisFave",ABS(H8),IF(G8<0,ABS(G8),100)))) | V8: =IF(T8="","",IF(T8=0,0,IF(G8<H8,IF(I8="HomFave",U8+100,IF(H8<0,100+U8,U8+ABS(H8))),IF(I8="VisFave",U8+100,IF(G8<0,100+U8,U8+ABS(G8)))))) | W8: =IF(T8="","",V8-U8) | X8: =IF(T8="","",W8/U8) | Y8: =VLOOKUP($A8,ScionOutput!$A$3:$BL$215,64,FALSE) -> 824184. V_SP is Null, team-based avg used. NoPlay as V_SP is Null.
A9: 823942 | B9: =VLOOKUP($A9,ScionOutput!$A$3:$BL$215,3,FALSE) -> 46179 | C9: =VLOOKUP($A9,ScionOutput!$A$3:$BL$215,22,FALSE) -> 14 | D9: =VLOOKUP($A9,ScionOutput!$A$3:$BL$215,23,FALSE) -> LA | E9: =VLOOKUP($A9,ScionOutput!$A$3:$BL$215,6,FALSE) -> 4 | F9: =VLOOKUP($A9,ScionOutput!$A$3:$BL$215,7,FALSE) -> LAA | G9: =VLOOKUP($A9,ScionOutput!$A$3:$BL$215,26,FALSE) -> -312 | H9: =VLOOKUP($A9,ScionOutput!$A$3:$BL$215,10,FALSE) -> 275 | I9: =VLOOKUP($A9,ScionOutput!$A$3:$BL$215,58,FALSE) -> No Play | J9: =VLOOKUP($A9,ScionOutput!$A$3:$BL$215,59,FALSE) -> 0 | K9: =VLOOKUP($A9,ScionOutput!$A$3:$BL$215,62,FALSE) -> 0 | L9: =VLOOKUP($A9,ScionOutput!$A$3:$BL$215,63,FALSE) -> 0 | M9: =ISNUMBER(SEARCH("Play determined by LineStatEns and StatOnlyEns agreement", Y9)) -> FALSE | N9: =VLOOKUP($A9,Outcomes!$B$3:$I$209,8,FALSE) -> 11 | O9: =IF(P9>Q9,1,IF(P9<Q9,-1,0)) -> 1 | P9: =VLOOKUP($A9,Outcomes!$B$3:$I$209,5,FALSE) -> 9 | Q9: =VLOOKUP($A9,Outcomes!$B$3:$I$209,6,FALSE) -> 2 | R9: =VLOOKUP($A9,Outcomes!$B$3:$I$209,7,FALSE) -> -7 | S9: =IF(R9=0,"Push",IF(G9<H9,IF(R9<0,"HomFave","VisDog"),IF(R9>0,"VisFave","HomDog"))) -> HomFave | T9: =IF(OR(R9=0,I9="No Play"),"",IF(S9=I9,1,0)) | U9: =IF(T9="","",IF(G9<H9,IF(I9="HomFave",ABS(G9),IF(H9<0,ABS(H9),100)),IF(I9="VisFave",ABS(H9),IF(G9<0,ABS(G9),100)))) | V9: =IF(T9="","",IF(T9=0,0,IF(G9<H9,IF(I9="HomFave",U9+100,IF(H9<0,100+U9,U9+ABS(H9))),IF(I9="VisFave",U9+100,IF(G9<0,100+U9,U9+ABS(G9)))))) | W9: =IF(T9="","",V9-U9) | X9: =IF(T9="","",W9/U9) | Y9: =VLOOKUP($A9,ScionOutput!$A$3:$BL$215,64,FALSE) -> 823942. LineStatEns is NoPlay as bookie-line outside range. StatOnlyEns is NoPlay as bookie-line outside range. No play due to strategy constraints.
A10: 823697 | B10: =VLOOKUP($A10,ScionOutput!$A$3:$BL$215,3,FALSE) -> 46179 | C10: =VLOOKUP($A10,ScionOutput!$A$3:$BL$215,22,FALSE) -> 15 | D10: =VLOOKUP($A10,ScionOutput!$A$3:$BL$215,23,FALSE) -> MIN | E10: =VLOOKUP($A10,ScionOutput!$A$3:$BL$215,6,FALSE) -> 13 | F10: =VLOOKUP($A10,ScionOutput!$A$3:$BL$215,7,FALSE) -> KC | G10: =VLOOKUP($A10,ScionOutput!$A$3:$BL$215,26,FALSE) -> -145 | H10: =VLOOKUP($A10,ScionOutput!$A$3:$BL$215,10,FALSE) -> 131 | I10: =VLOOKUP($A10,ScionOutput!$A$3:$BL$215,58,FALSE) -> No Play | J10: =VLOOKUP($A10,ScionOutput!$A$3:$BL$215,59,FALSE) -> 0 | K10: =VLOOKUP($A10,ScionOutput!$A$3:$BL$215,62,FALSE) -> 0 | L10: =VLOOKUP($A10,ScionOutput!$A$3:$BL$215,63,FALSE) -> 0 | M10: =ISNUMBER(SEARCH("Play determined by LineStatEns and StatOnlyEns agreement", Y10)) -> FALSE | N10: =VLOOKUP($A10,Outcomes!$B$3:$I$209,8,FALSE) -> 5 | O10: =IF(P10>Q10,1,IF(P10<Q10,-1,0)) -> -1 | P10: =VLOOKUP($A10,Outcomes!$B$3:$I$209,5,FALSE) -> 2 | Q10: =VLOOKUP($A10,Outcomes!$B$3:$I$209,6,FALSE) -> 3 | R10: =VLOOKUP($A10,Outcomes!$B$3:$I$209,7,FALSE) -> 1 | S10: =IF(R10=0,"Push",IF(G10<H10,IF(R10<0,"HomFave","VisDog"),IF(R10>0,"VisFave","HomDog"))) -> VisDog | T10: =IF(OR(R10=0,I10="No Play"),"",IF(S10=I10,1,0)) | U10: =IF(T10="","",IF(G10<H10,IF(I10="HomFave",ABS(G10),IF(H10<0,ABS(H10),100)),IF(I10="VisFave",ABS(H10),IF(G10<0,ABS(G10),100)))) | V10: =IF(T10="","",IF(T10=0,0,IF(G10<H10,IF(I10="HomFave",U10+100,IF(H10<0,100+U10,U10+ABS(H10))),IF(I10="VisFave",U10+100,IF(G10<0,100+U10,U10+ABS(G10)))))) | W10: =IF(T10="","",V10-U10) | X10: =IF(T10="","",W10/U10) | Y10: =VLOOKUP($A10,ScionOutput!$A$3:$BL$215,64,FALSE) -> 823697. LineStatEns probability points gap does not exceed threshold (no edge found)! StatOnlyEns probability points gap does not exceed threshold (no edge found)! No play due to strategy constraints.
A11: 823454 | B11: =VLOOKUP($A11,ScionOutput!$A$3:$BL$215,3,FALSE) -> 46179 | C11: =VLOOKUP($A11,ScionOutput!$A$3:$BL$215,22,FALSE) -> 21 | D11: =VLOOKUP($A11,ScionOutput!$A$3:$BL$215,23,FALSE) -> PHI | E11: =VLOOKUP($A11,ScionOutput!$A$3:$BL$215,6,FALSE) -> 9 | F11: =VLOOKUP($A11,ScionOutput!$A$3:$BL$215,7,FALSE) -> CWS | G11: =VLOOKUP($A11,ScionOutput!$A$3:$BL$215,26,FALSE) -> -123 | H11: =VLOOKUP($A11,ScionOutput!$A$3:$BL$215,10,FALSE) -> 112 | I11: =VLOOKUP($A11,ScionOutput!$A$3:$BL$215,58,FALSE) -> No Play | J11: =VLOOKUP($A11,ScionOutput!$A$3:$BL$215,59,FALSE) -> 0 | K11: =VLOOKUP($A11,ScionOutput!$A$3:$BL$215,62,FALSE) -> 0 | L11: =VLOOKUP($A11,ScionOutput!$A$3:$BL$215,63,FALSE) -> 0 | M11: =ISNUMBER(SEARCH("Play determined by LineStatEns and StatOnlyEns agreement", Y11)) -> FALSE | N11: =VLOOKUP($A11,Outcomes!$B$3:$I$209,8,FALSE) -> 9 | O11: =IF(P11>Q11,1,IF(P11<Q11,-1,0)) -> -1 | P11: =VLOOKUP($A11,Outcomes!$B$3:$I$209,5,FALSE) -> 3 | Q11: =VLOOKUP($A11,Outcomes!$B$3:$I$209,6,FALSE) -> 6 | R11: =VLOOKUP($A11,Outcomes!$B$3:$I$209,7,FALSE) -> 3 | S11: =IF(R11=0,"Push",IF(G11<H11,IF(R11<0,"HomFave","VisDog"),IF(R11>0,"VisFave","HomDog"))) -> VisDog | T11: =IF(OR(R11=0,I11="No Play"),"",IF(S11=I11,1,0)) | U11: =IF(T11="","",IF(G11<H11,IF(I11="HomFave",ABS(G11),IF(H11<0,ABS(H11),100)),IF(I11="VisFave",ABS(H11),IF(G11<0,ABS(G11),100)))) | V11: =IF(T11="","",IF(T11=0,0,IF(G11<H11,IF(I11="HomFave",U11+100,IF(H11<0,100+U11,U11+ABS(H11))),IF(I11="VisFave",U11+100,IF(G11<0,100+U11,U11+ABS(G11)))))) | W11: =IF(T11="","",V11-U11) | X11: =IF(T11="","",W11/U11) | Y11: =VLOOKUP($A11,ScionOutput!$A$3:$BL$215,64,FALSE) -> 823454. LineStatEns probability points gap does not exceed threshold (no edge found)! No play due to strategy constraints.
A12: 823292 | B12: =VLOOKUP($A12,ScionOutput!$A$3:$BL$215,3,FALSE) -> 46179 | C12: =VLOOKUP($A12,ScionOutput!$A$3:$BL$215,22,FALSE) -> 23 | D12: =VLOOKUP($A12,ScionOutput!$A$3:$BL$215,23,FALSE) -> SD | E12: =VLOOKUP($A12,ScionOutput!$A$3:$BL$215,6,FALSE) -> 18 | F12: =VLOOKUP($A12,ScionOutput!$A$3:$BL$215,7,FALSE) -> NYM | G12: =VLOOKUP($A12,ScionOutput!$A$3:$BL$215,26,FALSE) -> 104 | H12: =VLOOKUP($A12,ScionOutput!$A$3:$BL$215,10,FALSE) -> -115 | I12: =VLOOKUP($A12,ScionOutput!$A$3:$BL$215,58,FALSE) -> No Play | J12: =VLOOKUP($A12,ScionOutput!$A$3:$BL$215,59,FALSE) -> 0 | K12: =VLOOKUP($A12,ScionOutput!$A$3:$BL$215,62,FALSE) -> 0 | L12: =VLOOKUP($A12,ScionOutput!$A$3:$BL$215,63,FALSE) -> 0 | M12: =ISNUMBER(SEARCH("Play determined by LineStatEns and StatOnlyEns agreement", Y12)) -> FALSE | N12: =VLOOKUP($A12,Outcomes!$B$3:$I$209,8,FALSE) -> 5 | O12: =IF(P12>Q12,1,IF(P12<Q12,-1,0)) -> 1 | P12: =VLOOKUP($A12,Outcomes!$B$3:$I$209,5,FALSE) -> 3 | Q12: =VLOOKUP($A12,Outcomes!$B$3:$I$209,6,FALSE) -> 2 | R12: =VLOOKUP($A12,Outcomes!$B$3:$I$209,7,FALSE) -> -1 | S12: =IF(R12=0,"Push",IF(G12<H12,IF(R12<0,"HomFave","VisDog"),IF(R12>0,"VisFave","HomDog"))) -> HomDog | T12: =IF(OR(R12=0,I12="No Play"),"",IF(S12=I12,1,0)) | U12: =IF(T12="","",IF(G12<H12,IF(I12="HomFave",ABS(G12),IF(H12<0,ABS(H12),100)),IF(I12="VisFave",ABS(H12),IF(G12<0,ABS(G12),100)))) | V12: =IF(T12="","",IF(T12=0,0,IF(G12<H12,IF(I12="HomFave",U12+100,IF(H12<0,100+U12,U12+ABS(H12))),IF(I12="VisFave",U12+100,IF(G12<0,100+U12,U12+ABS(G12)))))) | W12: =IF(T12="","",V12-U12) | X12: =IF(T12="","",W12/U12) | Y12: =VLOOKUP($A12,ScionOutput!$A$3:$BL$215,64,FALSE) -> 823292. VF plays are disallowed. No play due to strategy constraints.
A13: 823048 | B13: =VLOOKUP($A13,ScionOutput!$A$3:$BL$215,3,FALSE) -> 46179 | C13: =VLOOKUP($A13,ScionOutput!$A$3:$BL$215,22,FALSE) -> 26 | D13: =VLOOKUP($A13,ScionOutput!$A$3:$BL$215,23,FALSE) -> STL | E13: =VLOOKUP($A13,ScionOutput!$A$3:$BL$215,6,FALSE) -> 6 | F13: =VLOOKUP($A13,ScionOutput!$A$3:$BL$215,7,FALSE) -> CIN | G13: =VLOOKUP($A13,ScionOutput!$A$3:$BL$215,26,FALSE) -> -125 | H13: =VLOOKUP($A13,ScionOutput!$A$3:$BL$215,10,FALSE) -> 113 | I13: =VLOOKUP($A13,ScionOutput!$A$3:$BL$215,58,FALSE) -> No Play | J13: =VLOOKUP($A13,ScionOutput!$A$3:$BL$215,59,FALSE) -> 0 | K13: =VLOOKUP($A13,ScionOutput!$A$3:$BL$215,62,FALSE) -> 0 | L13: =VLOOKUP($A13,ScionOutput!$A$3:$BL$215,63,FALSE) -> 0 | M13: =ISNUMBER(SEARCH("Play determined by LineStatEns and StatOnlyEns agreement", Y13)) -> FALSE | N13: =VLOOKUP($A13,Outcomes!$B$3:$I$209,8,FALSE) -> 11 | O13: =IF(P13>Q13,1,IF(P13<Q13,-1,0)) -> 1 | P13: =VLOOKUP($A13,Outcomes!$B$3:$I$209,5,FALSE) -> 6 | Q13: =VLOOKUP($A13,Outcomes!$B$3:$I$209,6,FALSE) -> 5 | R13: =VLOOKUP($A13,Outcomes!$B$3:$I$209,7,FALSE) -> -1 | S13: =IF(R13=0,"Push",IF(G13<H13,IF(R13<0,"HomFave","VisDog"),IF(R13>0,"VisFave","HomDog"))) -> HomFave | T13: =IF(OR(R13=0,I13="No Play"),"",IF(S13=I13,1,0)) | U13: =IF(T13="","",IF(G13<H13,IF(I13="HomFave",ABS(G13),IF(H13<0,ABS(H13),100)),IF(I13="VisFave",ABS(H13),IF(G13<0,ABS(G13),100)))) | V13: =IF(T13="","",IF(T13=0,0,IF(G13<H13,IF(I13="HomFave",U13+100,IF(H13<0,100+U13,U13+ABS(H13))),IF(I13="VisFave",U13+100,IF(G13<0,100+U13,U13+ABS(G13)))))) | W13: =IF(T13="","",V13-U13) | X13: =IF(T13="","",W13/U13) | Y13: =VLOOKUP($A13,ScionOutput!$A$3:$BL$215,64,FALSE) -> 823048. LineStatEns probability points gap does not exceed threshold (no edge found)! StatOnlyEns probability points gap does not exceed threshold (no edge found)! No play due to strategy constraints.
... A209: 822883 | B209: =VLOOKUP($A209,ScionOutput!$A$3:$BL$215,3,FALSE) -> 46194 | C209: =VLOOKUP($A209,ScionOutput!$A$3:$BL$215,22,FALSE) -> 28 | D209: =VLOOKUP($A209,ScionOutput!$A$3:$BL$215,23,FALSE) -> TEX | E209: =VLOOKUP($A209,ScionOutput!$A$3:$BL$215,6,FALSE) -> 23 | F209: =VLOOKUP($A209,ScionOutput!$A$3:$BL$215,7,FALSE) -> SD | G209: =VLOOKUP($A209,ScionOutput!$A$3:$BL$215,26,FALSE) -> -160 | H209: =VLOOKUP($A209,ScionOutput!$A$3:$BL$215,10,FALSE) -> 147 | I209: =VLOOKUP($A209,ScionOutput!$A$3:$BL$215,58,FALSE) -> No Play | J209: =VLOOKUP($A209,ScionOutput!$A$3:$BL$215,59,FALSE) -> 0 | K209: =VLOOKUP($A209,ScionOutput!$A$3:$BL$215,62,FALSE) -> 0 | L209: =VLOOKUP($A209,ScionOutput!$A$3:$BL$215,63,FALSE) -> 0 | M209: =ISNUMBER(SEARCH("Play determined by LineStatEns and StatOnlyEns agreement", Y209)) -> FALSE | N209: =VLOOKUP($A209,Outcomes!$B$3:$I$209,8,FALSE) -> 7 | O209: =IF(P209>Q209,1,IF(P209<Q209,-1,0)) -> 1 | P209: =VLOOKUP($A209,Outcomes!$B$3:$I$209,5,FALSE) -> 4 | Q209: =VLOOKUP($A209,Outcomes!$B$3:$I$209,6,FALSE) -> 3 | R209: =VLOOKUP($A209,Outcomes!$B$3:$I$209,7,FALSE) -> -1 | S209: =IF(R209=0,"Push",IF(G209<H209,IF(R209<0,"HomFave","VisDog"),IF(R209>0,"VisFave","HomDog"))) -> HomFave | T209: =IF(OR(R209=0,I209="No Play"),"",IF(S209=I209,1,0)) | U209: =IF(T209="","",IF(G209<H209,IF(I209="HomFave",ABS(G209),IF(H209<0,ABS(H209),100)),IF(I209="VisFave",ABS(H209),IF(G209<0,ABS(G209),100)))) | V209: =IF(T209="","",IF(T209=0,0,IF(G209<H209,IF(I209="HomFave",U209+100,IF(H209<0,100+U209,U209+ABS(H209))),IF(I209="VisFave",U209+100,IF(G209<0,100+U209,U209+ABS(G209)))))) | W209: =IF(T209="","",V209-U209) | X209: =IF(T209="","",W209/U209) | Y209: =VLOOKUP($A209,ScionOutput!$A$3:$BL$215,64,FALSE) -> 822883. LineStatEns is NoPlay as bookie-line outside range. StatOnlyEns is NoPlay as bookie-line outside range. No play due to strategy constraints.
D210: x | F210: x | G210: x | H210: x | I210: x | J210: x | K210: x | L210: x | M210: x | T210: x | U210: =SUM(U2:U209) -> 3606 | V210: =SUM(V2:V209) -> 2903 | W210: =SUM(W2:W209) -> -703 | X210: =IF(T210="","",W210/U210) -> -0.19495286 | Y210: x
S211: #Games | T211: =COUNT(R2:R209) -> 208
S212: #Plays | T212: =COUNT(T2:T209) -> 34
S213: %Games | T213: =T212/T211 -> 0.16346154
S214: #Win | T214: =SUM(T2:T209) -> 14
S215: %WinRate | T215: =T214/T212 -> 0.41176471
S216: invest | T216: =U210 -> 3606
S217: return | T217: =V210 -> 2903
S218: profit | T218: =W210 -> -703
S219: %ROI | T219: =IF(T216=0,0,T218/T216) -> -0.19495286
R221: HF | S221: plays | T221: =COUNTIFS($I$2:$I$209,"HomFave",$T$2:$T$209,"1")+COUNTIFS($I$2:$I$209,"HomFave",$T$2:$T$209,"0") -> 14 | V221: VD | W221: plays | X221: =COUNTIFS($I$2:$I$209,"VisDog",$T$2:$T$209,"1")+COUNTIFS($I$2:$I$209,"VisDog",$T$2:$T$209,"0") -> 16
S222: wins | T222: =COUNTIFS($I$2:$I$209,"HomFave",$T$2:$T$209,"1") -> 7 | W222: wins | X222: =COUNTIFS($I$2:$I$209,"VisDog",$T$2:$T$209,"1") -> 6
S223: %WR | T223: =IF(T221=0,0,T222/T221) -> 0.5 | W223: %WR | X223: =IF(X221=0,0,X222/X221) -> 0.375
S224: invest | T224: =SUMIFS($U$2:$U$209,$I$2:$I$209,"HomFave") -> 1593 | W224: invest | X224: =SUMIFS($U$2:$U$209,$I$2:$I$209,"VisDog") -> 1610
S225: return | T225: =SUMIFS($V$2:$V$209,$I$2:$I$209,"HomFave") -> 1473 | W225: return | X225: =SUMIFS($V$2:$V$209,$I$2:$I$209,"VisDog") -> 1228
S226: profit | T226: =T225-T224 -> -120 | W226: profit | X226: =X225-X224 -> -382
S227: %ROI | T227: =IF(T224=0,0,T226/T224) -> -0.075329567 | W227: %ROI | X227: =IF(X224=0,0,X226/X224) -> -0.23726708
R229: VF | S229: plays | T229: =COUNTIFS($I$2:$I$209,"VisFave",$T$2:$T$209,"1")+COUNTIFS($I$2:$I$209,"VisFave",$T$2:$T$209,"0") -> 0 | V229: HD | W229: plays | X229: =COUNTIFS($I$2:$I$209,"HomDog",$T$2:$T$209,"1")+COUNTIFS($I$2:$I$209,"HomDog",$T$2:$T$209,"0") -> 4
S230: wins | T230: =COUNTIFS($I$2:$I$209,"VisFave",$T$2:$T$209,"1") -> 0 | W230: wins | X230: =COUNTIFS($I$2:$I$209,"HomDog",$T$2:$T$209,"1") -> 1
S231: %WR | T231: =IF(T229=0,0,T230/T229) -> 0 | W231: %WR | X231: =IF(X229=0,0,X230/X229) -> 0.25
S232: invest | T232: =SUMIFS($U$2:$U$209,$I$2:$I$209,"VisFave") -> 0 | W232: invest | X232: =SUMIFS($U$2:$U$209,$I$2:$I$209,"HomDog") -> 403
S233: return | T233: =SUMIFS($V$2:$V$209,$I$2:$I$209,"VisFave") -> 0 | W233: return | X233: =SUMIFS($V$2:$V$209,$I$2:$I$209,"HomDog") -> 202
S234: profit | T234: =T233-T232 -> 0 | W234: profit | X234: =X233-X232 -> -201
S235: %ROI | T235: =IF(T232=0,0,T234/T232) -> 0 | W235: %ROI | X235: =IF(X232=0,0,X234/X232) -> -0.49875931

Sheet ScionOutput
A1: 1 | B1: 2 | C1: 3 | D1: 4 | E1: 5 | F1: 6 | G1: 7 | H1: 8 | I1: 9 | J1: 10 | K1: 11 | L1: 12 | M1: 13 | N1: 14 | O1: 15 | P1: 16 | Q1: 17 | R1: 18 | S1: 19 | T1: 20 | U1: 21 | V1: 22 | W1: 23 | X1: 24 | Y1: 25 | Z1: 26 | AA1: 27 | AB1: 28 | AC1: 29 | AD1: 30 | AE1: 31 | AF1: 32 | AG1: 33 | AH1: 34 | AI1: 35 | AJ1: 36 | AK1: 37 | AL1: 38 | AM1: 39 | AN1: 40 | AO1: 41 | AP1: 42 | AQ1: 43 | AR1: 44 | AS1: 45 | AT1: 46 | AU1: 47 | AV1: 48 | AW1: 49 | AX1: 50 | AY1: 51 | AZ1: 52 | BA1: 53 | BB1: 54 | BC1: 55 | BD1: 56 | BE1: 57 | BF1: 58 | BG1: 59 | BH1: 60 | BI1: 61 | BJ1: 62 | BK1: 63 | BL1: 64 | BM1: x
A2: G_Id | B2: Pred_Id | C2: Date | D2: MonthWeekNum | E2: Bookie_Perc_Hold | F2: V_Id | G2: V_Team | H2: V_Bookie_Opening_Price | I2: V_Bookie_Opening_Prob | J2: V_Bookie_Bet_Price | K2: V_Bookie_Bet_Prob | L2: V_Bookie_Bet_DevigProb | M2: V_SP_Id | N2: V_SP_isNull | O2: V_WinningForm_Price | P2: V_MenOnBaseStrengthYTD_Price | Q2: V_MenOnBaseStrengthYTD_strPrice | R2: V_MenOnBaseStrengthYTD_StrengthCategory | S2: V_SP_Strikeouts_YTD_Price | T2: V_SP_Strikeouts_YTD_strPrice | U2: V_SP_Strikeouts_YTD_StrengthCategory | V2: H_Id | W2: H_Team | X2: H_Bookie_Opening_Price | Y2: H_Bookie_Opening_Prob | Z2: H_Bookie_Bet_Price | AA2: H_Bookie_Bet_Prob | AB2: H_Bookie_Bet_DevigProb | AC2: H_SP_Id | AD2: H_SP_isNull | AE2: H_WinningForm_Price | AF2: H_MenOnBaseStrengthYTD_Price | AG2: H_MenOnBaseStrengthYTD_strPrice | AH2: H_MenOnBaseStrengthYTD_StrengthCategory | AI2: H_SP_Strikeouts_YTD_Price | AJ2: H_SP_Strikeouts_YTD_strPrice | AK2: H_SP_Strikeouts_YTD_StrengthCategory | AL2: PM150LineStat_VoterProfile | AM2: PM150LineStat_MajorityVote | AN2: PM150LineStat_NumVoters | AO2: PM150LineStat_VoteAgreement | AP2: PM150LineStat_H_Probability | AQ2: PM150LineStat_H_ProbabilityEdge | AR2: PM150LineStat_H_Price | AS2: PM150LineStat_PlayPosition | AT2: PM150LineStat_PlayStake | AU2: PM150LineStat_PlayPayoutMultiplier | AV2: PM150StatOnly_VoterProfile | AW2: PM150StatOnly_MajorityVote | AX2: PM150StatOnly_NumVoters | AY2: PM150StatOnly_VoteAgreement | AZ2: PM150StatOnly_H_Probability | BA2: PM150StatOnly_H_ProbabilityEdge | BB2: PM150StatOnly_H_Price | BC2: PM150StatOnly_PlayPosition | BD2: PM150StatOnly_PlayStake | BE2: PM150StatOnly_PlayPayoutMultiplier | BF2: Scion_Side_Play_Position | BG2: Scion_H_ProbabilityEdge | BH2: Scion_Side_Play_Stake | BI2: Scion_Side_Play_PayoutMultiplier | BJ2: Scion_Side_Stars | BK2: Scion_Side_Play_Confidence | BL2: Comments
A3: 824915 | B3: 20260606_MWK6.1_PIT@ATL_-110 | C3: 46179 | D3: 6.1 | E3: 2 | F3: 22 | G3: PIT | H3: 102 | I3: 0.5 | J3: 100 | K3: 0.5 | L3: 0.48837187 | M3: 677952 | N3: FALSE | O3: -100 | P3: -101.3 | Q3: -101.3 | R3: Average | S3: 104.8 | T3: 104.8 | U3: Average | V3: 0 | W3: ATL | X3: -112 | Y3: 0.53 | Z3: -110 | AA3: 0.52381 | AB3: 0.51162813 | AC3: 675911 | AD3: FALSE | AE3: -185.7 | AF3: -106.8 | AG3: -106.8 | AH3: Average | AI3: -104.8 | AJ3: -104.8 | AK3: Average | AL3: ["M1_V119 [0.52, 'HomFave']", "M2_V119 [0.52, 'HomFave']", "M3_V119 [0.55, 'HomFave']", "M4_V119 [0.53, 'HomFave']", "M5_V119 [0.53, 'HomFave']", "M6_V119 [0.53, 'HomFave']", "M7_V119 [0.53, 'HomFave']", "M8_V119 [0.54, 'HomFave']", "M9_V119 [0.64, 'HomFave']", "M10_V119 [0.55, 'HomFave']", "M11_V119 [0.49, 'VisDog']", "M12_V119 [0.56, 'HomFave']", "M13_V119 [0.5, 'HomFave']", "M14_V119 [0.55, 'HomFave']", "M15_V119 [0.55, 'HomFave']"] | AM3: HomFave | AN3: 15 | AO3: 0.93 | AP3: 0.53 | AQ3: 0.01837 | AR3: -112.8 | AS3: HomFave | AT3: 1 | AU3: 0.909 | AV3: ["M16_V123 [0.54, 'HomFave']", "M17_V123 [0.58, 'HomFave']", "M18_V123 [0.58, 'HomFave']", "M19_V123 [0.59, 'HomFave']", "M20_V123 [0.57, 'HomFave']", "M21_V123 [0.56, 'HomFave']", "M22_V123 [0.54, 'HomFave']", "M23_V123 [0.57, 'HomFave']", "M24_V123 [0.54, 'HomFave']", "M25_V123 [0.57, 'HomFave']", "M26_V123 [0.57, 'HomFave']", "M27_V123 [0.56, 'HomFave']", "M28_V123 [0.67, 'HomFave']", "M29_V123 [0.53, 'HomFave']", "M30_V123 [0.54, 'HomFave']", "M31_V123 [0.77, 'HomFave']", "M32_V123 [0.56, 'HomFave']", "M33_V123 [0.58, 'HomFave']", "M34_V123 [0.58, 'HomFave']", "M35_V123 [0.53, 'HomFave']", "M36_V123 [0.54, 'HomFave']", "M37_V123 [0.57, 'HomFave']", "M38_V123 [0.59, 'HomFave']", "M39_V123 [0.58, 'HomFave']", "M40_V123 [0.55, 'HomFave']", "M41_V123 [0.52, 'HomFave']", "M42_V123 [0.49, 'VisDog']", "M43_V123 [0.57, 'HomFave']", "M44_V123 [0.64, 'HomFave']", "M45_V123 [0.55, 'HomFave']", "M46_V123 [0.47, 'VisDog']", "M47_V123 [0.54, 'HomFave']", "M48_V123 [0.8, 'HomFave']", "M49_V123 [0.53, 'HomFave']", "M50_V123 [0.55, 'HomFave']", "M51_V123 [0.57, 'HomFave']", "M52_V123 [0.55, 'HomFave']", "M53_V123 [0.56, 'HomFave']", "M54_V123 [0.57, 'HomFave']", "M55_V123 [0.57, 'HomFave']", "M56_V123 [0.56, 'HomFave']"] | AW3: HomFave | AX3: 41 | AY3: 0.95 | AZ3: 0.56 | BA3: 0.04837 | BB3: -127.3 | BC3: HomFave | BD3: 1 | BE3: 0.909 | BF3: HomFave | BG3: 0.01837 | BH3: 0 | BI3: 0 | BJ3: 1 | BK3: 0.93 | BL3: 824915. Play determined by LineStatEns and StatOnlyEns agreement.
A4: 825075 | B4: 20260606_MWK6.1_WAS@ARZ_-155 | C4: 46179 | D4: 6.1 | E4: 2 | F4: 16 | G4: WAS | H4: 133 | I4: 0.43 | J4: 140 | K4: 0.416667 | L4: 0.40669881 | M4: 641793 | N4: FALSE | O4: -122.2 | P4: 113.1 | Q4: 113.1 | R4: Weak | S4: 137.5 | T4: 137.5 | U4: Weak | V4: 1 | W4: ARZ | X4: -147 | Y4: 0.6 | Z4: -155 | AA4: 0.607843 | AB4: 0.59330119 | AC4: 593958 | AD4: FALSE | AE4: -150 | AF4: 102.9 | AG4: 102.9 | AH4: Average | AI4: -137.5 | AJ4: -137.5 # | AK4: Strong | AL4: ["M1_V119 [0.6, 'HomFave']", "M2_V119 [0.55, 'HomFave']", "M3_V119 [0.54, 'HomFave']", "M4_V119 [0.6, 'HomFave']", "M5_V119 [0.6, 'HomFave']", "M6_V119 [0.58, 'HomFave']", "M7_V119 [0.55, 'HomFave']", "M8_V119 [0.55, 'HomFave']", "M9_V119 [0.43, 'VisDog']", "M10_V119 [0.45, 'VisDog']", "M11_V119 [0.5, 'HomFave']", "M12_V119 [0.54, 'HomFave']", "M13_V119 [0.56, 'HomFave']", "M14_V119 [0.57, 'HomFave']", "M15_V119 [0.5, 'HomFave']"] | AM4: HomFave | AN4: 15 | AO4: 0.87 | AP4: 0.55 | AQ4: -0.0433 | AR4: -122.2 | AS4: HomFave | AT4: 0 | AU4: 0 | AV4: ["M16_V123 [0.52, 'HomFave']", "M17_V123 [0.53, 'HomFave']", "M18_V123 [0.57, 'HomFave']", "M19_V123 [0.55, 'HomFave']", "M20_V123 [0.55, 'HomFave']", "M21_V123 [0.56, 'HomFave']", "M22_V123 [0.55, 'HomFave']", "M23_V123 [0.53, 'HomFave']", "M24_V123 [0.55, 'HomFave']", "M25_V123 [0.54, 'HomFave']", "M26_V123 [0.56, 'HomFave']", "M27_V123 [0.56, 'HomFave']", "M28_V123 [0.51, 'HomFave']", "M29_V123 [0.57, 'HomFave']", "M30_V123 [0.55, 'HomFave']", "M31_V123 [0.52, 'HomFave']", "M32_V123 [0.54, 'HomFave']", "M33_V123 [0.58, 'HomFave']", "M34_V123 [0.56, 'HomFave']", "M35_V123 [0.49, 'VisDog']", "M36_V123 [0.54, 'HomFave']", "M37_V123 [0.56, 'HomFave']", "M38_V123 [0.56, 'HomFave']", "M39_V123 [0.52, 'HomFave']", "M40_V123 [0.56, 'HomFave']", "M41_V123 [0.54, 'HomFave']", "M42_V123 [0.51, 'HomFave']", "M43_V123 [0.53, 'HomFave']", "M44_V123 [0.6, 'HomFave']", "M45_V123 [0.56, 'HomFave']", "M46_V123 [0.54, 'HomFave']", "M47_V123 [0.57, 'HomFave']", "M48_V123 [0.55, 'HomFave']", "M49_V123 [0.53, 'HomFave']", "M50_V123 [0.54, 'HomFave']", "M51_V123 [0.56, 'HomFave']", "M52_V123 [0.55, 'HomFave']", "M53_V123 [0.52, 'HomFave']", "M54_V123 [0.54, 'HomFave']", "M55_V123 [0.55, 'HomFave']", "M56_V123 [0.5, 'HomFave']"] | AW4: HomFave | AX4: 41 | AY4: 0.98 | AZ4: 0.55 | BA4: -0.0433 | BB4: -122.2 | BC4: HomFave | BD4: 0 | BE4: 0 | BF4: No Play | BG4: 0 | BH4: 0 | BI4: 0 | BJ4: 0 | BK4: 0 | BL4: 825075. LineStatEns is NoPlay as bookie-line outside range. StatOnlyEns is NoPlay as bookie-line outside range. No play due to strategy constraints.
A5: 824669 | B5: 20260606_MWK6.1_SF@CHC_-140 | C5: 46179 | D5: 6.1 | E5: 2 | F5: 25 | G5: SF | H5: 136 | I5: 0.42 | J5: 127 | K5: 0.440529 | L5: 0.43026209 | M5: 694738 | N5: FALSE | O5: 150 | P5: 106.1 | Q5: 106.1 | R5: Average | S5: 103.1 | T5: 103.1 | U5: Average | V5: 5 | W5: CHC | X5: -150 | Y5: 0.6 | Z5: -140 | AA5: 0.583333 | AB5: 0.56973791 | AC5: 676962 | AD5: FALSE | AE5: 300 | AF5: -110.5 | AG5: -110.5 # | AH5: Strong | AI5: -103.1 | AJ5: -103.1 | AK5: Average | AL5: ["M1_V119 [0.54, 'HomFave']", "M2_V119 [0.54, 'HomFave']", "M3_V119 [0.54, 'HomFave']", "M4_V119 [0.54, 'HomFave']", "M5_V119 [0.54, 'HomFave']", "M6_V119 [0.51, 'HomFave']", "M7_V119 [0.54, 'HomFave']", "M8_V119 [0.54, 'HomFave']", "M9_V119 [0.53, 'HomFave']", "M10_V119 [0.53, 'HomFave']", "M11_V119 [0.55, 'HomFave']", "M12_V119 [0.56, 'HomFave']", "M13_V119 [0.52, 'HomFave']", "M14_V119 [0.57, 'HomFave']", "M15_V119 [0.49, 'VisDog']"] | AM5: HomFave | AN5: 15 | AO5: 0.93 | AP5: 0.54 | AQ5: -0.02974 | AR5: -117.4 | AS5: HomFave | AT5: 0 | AU5: 0 | AV5: ["M16_V123 [0.54, 'HomFave']", "M17_V123 [0.56, 'HomFave']", "M18_V123 [0.52, 'HomFave']", "M19_V123 [0.51, 'HomFave']", "M20_V123 [0.54, 'HomFave']", "M21_V123 [0.53, 'HomFave']", "M22_V123 [0.52, 'HomFave']", "M23_V123 [0.55, 'HomFave']", "M24_V123 [0.52, 'HomFave']", "M25_V123 [0.52, 'HomFave']", "M26_V123 [0.52, 'HomFave']", "M27_V123 [0.5, 'HomFave']", "M28_V123 [0.52, 'HomFave']", "M29_V123 [0.55, 'HomFave']", "M30_V123 [0.51, 'HomFave']", "M31_V123 [0.75, 'HomFave']", "M32_V123 [0.5, 'HomFave']", "M33_V123 [0.54, 'HomFave']", "M34_V123 [0.53, 'HomFave']", "M35_V123 [0.47, 'VisDog']", "M36_V123 [0.5, 'HomFave']", "M37_V123 [0.53, 'HomFave']", "M38_V123 [0.56, 'HomFave']", "M39_V123 [0.48, 'VisDog']", "M40_V123 [0.5, 'HomFave']", "M41_V123 [0.51, 'HomFave']", "M42_V123 [0.48, 'VisDog']", "M43_V123 [0.51, 'HomFave']", "M44_V123 [0.5, 'HomFave']", "M45_V123 [0.5, 'HomFave']", "M46_V123 [0.54, 'HomFave']", "M47_V123 [0.55, 'HomFave']", "M48_V123 [0.41, 'VisDog']", "M49_V123 [0.55, 'HomFave']", "M50_V123 [0.53, 'HomFave']", "M51_V123 [0.56, 'HomFave']", "M52_V123 [0.53, 'HomFave']", "M53_V123 [0.49, 'VisDog']", "M54_V123 [0.53, 'HomFave']", "M55_V123 [0.52, 'HomFave']", "M56_V123 [0.51, 'HomFave']"] | AW5: HomFave | AX5: 41 | AY5: 0.88 | AZ5: 0.52 | BA5: -0.04974 | BB5: -108.3 | BC5: HomFave | BD5: 0 | BE5: 0 | BF5: No Play | BG5: 0 | BH5: 0 | BI5: 0 | BJ5: 0 | BK5: 0 | BL5: 824669. LineStatEns probability points gap does not exceed threshold (no edge found)! StatOnlyEns probability points gap does not exceed threshold (no edge found)! No play due to strategy constraints.
A6: 824351 | B6: 20260606_MWK6.1_MLW@COL_214 | C6: 46179 | D6: 6.1 | E6: 2 | F6: 17 | G6: MLW | H6: -260 | I6: 0.72 | J6: -240 | K6: 0.705882 | L6: 0.68910034 | M6: 694819 | N6: FALSE | O6: -233.3 | P6: -117.1 | Q6: -117.1 # | R6: Strong | S6: -190 | T6: -190.0 # | U6: Strong | V6: 8 | W6: COL | X6: 231 | Y6: 0.3 | Z6: 214 | AA6: 0.318471 | AB6: 0.31089966 | AC6: 688642 | AD6: FALSE | AE6: 185.7 | AF6: 128.9 | AG6: 128.9 | AH6: Extremely Weak | AI6: 190 | AJ6: 190 | AK6: Weak | AL6: ["M1_V119 [0.49, 'VisFave']", "M2_V119 [0.47, 'VisFave']", "M3_V119 [0.46, 'VisFave']", "M4_V119 [0.39, 'VisFave']", "M5_V119 [0.39, 'VisFave']", "M6_V119 [0.41, 'VisFave']", "M7_V119 [0.46, 'VisFave']", "M8_V119 [0.42, 'VisFave']", "M9_V119 [0.37, 'VisFave']", "M10_V119 [0.35, 'VisFave']", "M11_V119 [0.55, 'HomDog']", "M12_V119 [0.35, 'VisFave']", "M13_V119 [0.41, 'VisFave']", "M14_V119 [0.46, 'VisFave']", "M15_V119 [0.37, 'VisFave']"] | AM6: VisFave | AN6: 15 | AO6: 0.93 | AP6: 0.41 | AQ6: 0.0991 | AR6: 143.9 | AS6: VisFave | AT6: 0 | AU6: 0 | AV6: ["M16_V123 [0.41, 'VisFave']", "M17_V123 [0.44, 'VisFave']", "M18_V123 [0.47, 'VisFave']", "M19_V123 [0.44, 'VisFave']", "M20_V123 [0.43, 'VisFave']", "M21_V123 [0.47, 'VisFave']", "M22_V123 [0.42, 'VisFave']", "M23_V123 [0.46, 'VisFave']", "M24_V123 [0.45, 'VisFave']", "M25_V123 [0.43, 'VisFave']", "M26_V123 [0.44, 'VisFave']", "M27_V123 [0.41, 'VisFave']", "M28_V123 [0.38, 'VisFave']", "M29_V123 [0.43, 'VisFave']", "M30_V123 [0.43, 'VisFave']", "M31_V123 [0.23, 'VisFave']", "M32_V123 [0.45, 'VisFave']", "M33_V123 [0.45, 'VisFave']", "M34_V123 [0.43, 'VisFave']", "M35_V123 [0.42, 'VisFave']", "M36_V123 [0.42, 'VisFave']", "M37_V123 [0.45, 'VisFave']", "M38_V123 [0.42, 'VisFave']", "M39_V123 [0.42, 'VisFave']", "M40_V123 [0.42, 'VisFave']", "M41_V123 [0.43, 'VisFave']", "M42_V123 [0.48, 'VisFave']", "M43_V123 [0.41, 'VisFave']", "M44_V123 [0.4, 'VisFave']", "M45_V123 [0.45, 'VisFave']", "M46_V123 [0.41, 'VisFave']", "M47_V123 [0.44, 'VisFave']", "M48_V123 [0.32, 'VisFave']", "M49_V123 [0.52, 'HomDog']", "M50_V123 [0.43, 'VisFave']", "M51_V123 [0.47, 'VisFave']", "M52_V123 [0.47, 'VisFave']", "M53_V123 [0.42, 'VisFave']", "M54_V123 [0.42, 'VisFave']", "M55_V123 [0.43, 'VisFave']", "M56_V123 [0.43, 'VisFave']"] | AW6: VisFave | AX6: 41 | AY6: 0.98 | AZ6: 0.43 | BA6: 0.1191 | BB6: 132.6 | BC6: VisFave | BD6: 0 | BE6: 0 | BF6: No Play | BG6: 0 | BH6: 0 | BI6: 0 | BJ6: 0 | BK6: 0 | BL6: 824351. LineStatEns is NoPlay as bookie-line outside range. StatOnlyEns is NoPlay as bookie-line outside range. No play due to strategy constraints.
A7: 824269 | B7: 20260606_MWK6.1_SEA@DET_116 | C7: 46179 | D7: 6.1 | E7: 2 | F7: 24 | G7: SEA | H7: -123 | I7: 0.55 | J7: -128 | K7: 0.561404 | L7: 0.54804967 | M7: 682243 | N7: FALSE | O7: -150 | P7: -110.4 | Q7: -110.4 | R7: Average | S7: -101.7 | T7: -101.7 | U7: Average | V7: 10 | W7: DET | X7: 112 | Y7: 0.47 | Z7: 116 | AA7: 0.462963 | AB7: 0.45195033 | AC7: 672456 | AD7: FALSE | AE7: 185.7 | AF7: -101.2 | AG7: -101.2 | AH7: Average | AI7: 101.7 | AJ7: 101.7 | AK7: Average | AL7: ["M1_V119 [0.42, 'VisFave']", "M2_V119 [0.46, 'VisFave']", "M3_V119 [0.42, 'VisFave']", "M4_V119 [0.41, 'VisFave']", "M5_V119 [0.41, 'VisFave']", "M6_V119 [0.42, 'VisFave']", "M7_V119 [0.44, 'VisFave']", "M8_V119 [0.44, 'VisFave']", "M9_V119 [0.5, 'HomDog']", "M10_V119 [0.55, 'HomDog']", "M11_V119 [0.53, 'HomDog']", "M12_V119 [0.35, 'VisFave']", "M13_V119 [0.41, 'VisFave']", "M14_V119 [0.46, 'VisFave']", "M15_V119 [0.4, 'VisFave']"] | AM7: VisFave | AN7: 15 | AO7: 0.8 | AP7: 0.42 | AQ7: -0.03195 | AR7: 138.1 | AS7: VisFave | AT7: 0 | AU7: 0 | AV7: ["M16_V123 [0.48, 'VisFave']", "M17_V123 [0.44, 'VisFave']", "M18_V123 [0.48, 'VisFave']", "M19_V123 [0.46, 'VisFave']", "M20_V123 [0.46, 'VisFave']", "M21_V123 [0.47, 'VisFave']", "M22_V123 [0.47, 'VisFave']", "M23_V123 [0.41, 'VisFave']", "M24_V123 [0.46, 'VisFave']", "M25_V123 [0.48, 'VisFave']", "M26_V123 [0.47, 'VisFave']", "M27_V123 [0.44, 'VisFave']", "M28_V123 [0.46, 'VisFave']", "M29_V123 [0.45, 'VisFave']", "M30_V123 [0.45, 'VisFave']", "M31_V123 [0.26, 'VisFave']", "M32_V123 [0.44, 'VisFave']", "M33_V123 [0.45, 'VisFave']", "M34_V123 [0.48, 'VisFave']", "M35_V123 [0.43, 'VisFave']", "M36_V123 [0.42, 'VisFave']", "M37_V123 [0.44, 'VisFave']", "M38_V123 [0.46, 'VisFave']", "M39_V123 [0.42, 'VisFave']", "M40_V123 [0.45, 'VisFave']", "M41_V123 [0.46, 'VisFave']", "M42_V123 [0.5, 'HomDog']", "M43_V123 [0.46, 'VisFave']", "M44_V123 [0.44, 'VisFave']", "M45_V123 [0.45, 'VisFave']", "M46_V123 [0.42, 'VisFave']", "M47_V123 [0.46, 'VisFave']", "M48_V123 [0.47, 'VisFave']", "M49_V123 [0.49, 'VisFave']", "M50_V123 [0.45, 'VisFave']", "M51_V123 [0.44, 'VisFave']", "M52_V123 [0.45, 'VisFave']", "M53_V123 [0.44, 'VisFave']", "M54_V123 [0.46, 'VisFave']", "M55_V123 [0.45, 'VisFave']", "M56_V123 [0.36, 'VisFave']"] | AW7: VisFave | AX7: 41 | AY7: 0.98 | AZ7: 0.45 | BA7: -0.00195 | BB7: 122.2 | BC7: VisFave | BD7: 0 | BE7: 0 | BF7: No Play | BG7: 0 | BH7: 0 | BI7: 0 | BJ7: 0 | BK7: 0 | BL7: 824269. VF plays are disallowed. No play due to strategy constraints.
